Date,Category,City,Units_Sold,Unit_Price,Revenue,Customer_Count,Avg_Customer_Age,Promotion,Month,Weekday,Weekday_Num,Is_Weekend,Promotion_Label
2024-01-01,Electronics,Hyderabad,15,238.87,3583.05,10,25.1,0,1,Monday,0,0,No Promotion
2024-01-01,Clothing,Mumbai,38,43.6,1656.8,25,38.6,0,1,Monday,0,0,No Promotion
2024-01-01,Groceries,Hyderabad,100,11.98,1198.0,53,21.6,0,1,Monday,0,0,No Promotion
2024-01-01,Furniture,Chennai,0,380.49,0.0,1,22.3,0,1,Monday,0,0,No Promotion
2024-01-01,Toys,Hyderabad,22,29.72,653.8399999999999,13,29.6,0,1,Monday,0,0,No Promotion
2024-01-02,Electronics,Chennai,11,237.77,2615.4700000000003,5,45.6,0,1,Tuesday,1,0,No Promotion
2024-01-02,Clothing,Hyderabad,31,46.99,1456.69,24,33.9,0,1,Tuesday,1,0,No Promotion
2024-01-02,Groceries,Hyderabad,99,12.05,1192.95,46,19.5,0,1,Tuesday,1,0,No Promotion
2024-01-02,Furniture,Mumbai,6,367.81,2206.86,4,42.6,0,1,Tuesday,1,0,No Promotion
2024-01-02,Toys,Mumbai,23,29.72,683.56,10,34.3,0,1,Tuesday,1,0,No Promotion
2024-01-03,Electronics,Bengaluru,16,252.54,4040.64,8,36.3,0,1,Wednesday,2,0,No Promotion
2024-01-03,Clothing,Bengaluru,31,47.02,1457.6200000000001,13,21.8,0,1,Wednesday,2,0,No Promotion
2024-01-03,Groceries,Hyderabad,94,10.8,1015.2,46,34.0,0,1,Wednesday,2,0,No Promotion
2024-01-03,Furniture,Hyderabad,5,373.0,1865.0,4,50.2,0,1,Wednesday,2,0,No Promotion
2024-01-03,Toys,Bengaluru,19,30.53,580.07,8,33.0,0,1,Wednesday,2,0,No Promotion
2024-01-04,Electronics,Bengaluru,18,258.16,4646.88,8,41.7,0,1,Thursday,3,0,No Promotion
2024-01-04,Clothing,Hyderabad,36,44.99,1619.64,32,22.1,0,1,Thursday,3,0,No Promotion
2024-01-04,Groceries,Mumbai,75,11.82,886.5,44,36.6,0,1,Thursday,3,0,No Promotion
2024-01-04,Furniture,Hyderabad,4,368.15,1472.6,2,39.9,0,1,Thursday,3,0,No Promotion
2024-01-04,Toys,Bengaluru,23,30.78,707.94,10,34.2,0,1,Thursday,3,0,No Promotion
2024-01-05,Electronics,Hyderabad,14,239.28,3349.92,6,36.9,0,1,Friday,4,0,No Promotion
2024-01-05,Clothing,Chennai,31,40.51,1255.81,22,38.6,0,1,Friday,4,0,No Promotion
2024-01-05,Groceries,Hyderabad,79,10.95,865.05,33,26.5,0,1,Friday,4,0,No Promotion
2024-01-05,Furniture,Delhi,1,403.73,403.73,1,34.3,0,1,Friday,4,0,No Promotion
2024-01-05,Toys,Hyderabad,20,28.54,570.8,10,29.6,0,1,Friday,4,0,No Promotion
2024-01-06,Electronics,Hyderabad,14,265.71,3719.9399999999996,8,44.7,0,1,Saturday,5,1,No Promotion
2024-01-06,Clothing,Delhi,41,44.26,1814.6599999999999,19,35.1,0,1,Saturday,5,1,No Promotion
2024-01-06,Groceries,Delhi,119,11.52,1370.8799999999999,85,28.3,0,1,Saturday,5,1,No Promotion
2024-01-06,Furniture,Delhi,7,406.74,2847.1800000000003,4,32.9,0,1,Saturday,5,1,No Promotion
2024-01-06,Toys,Delhi,23,29.96,689.08,12,27.5,0,1,Saturday,5,1,No Promotion
2024-01-07,Electronics,Hyderabad,24,236.15,5667.6,11,48.4,1,1,Sunday,6,1,Promotion
2024-01-07,Clothing,Hyderabad,59,44.01,2596.5899999999997,25,41.3,1,1,Sunday,6,1,Promotion
2024-01-07,Groceries,Hyderabad,166,12.01,1993.6599999999999,115,41.8,1,1,Sunday,6,1,Promotion
2024-01-07,Furniture,Bengaluru,4,398.04,1592.16,2,33.6,1,1,Sunday,6,1,Promotion
2024-01-07,Toys,Delhi,41,31.25,1281.25,18,30.4,1,1,Sunday,6,1,Promotion
2024-01-08,Electronics,Chennai,18,260.92,4696.56,7,49.8,0,1,Monday,0,0,No Promotion
2024-01-08,Clothing,Mumbai,24,46.84,1124.16,19,34.9,0,1,Monday,0,0,No Promotion
2024-01-08,Groceries,Chennai,76,12.16,924.16,59,32.5,0,1,Monday,0,0,No Promotion
2024-01-08,Furniture,Chennai,3,351.24,1053.72,2,25.3,0,1,Monday,0,0,No Promotion
2024-01-08,Toys,Mumbai,22,30.61,673.42,10,28.4,0,1,Monday,0,0,No Promotion
2024-01-09,Electronics,Chennai,14,240.21,3362.94,12,38.4,0,1,Tuesday,1,0,No Promotion
2024-01-09,Clothing,Delhi,31,44.8,1388.8,21,20.5,0,1,Tuesday,1,0,No Promotion
2024-01-09,Groceries,Chennai,99,11.95,1183.05,77,32.1,0,1,Tuesday,1,0,No Promotion
2024-01-09,Furniture,Hyderabad,0,366.85,0.0,1,2.5,0,1,Tuesday,1,0,No Promotion
2024-01-09,Toys,Mumbai,24,30.07,721.6800000000001,13,25.6,0,1,Tuesday,1,0,No Promotion
2024-01-10,Electronics,Mumbai,15,250.48,3757.2,12,40.5,0,1,Wednesday,2,0,No Promotion
2024-01-10,Clothing,Mumbai,32,46.15,1476.8,16,45.9,0,1,Wednesday,2,0,No Promotion
2024-01-10,Groceries,Bengaluru,101,11.21,1132.21,82,49.6,0,1,Wednesday,2,0,No Promotion
2024-01-10,Furniture,Delhi,7,387.19,2710.33,4,37.5,0,1,Wednesday,2,0,No Promotion
2024-01-10,Toys,Bengaluru,18,29.6,532.8000000000001,10,46.9,0,1,Wednesday,2,0,No Promotion
2024-01-11,Electronics,Bengaluru,20,243.06,4861.2,10,16.8,0,1,Thursday,3,0,No Promotion
2024-01-11,Clothing,Hyderabad,41,46.51,1906.9099999999999,25,37.2,0,1,Thursday,3,0,No Promotion
2024-01-11,Groceries,Mumbai,99,12.03,1190.97,47,40.6,0,1,Thursday,3,0,No Promotion
2024-01-11,Furniture,Delhi,3,410.45,1231.35,2,35.7,0,1,Thursday,3,0,No Promotion
2024-01-11,Toys,Delhi,17,29.9,508.29999999999995,8,31.1,0,1,Thursday,3,0,No Promotion
2024-01-12,Electronics,Delhi,11,247.06,2717.66,5,43.8,0,1,Friday,4,0,No Promotion
2024-01-12,Clothing,Bengaluru,33,48.43,1598.19,26,41.0,0,1,Friday,4,0,No Promotion
2024-01-12,Groceries,Bengaluru,105,11.4,1197.0,44,55.2,0,1,Friday,4,0,No Promotion
2024-01-12,Furniture,Delhi,4,360.15,1440.6,3,22.5,0,1,Friday,4,0,No Promotion
2024-01-12,Toys,Delhi,22,31.62,695.64,9,37.6,0,1,Friday,4,0,No Promotion
2024-01-13,Electronics,Hyderabad,23,242.59,5579.57,18,28.5,0,1,Saturday,5,1,No Promotion
2024-01-13,Clothing,Bengaluru,53,42.88,2272.6400000000003,30,30.0,0,1,Saturday,5,1,No Promotion
2024-01-13,Groceries,Chennai,132,12.13,1601.16,88,32.0,0,1,Saturday,5,1,No Promotion
2024-01-13,Furniture,Chennai,6,389.57,2337.42,3,40.9,0,1,Saturday,5,1,No Promotion
2024-01-13,Toys,Chennai,22,30.58,672.76,9,20.9,0,1,Saturday,5,1,No Promotion
2024-01-14,Electronics,Hyderabad,14,245.36,3435.04,12,41.4,0,1,Sunday,6,1,No Promotion
2024-01-14,Clothing,Mumbai,55,43.25,2378.75,31,34.4,0,1,Sunday,6,1,No Promotion
2024-01-14,Groceries,Chennai,111,11.31,1255.41,48,45.6,0,1,Sunday,6,1,No Promotion
2024-01-14,Furniture,Delhi,6,389.78,2338.68,3,31.1,0,1,Sunday,6,1,No Promotion
2024-01-14,Toys,Hyderabad,18,31.19,561.4200000000001,14,37.2,0,1,Sunday,6,1,No Promotion
2024-01-15,Electronics,Bengaluru,14,252.19,3530.66,9,31.2,1,1,Monday,0,0,Promotion
2024-01-15,Clothing,Chennai,44,42.91,1888.04,26,39.6,1,1,Monday,0,0,Promotion
2024-01-15,Groceries,Bengaluru,111,12.36,1371.96,80,31.2,1,1,Monday,0,0,Promotion
2024-01-15,Furniture,Chennai,14,376.67,5273.38,6,28.5,1,1,Monday,0,0,Promotion
2024-01-15,Toys,Hyderabad,24,29.43,706.3199999999999,11,22.5,1,1,Monday,0,0,Promotion
2024-01-16,Electronics,Bengaluru,12,244.26,2931.12,6,29.6,0,1,Tuesday,1,0,No Promotion
2024-01-16,Clothing,Bengaluru,30,42.69,1280.6999999999998,22,34.5,0,1,Tuesday,1,0,No Promotion
2024-01-16,Groceries,Mumbai,84,11.61,975.24,45,43.5,0,1,Tuesday,1,0,No Promotion
2024-01-16,Furniture,Bengaluru,9,365.18,3286.62,4,32.7,0,1,Tuesday,1,0,No Promotion
2024-01-16,Toys,Bengaluru,22,30.9,679.8,13,24.1,0,1,Tuesday,1,0,No Promotion
2024-01-17,Electronics,Mumbai,18,238.67,4296.0599999999995,11,17.8,0,1,Wednesday,2,0,No Promotion
2024-01-17,Clothing,Chennai,24,44.87,1076.8799999999999,10,19.8,0,1,Wednesday,2,0,No Promotion
2024-01-17,Groceries,Mumbai,87,11.32,984.84,45,26.9,0,1,Wednesday,2,0,No Promotion
2024-01-17,Furniture,Mumbai,3,388.22,1164.66,1,18.8,0,1,Wednesday,2,0,No Promotion
2024-01-17,Toys,Hyderabad,13,32.79,426.27,5,37.4,0,1,Wednesday,2,0,No Promotion
2024-01-18,Electronics,Delhi,21,237.01,4977.21,17,24.9,0,1,Thursday,3,0,No Promotion
2024-01-18,Clothing,Hyderabad,31,46.85,1452.3500000000001,14,21.1,0,1,Thursday,3,0,No Promotion
2024-01-18,Groceries,Chennai,111,12.32,1367.52,80,45.4,0,1,Thursday,3,0,No Promotion
2024-01-18,Furniture,Bengaluru,4,351.38,1405.52,2,48.9,0,1,Thursday,3,0,No Promotion
2024-01-18,Toys,Bengaluru,18,27.16,488.88,9,34.7,0,1,Thursday,3,0,No Promotion
2024-01-19,Electronics,Mumbai,12,249.17,2990.04,6,47.9,0,1,Friday,4,0,No Promotion
2024-01-19,Clothing,Hyderabad,31,44.85,1390.3500000000001,26,27.6,0,1,Friday,4,0,No Promotion
2024-01-19,Groceries,Chennai,99,12.36,1223.6399999999999,77,34.5,0,1,Friday,4,0,No Promotion
2024-01-19,Furniture,Chennai,2,375.49,750.98,1,37.3,0,1,Friday,4,0,No Promotion
2024-01-19,Toys,Mumbai,17,30.1,511.70000000000005,10,28.8,0,1,Friday,4,0,No Promotion
2024-01-20,Electronics,Mumbai,20,248.02,4960.400000000001,15,34.75,0,1,Saturday,5,1,No Promotion
2024-01-20,Clothing,Hyderabad,37,43.76,1619.12,28,23.0,0,1,Saturday,5,1,No Promotion
2024-01-20,Groceries,Mumbai,130,11.74,1526.2,96,18.4,0,1,Saturday,5,1,No Promotion
2024-01-20,Furniture,Delhi,8,385.38,3083.04,6,28.5,0,1,Saturday,5,1,No Promotion
2024-01-20,Toys,Hyderabad,30,30.31,909.3,15,40.4,0,1,Saturday,5,1,No Promotion
2024-01-21,Electronics,Hyderabad,22,230.53,5071.66,14,33.5,0,1,Sunday,6,1,No Promotion
2024-01-21,Clothing,Hyderabad,40,42.08,1683.1999999999998,20,47.7,0,1,Sunday,6,1,No Promotion
2024-01-21,Groceries,Delhi,124,13.05,1618.2,79,34.0,0,1,Sunday,6,1,No Promotion
2024-01-21,Furniture,Mumbai,3,388.08,1164.24,1,36.1,0,1,Sunday,6,1,No Promotion
2024-01-21,Toys,Hyderabad,28,29.92,837.76,21,40.8,0,1,Sunday,6,1,No Promotion
2024-01-22,Electronics,Bengaluru,16,237.47,3799.52,7,40.8,0,1,Monday,0,0,No Promotion
2024-01-22,Clothing,Mumbai,35,41.18,1441.3,27,29.0,0,1,Monday,0,0,No Promotion
2024-01-22,Groceries,Chennai,74,12.54,927.9599999999999,50,29.0,0,1,Monday,0,0,No Promotion
2024-01-22,Furniture,Bengaluru,7,327.55,2292.85,4,40.4,0,1,Monday,0,0,No Promotion
2024-01-22,Toys,Bengaluru,29,30.47,883.63,13,42.9,0,1,Monday,0,0,No Promotion
2024-01-23,Electronics,Hyderabad,18,274.47,4940.460000000001,12,34.5,0,1,Tuesday,1,0,No Promotion
2024-01-23,Clothing,Chennai,40,48.31,1932.4,19,33.1,0,1,Tuesday,1,0,No Promotion
2024-01-23,Groceries,Bengaluru,103,12.63,1300.89,74,25.8,0,1,Tuesday,1,0,No Promotion
2024-01-23,Furniture,Delhi,0,399.73,0.0,1,39.9,0,1,Tuesday,1,0,No Promotion
2024-01-23,Toys,Chennai,23,29.64,681.72,17,25.9,0,1,Tuesday,1,0,No Promotion
2024-01-24,Electronics,Bengaluru,16,253.25,4052.0,8,35.7,0,1,Wednesday,2,0,No Promotion
2024-01-24,Clothing,Bengaluru,36,43.58,1568.8799999999999,30,47.1,0,1,Wednesday,2,0,No Promotion
2024-01-24,Groceries,Hyderabad,128,12.13,1552.64,79,33.8,0,1,Wednesday,2,0,No Promotion
2024-01-24,Furniture,Chennai,5,388.58,1942.8999999999999,3,18.5,0,1,Wednesday,2,0,No Promotion
2024-01-24,Toys,Hyderabad,21,29.79,625.59,16,41.2,0,1,Wednesday,2,0,No Promotion
2024-01-25,Electronics,Chennai,14,245.48,3436.72,9,46.3,0,1,Thursday,3,0,No Promotion
2024-01-25,Clothing,Chennai,30,44.5,1335.0,22,19.0,0,1,Thursday,3,0,No Promotion
2024-01-25,Groceries,Hyderabad,89,13.52,1203.28,40,33.9,0,1,Thursday,3,0,No Promotion
2024-01-25,Furniture,Bengaluru,6,373.04,2238.2400000000002,4,39.9,0,1,Thursday,3,0,No Promotion
2024-01-25,Toys,Chennai,22,32.89,723.58,10,40.7,0,1,Thursday,3,0,No Promotion
2024-01-26,Electronics,Mumbai,16,247.57,3961.12,14,41.8,0,1,Friday,4,0,No Promotion
2024-01-26,Clothing,Mumbai,28,45.83,1283.24,23,31.7,0,1,Friday,4,0,No Promotion
2024-01-26,Groceries,Bengaluru,92,12.73,1171.16,71,46.1,0,1,Friday,4,0,No Promotion
2024-01-26,Furniture,Hyderabad,6,345.75,2074.5,3,22.9,0,1,Friday,4,0,No Promotion
2024-01-26,Toys,Chennai,16,30.51,488.16,9,38.0,0,1,Friday,4,0,No Promotion
2024-01-27,Electronics,Hyderabad,18,243.25,4378.5,15,18.2,0,1,Saturday,5,1,No Promotion
2024-01-27,Clothing,Mumbai,58,47.97,2782.2599999999998,39,28.2,0,1,Saturday,5,1,No Promotion
2024-01-27,Groceries,Hyderabad,151,11.96,1805.96,91,35.9,0,1,Saturday,5,1,No Promotion
2024-01-27,Furniture,Bengaluru,3,372.9,1118.6999999999998,1,34.3,0,1,Saturday,5,1,No Promotion
2024-01-27,Toys,Bengaluru,28,31.06,869.68,12,32.9,0,1,Saturday,5,1,No Promotion
2024-01-28,Electronics,Chennai,24,241.53,5796.72,19,29.8,0,1,Sunday,6,1,No Promotion
2024-01-28,Clothing,Delhi,45,43.49,1957.0500000000002,19,41.6,0,1,Sunday,6,1,No Promotion
2024-01-28,Groceries,Hyderabad,146,12.45,1817.6999999999998,84,28.3,0,1,Sunday,6,1,No Promotion
2024-01-28,Furniture,Delhi,4,340.54,1362.16,3,20.0,0,1,Sunday,6,1,No Promotion
2024-01-28,Toys,Bengaluru,29,32.38,939.0200000000001,20,19.7,0,1,Sunday,6,1,No Promotion
2024-01-29,Electronics,Bengaluru,10,255.44,2554.4,6,15.2,0,1,Monday,0,0,No Promotion
2024-01-29,Clothing,Bengaluru,35,45.24,1583.4,30,35.4,0,1,Monday,0,0,No Promotion
2024-01-29,Groceries,Bengaluru,120,12.24,1468.8,84,20.4,0,1,Monday,0,0,No Promotion
2024-01-29,Furniture,Delhi,6,354.18,2125.08,4,36.0,0,1,Monday,0,0,No Promotion
2024-01-29,Toys,Bengaluru,13,29.58,384.53999999999996,6,27.8,0,1,Monday,0,0,No Promotion
2024-01-30,Electronics,Chennai,20,249.52,4990.400000000001,13,60.7,1,1,Tuesday,1,0,Promotion
2024-01-30,Clothing,Delhi,39,43.11,1681.29,32,23.5,1,1,Tuesday,1,0,Promotion
2024-01-30,Groceries,Delhi,136,11.43,1554.48,91,14.0,1,1,Tuesday,1,0,Promotion
2024-01-30,Furniture,Delhi,5,382.82,1914.1,3,17.3,1,1,Tuesday,1,0,Promotion
2024-01-30,Toys,Chennai,33,29.88,986.04,29,41.3,1,1,Tuesday,1,0,Promotion
2024-01-31,Electronics,Hyderabad,16,268.1,4289.6,14,46.6,1,1,Wednesday,2,0,Promotion
2024-01-31,Clothing,Bengaluru,50,44.65,2232.5,35,42.7,1,1,Wednesday,2,0,Promotion
2024-01-31,Groceries,Hyderabad,131,12.2,1598.1999999999998,85,30.1,1,1,Wednesday,2,0,Promotion
2024-01-31,Furniture,Delhi,7,382.08,2674.56,6,38.2,1,1,Wednesday,2,0,Promotion
2024-01-31,Toys,Bengaluru,29,31.3,907.7,24,42.7,1,1,Wednesday,2,0,Promotion
2024-02-01,Electronics,Chennai,19,248.61,4723.59,10,42.4,0,2,Thursday,3,0,No Promotion
2024-02-01,Clothing,Delhi,39,44.37,1730.4299999999998,35,33.7,0,2,Thursday,3,0,No Promotion
2024-02-01,Groceries,Mumbai,124,11.42,1416.08,56,41.6,0,2,Thursday,3,0,No Promotion
2024-02-01,Furniture,Hyderabad,6,359.86,2159.16,2,58.1,0,2,Thursday,3,0,No Promotion
2024-02-01,Toys,Hyderabad,27,30.18,814.86,24,50.5,0,2,Thursday,3,0,No Promotion
2024-02-02,Electronics,Chennai,20,267.61,5352.200000000001,8,28.3,0,2,Friday,4,0,No Promotion
2024-02-02,Clothing,Delhi,44,46.1,2028.4,38,13.7,0,2,Friday,4,0,No Promotion
2024-02-02,Groceries,Hyderabad,137,12.09,1656.33,76,45.4,0,2,Friday,4,0,No Promotion
2024-02-02,Furniture,Hyderabad,5,402.59,2012.9499999999998,3,46.9,0,2,Friday,4,0,No Promotion
2024-02-02,Toys,Hyderabad,20,31.89,637.8,18,22.0,0,2,Friday,4,0,No Promotion
2024-02-03,Electronics,Mumbai,25,255.08,6377.0,15,28.6,0,2,Saturday,5,1,No Promotion
2024-02-03,Clothing,Hyderabad,53,43.79,2320.87,29,35.0,0,2,Saturday,5,1,No Promotion
2024-02-03,Groceries,Bengaluru,140,12.67,1773.8,59,43.9,0,2,Saturday,5,1,No Promotion
2024-02-03,Furniture,Bengaluru,10,423.15,4231.5,7,43.1,0,2,Saturday,5,1,No Promotion
2024-02-03,Toys,Delhi,44,27.07,1191.08,18,41.6,0,2,Saturday,5,1,No Promotion
2024-02-04,Electronics,Bengaluru,25,255.69,6392.25,21,34.2,0,2,Sunday,6,1,No Promotion
2024-02-04,Clothing,Chennai,39,42.67,1664.13,16,32.7,0,2,Sunday,6,1,No Promotion
2024-02-04,Groceries,Delhi,137,11.45,1568.6499999999999,99,19.3,0,2,Sunday,6,1,No Promotion
2024-02-04,Furniture,Hyderabad,11,377.31,4150.41,7,35.2,0,2,Sunday,6,1,No Promotion
2024-02-04,Toys,Delhi,33,31.59,1042.47,25,32.6,0,2,Sunday,6,1,No Promotion
2024-02-05,Electronics,Delhi,19,244.99,4654.81,11,26.7,0,2,Monday,0,0,No Promotion
2024-02-05,Clothing,Hyderabad,43,44.05,1894.1499999999999,25,38.7,0,2,Monday,0,0,No Promotion
2024-02-05,Groceries,Delhi,134,11.77,1577.1799999999998,81,35.6,0,2,Monday,0,0,No Promotion
2024-02-05,Furniture,Delhi,5,345.64,1728.1999999999998,4,12.8,0,2,Monday,0,0,No Promotion
2024-02-05,Toys,Mumbai,21,29.67,623.07,16,20.7,0,2,Monday,0,0,No Promotion
2024-02-06,Electronics,Bengaluru,15,237.91,3568.65,12,24.4,1,2,Tuesday,1,0,Promotion
2024-02-06,Clothing,Hyderabad,47,44.28,2081.16,24,40.7,1,2,Tuesday,1,0,Promotion
2024-02-06,Groceries,Delhi,200,12.07,2414.0,159,40.8,1,2,Tuesday,1,0,Promotion
2024-02-06,Furniture,Chennai,9,413.08,3717.72,4,32.0,1,2,Tuesday,1,0,Promotion
2024-02-06,Toys,Hyderabad,37,28.81,1065.97,19,21.2,1,2,Tuesday,1,0,Promotion
2024-02-07,Electronics,Bengaluru,17,239.08,4064.36,7,45.0,0,2,Wednesday,2,0,No Promotion
2024-02-07,Clothing,Mumbai,35,46.99,1644.65,14,31.3,0,2,Wednesday,2,0,No Promotion
2024-02-07,Groceries,Hyderabad,97,10.66,1034.02,83,28.7,0,2,Wednesday,2,0,No Promotion
2024-02-07,Furniture,Chennai,12,402.29,4827.4800000000005,6,43.7,0,2,Wednesday,2,0,No Promotion
2024-02-07,Toys,Hyderabad,20,29.84,596.8,12,49.7,0,2,Wednesday,2,0,No Promotion
2024-02-08,Electronics,Delhi,21,247.16,5190.36,10,37.7,1,2,Thursday,3,0,Promotion
2024-02-08,Clothing,Hyderabad,56,45.0,2520.0,32,36.3,1,2,Thursday,3,0,Promotion
2024-02-08,Groceries,Bengaluru,166,11.62,1928.9199999999998,78,38.5,1,2,Thursday,3,0,Promotion
2024-02-08,Furniture,Mumbai,17,352.21,5987.57,8,60.1,1,2,Thursday,3,0,Promotion
2024-02-08,Toys,Mumbai,38,29.69,1128.22,16,32.9,1,2,Thursday,3,0,Promotion
2024-02-09,Electronics,Chennai,16,234.97,3759.52,8,26.1,0,2,Friday,4,0,No Promotion
2024-02-09,Clothing,Delhi,43,45.82,1970.26,19,38.6,0,2,Friday,4,0,No Promotion
2024-02-09,Groceries,Bengaluru,119,12.46,1482.74,97,48.4,0,2,Friday,4,0,No Promotion
2024-02-09,Furniture,Bengaluru,4,370.71,1482.84,2,36.6,0,2,Friday,4,0,No Promotion
2024-02-09,Toys,Bengaluru,27,26.59,717.93,16,14.9,0,2,Friday,4,0,No Promotion
2024-02-10,Electronics,Bengaluru,28,233.28,6531.84,16,52.8,0,2,Saturday,5,1,No Promotion
2024-02-10,Clothing,Delhi,54,50.52,2728.0800000000004,28,36.4,0,2,Saturday,5,1,No Promotion
2024-02-10,Groceries,Delhi,161,11.63,1872.43,66,35.5,0,2,Saturday,5,1,No Promotion
2024-02-10,Furniture,Delhi,8,424.48,3395.84,6,20.2,0,2,Saturday,5,1,No Promotion
2024-02-10,Toys,Delhi,28,29.75,833.0,12,45.5,0,2,Saturday,5,1,No Promotion
2024-02-11,Electronics,Mumbai,16,256.71,4107.36,9,24.8,0,2,Sunday,6,1,No Promotion
2024-02-11,Clothing,Mumbai,49,46.13,2260.3700000000003,32,32.5,0,2,Sunday,6,1,No Promotion
2024-02-11,Groceries,Mumbai,136,10.69,1453.84,90,37.2,0,2,Sunday,6,1,No Promotion
2024-02-11,Furniture,Hyderabad,5,378.84,1894.1999999999998,5,34.2,0,2,Sunday,6,1,No Promotion
2024-02-11,Toys,Hyderabad,29,29.18,846.22,12,41.4,0,2,Sunday,6,1,No Promotion
2024-02-12,Electronics,Chennai,20,264.67,5293.400000000001,16,48.9,0,2,Monday,0,0,No Promotion
2024-02-12,Clothing,Mumbai,42,41.93,1761.06,23,29.7,0,2,Monday,0,0,No Promotion
2024-02-12,Groceries,Delhi,111,11.47,1273.17,87,43.9,0,2,Monday,0,0,No Promotion
2024-02-12,Furniture,Mumbai,5,364.22,1821.1000000000001,2,32.5,0,2,Monday,0,0,No Promotion
2024-02-12,Toys,Hyderabad,33,29.95,988.35,15,26.4,0,2,Monday,0,0,No Promotion
2024-02-13,Electronics,Chennai,29,231.0,6699.0,16,47.6,1,2,Tuesday,1,0,Promotion
2024-02-13,Clothing,Delhi,51,44.24,2256.2400000000002,27,41.4,1,2,Tuesday,1,0,Promotion
2024-02-13,Groceries,Hyderabad,192,12.82,2461.44,92,19.7,1,2,Tuesday,1,0,Promotion
2024-02-13,Furniture,Chennai,9,372.72,3354.4800000000005,5,31.4,1,2,Tuesday,1,0,Promotion
2024-02-13,Toys,Chennai,42,30.33,1273.86,20,45.6,1,2,Tuesday,1,0,Promotion
2024-02-14,Electronics,Bengaluru,11,244.29,2687.19,8,37.0,0,2,Wednesday,2,0,No Promotion
2024-02-14,Clothing,Bengaluru,35,49.56,1734.6000000000001,22,22.7,0,2,Wednesday,2,0,No Promotion
2024-02-14,Groceries,Chennai,127,11.58,1470.66,74,30.1,0,2,Wednesday,2,0,No Promotion
2024-02-14,Furniture,Hyderabad,9,367.96,3311.64,4,34.1,0,2,Wednesday,2,0,No Promotion
2024-02-14,Toys,Delhi,32,32.08,1026.56,22,33.7,0,2,Wednesday,2,0,No Promotion
2024-02-15,Electronics,Chennai,22,242.5,5335.0,11,40.1,0,2,Thursday,3,0,No Promotion
2024-02-15,Clothing,Delhi,48,45.94,2205.12,25,50.2,0,2,Thursday,3,0,No Promotion
2024-02-15,Groceries,Bengaluru,97,11.14,1080.5800000000002,45,26.5,0,2,Thursday,3,0,No Promotion
2024-02-15,Furniture,Mumbai,9,412.59,3713.31,4,34.0,0,2,Thursday,3,0,No Promotion
2024-02-15,Toys,Mumbai,26,29.2,759.1999999999999,16,51.1,0,2,Thursday,3,0,No Promotion
2024-02-16,Electronics,Mumbai,16,252.34,4037.44,8,34.4,0,2,Friday,4,0,No Promotion
2024-02-16,Clothing,Chennai,36,43.64,1571.04,19,36.8,0,2,Friday,4,0,No Promotion
2024-02-16,Groceries,Chennai,82,12.13,994.6600000000001,68,37.9,0,2,Friday,4,0,No Promotion
2024-02-16,Furniture,Hyderabad,9,414.33,3728.97,7,32.8,0,2,Friday,4,0,No Promotion
2024-02-16,Toys,Hyderabad,23,34.05,783.15,18,47.6,0,2,Friday,4,0,No Promotion
2024-02-17,Electronics,Delhi,23,247.37,5689.51,18,43.8,0,2,Saturday,5,1,No Promotion
2024-02-17,Clothing,Hyderabad,55,43.29,2380.95,26,35.6,0,2,Saturday,5,1,No Promotion
2024-02-17,Groceries,Delhi,125,11.71,1463.75,54,21.5,0,2,Saturday,5,1,No Promotion
2024-02-17,Furniture,Mumbai,7,387.75,2714.25,4,20.0,0,2,Saturday,5,1,No Promotion
2024-02-17,Toys,Hyderabad,35,29.51,1032.8500000000001,17,31.6,0,2,Saturday,5,1,No Promotion
2024-02-18,Electronics,Delhi,20,253.82,5076.4,11,25.1,0,2,Sunday,6,1,No Promotion
2024-02-18,Clothing,Bengaluru,53,46.4,2459.2,30,17.2,0,2,Sunday,6,1,No Promotion
2024-02-18,Groceries,Bengaluru,148,11.66,1725.68,65,32.2,0,2,Sunday,6,1,No Promotion
2024-02-18,Furniture,Mumbai,3,429.65,1288.9499999999998,1,44.6,0,2,Sunday,6,1,No Promotion
2024-02-18,Toys,Hyderabad,40,30.22,1208.8,25,41.3,0,2,Sunday,6,1,No Promotion
2024-02-19,Electronics,Mumbai,27,272.73,7363.710000000001,13,49.7,0,2,Monday,0,0,No Promotion
2024-02-19,Clothing,Mumbai,53,44.95,2382.3500000000004,43,33.2,0,2,Monday,0,0,No Promotion
2024-02-19,Groceries,Hyderabad,98,11.41,1118.18,54,33.9,0,2,Monday,0,0,No Promotion
2024-02-19,Furniture,Mumbai,11,379.15,4170.65,8,27.2,0,2,Monday,0,0,No Promotion
2024-02-19,Toys,Delhi,25,29.58,739.5,10,36.2,0,2,Monday,0,0,No Promotion
2024-02-20,Electronics,Chennai,17,238.78,4059.26,12,22.6,0,2,Tuesday,1,0,No Promotion
2024-02-20,Clothing,Mumbai,54,43.39,2343.06,29,51.3,0,2,Tuesday,1,0,No Promotion
2024-02-20,Groceries,Hyderabad,132,12.48,1647.3600000000001,100,37.8,0,2,Tuesday,1,0,No Promotion
2024-02-20,Furniture,Hyderabad,4,347.3,1389.2,2,20.8,0,2,Tuesday,1,0,No Promotion
2024-02-20,Toys,Hyderabad,22,30.15,663.3,10,20.8,0,2,Tuesday,1,0,No Promotion
2024-02-21,Electronics,Bengaluru,25,260.64,6516.0,21,49.7,0,2,Wednesday,2,0,No Promotion
2024-02-21,Clothing,Bengaluru,38,43.52,1653.7600000000002,26,61.5,0,2,Wednesday,2,0,No Promotion
2024-02-21,Groceries,Chennai,108,11.87,1281.9599999999998,66,20.2,0,2,Wednesday,2,0,No Promotion
2024-02-21,Furniture,Delhi,7,384.23,2689.61,6,35.8,0,2,Wednesday,2,0,No Promotion
2024-02-21,Toys,Bengaluru,24,27.13,651.12,19,48.3,0,2,Wednesday,2,0,No Promotion
2024-02-22,Electronics,Mumbai,19,236.94,4501.86,9,29.9,0,2,Thursday,3,0,No Promotion
2024-02-22,Clothing,Delhi,46,43.7,2010.2,29,37.8,0,2,Thursday,3,0,No Promotion
2024-02-22,Groceries,Mumbai,124,13.59,1685.16,91,34.7,0,2,Thursday,3,0,No Promotion
2024-02-22,Furniture,Mumbai,3,360.94,1082.82,1,30.7,0,2,Thursday,3,0,No Promotion
2024-02-22,Toys,Mumbai,27,29.7,801.9,13,51.4,0,2,Thursday,3,0,No Promotion
2024-02-23,Electronics,Mumbai,25,246.89,6172.25,21,62.1,0,2,Friday,4,0,No Promotion
2024-02-23,Clothing,Delhi,38,48.82,1855.16,23,42.7,0,2,Friday,4,0,No Promotion
2024-02-23,Groceries,Delhi,114,11.47,1307.5800000000002,51,28.7,0,2,Friday,4,0,No Promotion
2024-02-23,Furniture,Bengaluru,6,388.8,2332.8,4,55.3,0,2,Friday,4,0,No Promotion
2024-02-23,Toys,Hyderabad,27,29.86,806.22,18,39.2,0,2,Friday,4,0,No Promotion
2024-02-24,Electronics,Hyderabad,34,226.33,7695.22,15,38.8,0,2,Saturday,5,1,No Promotion
2024-02-24,Clothing,Delhi,56,45.38,2541.28,25,33.0,0,2,Saturday,5,1,No Promotion
2024-02-24,Groceries,Delhi,146,11.73,1712.5800000000002,60,25.7,0,2,Saturday,5,1,No Promotion
2024-02-24,Furniture,Hyderabad,9,377.95,3401.5499999999997,6,34.9,0,2,Saturday,5,1,No Promotion
2024-02-24,Toys,Bengaluru,26,32.37,841.6199999999999,17,24.1,0,2,Saturday,5,1,No Promotion
2024-02-25,Electronics,Chennai,38,238.66,9069.08,19,47.6,1,2,Sunday,6,1,Promotion
2024-02-25,Clothing,Chennai,77,45.11,3473.47,42,29.1,1,2,Sunday,6,1,Promotion
2024-02-25,Groceries,Delhi,204,11.71,2388.84,118,41.6,1,2,Sunday,6,1,Promotion
2024-02-25,Furniture,Chennai,8,380.47,3043.76,4,21.6,1,2,Sunday,6,1,Promotion
2024-02-25,Toys,Mumbai,42,31.88,1338.96,20,35.2,1,2,Sunday,6,1,Promotion
2024-02-26,Electronics,Delhi,19,259.41,4928.790000000001,14,26.2,0,2,Monday,0,0,No Promotion
2024-02-26,Clothing,Delhi,34,44.6,1516.4,30,30.5,0,2,Monday,0,0,No Promotion
2024-02-26,Groceries,Bengaluru,97,11.98,1162.06,49,23.3,0,2,Monday,0,0,No Promotion
2024-02-26,Furniture,Mumbai,5,405.49,2027.45,4,29.7,0,2,Monday,0,0,No Promotion
2024-02-26,Toys,Bengaluru,28,29.54,827.12,14,45.8,0,2,Monday,0,0,No Promotion
2024-02-27,Electronics,Chennai,13,239.03,3107.39,7,34.75,0,2,Tuesday,1,0,No Promotion
2024-02-27,Clothing,Bengaluru,37,45.93,1699.41,26,36.3,0,2,Tuesday,1,0,No Promotion
2024-02-27,Groceries,Delhi,126,11.96,1506.96,91,37.8,0,2,Tuesday,1,0,No Promotion
2024-02-27,Furniture,Hyderabad,4,375.94,1503.76,2,29.9,0,2,Tuesday,1,0,No Promotion
2024-02-27,Toys,Hyderabad,20,29.21,584.2,12,30.9,0,2,Tuesday,1,0,No Promotion
2024-02-28,Electronics,Mumbai,17,258.2,4389.4,15,55.6,0,2,Wednesday,2,0,No Promotion
2024-02-28,Clothing,Bengaluru,49,46.36,2271.64,22,33.7,0,2,Wednesday,2,0,No Promotion
2024-02-28,Groceries,Delhi,121,10.71,1295.91,85,31.1,0,2,Wednesday,2,0,No Promotion
2024-02-28,Furniture,Bengaluru,5,387.73,1938.65,4,35.0,0,2,Wednesday,2,0,No Promotion
2024-02-28,Toys,Chennai,27,29.44,794.88,13,26.7,0,2,Wednesday,2,0,No Promotion
2024-02-29,Electronics,Delhi,26,260.55,6774.3,12,42.8,1,2,Thursday,3,0,Promotion
2024-02-29,Clothing,Mumbai,40,42.1,1684.0,24,31.7,1,2,Thursday,3,0,Promotion
2024-02-29,Groceries,Delhi,161,12.3,1980.3000000000002,128,28.4,1,2,Thursday,3,0,Promotion
2024-02-29,Furniture,Chennai,4,353.95,1415.8,2,34.9,1,2,Thursday,3,0,Promotion
2024-02-29,Toys,Chennai,34,28.81,979.54,20,39.5,1,2,Thursday,3,0,Promotion
2024-03-01,Electronics,Mumbai,20,240.21,4804.2,10,45.3,0,3,Friday,4,0,No Promotion
2024-03-01,Clothing,Delhi,47,47.77,2245.19,38,34.0,0,3,Friday,4,0,No Promotion
2024-03-01,Groceries,Hyderabad,145,12.05,1747.25,60,32.1,0,3,Friday,4,0,No Promotion
2024-03-01,Furniture,Hyderabad,7,386.62,2706.34,6,12.9,0,3,Friday,4,0,No Promotion
2024-03-01,Toys,Delhi,27,28.86,779.22,24,11.2,0,3,Friday,4,0,No Promotion
2024-03-02,Electronics,Mumbai,20,258.65,5173.0,9,43.1,0,3,Saturday,5,1,No Promotion
2024-03-02,Clothing,Chennai,44,50.05,2202.2,28,27.9,0,3,Saturday,5,1,No Promotion
2024-03-02,Groceries,Hyderabad,138,13.04,1799.52,68,17.7,0,3,Saturday,5,1,No Promotion
2024-03-02,Furniture,Chennai,12,395.61,4747.32,8,26.3,0,3,Saturday,5,1,No Promotion
2024-03-02,Toys,Mumbai,22,31.47,692.3399999999999,13,57.8,0,3,Saturday,5,1,No Promotion
2024-03-03,Electronics,Mumbai,31,272.52,8448.119999999999,13,34.75,1,3,Sunday,6,1,Promotion
2024-03-03,Clothing,Mumbai,79,43.26,3417.54,52,36.4,1,3,Sunday,6,1,Promotion
2024-03-03,Groceries,Hyderabad,179,11.55,2067.4500000000003,76,36.1,1,3,Sunday,6,1,Promotion
2024-03-03,Furniture,Delhi,7,387.73,2714.11,4,39.6,1,3,Sunday,6,1,Promotion
2024-03-03,Toys,Mumbai,47,28.57,1342.79,31,35.3,1,3,Sunday,6,1,Promotion
2024-03-04,Electronics,Mumbai,16,232.53,3720.48,8,23.4,0,3,Monday,0,0,No Promotion
2024-03-04,Clothing,Chennai,40,39.83,1593.1999999999998,33,23.2,0,3,Monday,0,0,No Promotion
2024-03-04,Groceries,Chennai,133,11.08,1473.64,92,26.4,0,3,Monday,0,0,No Promotion
2024-03-04,Furniture,Hyderabad,7,406.82,2847.74,4,45.1,0,3,Monday,0,0,No Promotion
2024-03-04,Toys,Hyderabad,27,29.46,795.4200000000001,15,38.2,0,3,Monday,0,0,No Promotion
2024-03-05,Electronics,Bengaluru,25,239.8,5995.0,14,23.2,0,3,Tuesday,1,0,No Promotion
2024-03-05,Clothing,Hyderabad,45,43.59,1961.5500000000002,24,35.1,0,3,Tuesday,1,0,No Promotion
2024-03-05,Groceries,Delhi,110,10.77,1184.7,49,31.0,0,3,Tuesday,1,0,No Promotion
2024-03-05,Furniture,Mumbai,3,391.18,1173.54,2,28.5,0,3,Tuesday,1,0,No Promotion
2024-03-05,Toys,Bengaluru,18,30.54,549.72,11,35.6,0,3,Tuesday,1,0,No Promotion
2024-03-06,Electronics,Delhi,21,236.44,4965.24,11,38.1,0,3,Wednesday,2,0,No Promotion
2024-03-06,Clothing,Hyderabad,47,47.69,2241.43,24,42.2,0,3,Wednesday,2,0,No Promotion
2024-03-06,Groceries,Bengaluru,130,12.14,1578.2,63,29.9,0,3,Wednesday,2,0,No Promotion
2024-03-06,Furniture,Bengaluru,7,380.49,2663.4300000000003,4,32.5,0,3,Wednesday,2,0,No Promotion
2024-03-06,Toys,Mumbai,21,28.93,607.53,11,56.6,0,3,Wednesday,2,0,No Promotion
2024-03-07,Electronics,Hyderabad,18,254.41,4579.38,8,53.0,0,3,Thursday,3,0,No Promotion
2024-03-07,Clothing,Hyderabad,45,42.7,1921.5000000000002,21,32.4,0,3,Thursday,3,0,No Promotion
2024-03-07,Groceries,Hyderabad,91,12.32,1121.1200000000001,60,21.6,0,3,Thursday,3,0,No Promotion
2024-03-07,Furniture,Hyderabad,9,406.8,3661.2000000000003,6,43.1,0,3,Thursday,3,0,No Promotion
2024-03-07,Toys,Chennai,25,29.87,746.75,17,46.1,0,3,Thursday,3,0,No Promotion
2024-03-08,Electronics,Chennai,19,238.81,4537.39,8,34.5,0,3,Friday,4,0,No Promotion
2024-03-08,Clothing,Mumbai,38,43.63,1657.94,20,48.3,0,3,Friday,4,0,No Promotion
2024-03-08,Groceries,Mumbai,129,12.19,1572.51,88,38.0,0,3,Friday,4,0,No Promotion
2024-03-08,Furniture,Hyderabad,11,379.64,4176.04,7,26.2,0,3,Friday,4,0,No Promotion
2024-03-08,Toys,Mumbai,28,29.5,826.0,17,44.2,0,3,Friday,4,0,No Promotion
2024-03-09,Electronics,Mumbai,19,232.56,4418.64,8,34.0,0,3,Saturday,5,1,No Promotion
2024-03-09,Clothing,Hyderabad,46,43.32,1992.72,25,50.2,0,3,Saturday,5,1,No Promotion
2024-03-09,Groceries,Chennai,118,11.75,1386.5,77,25.5,0,3,Saturday,5,1,No Promotion
2024-03-09,Furniture,Mumbai,9,381.89,3437.0099999999998,4,38.7,0,3,Saturday,5,1,No Promotion
2024-03-09,Toys,Delhi,26,30.89,803.14,12,33.5,0,3,Saturday,5,1,No Promotion
2024-03-10,Electronics,Delhi,18,269.34,4848.12,10,27.6,0,3,Sunday,6,1,No Promotion
2024-03-10,Clothing,Chennai,42,43.88,1842.96,20,35.3,0,3,Sunday,6,1,No Promotion
2024-03-10,Groceries,Delhi,134,11.59,1553.06,67,41.3,0,3,Sunday,6,1,No Promotion
2024-03-10,Furniture,Bengaluru,7,380.84,2665.8799999999997,3,52.5,0,3,Sunday,6,1,No Promotion
2024-03-10,Toys,Bengaluru,28,31.07,869.96,21,53.3,0,3,Sunday,6,1,No Promotion
2024-03-11,Electronics,Bengaluru,17,233.98,3977.66,12,36.5,0,3,Monday,0,0,No Promotion
2024-03-11,Clothing,Mumbai,35,43.49,1522.15,19,22.4,0,3,Monday,0,0,No Promotion
2024-03-11,Groceries,Delhi,109,12.21,1330.89,94,26.1,0,3,Monday,0,0,No Promotion
2024-03-11,Furniture,Hyderabad,4,353.79,1415.16,3,41.5,0,3,Monday,0,0,No Promotion
2024-03-11,Toys,Mumbai,20,31.08,621.5999999999999,10,37.4,0,3,Monday,0,0,No Promotion
2024-03-12,Electronics,Mumbai,22,228.06,5017.32,16,44.8,0,3,Tuesday,1,0,No Promotion
2024-03-12,Clothing,Delhi,50,47.81,2390.5,37,33.1,0,3,Tuesday,1,0,No Promotion
2024-03-12,Groceries,Bengaluru,125,12.56,1570.0,91,23.5,0,3,Tuesday,1,0,No Promotion
2024-03-12,Furniture,Hyderabad,6,367.57,2205.42,5,43.1,0,3,Tuesday,1,0,No Promotion
2024-03-12,Toys,Chennai,31,30.21,936.51,22,36.0,0,3,Tuesday,1,0,No Promotion
2024-03-13,Electronics,Mumbai,18,243.07,4375.26,7,51.7,0,3,Wednesday,2,0,No Promotion
2024-03-13,Clothing,Chennai,47,46.09,2166.23,24,34.8,0,3,Wednesday,2,0,No Promotion
2024-03-13,Groceries,Hyderabad,148,11.85,1753.8,65,31.6,0,3,Wednesday,2,0,No Promotion
2024-03-13,Furniture,Mumbai,5,380.1,1900.5,3,27.6,0,3,Wednesday,2,0,No Promotion
2024-03-13,Toys,Hyderabad,22,27.4,602.8,11,35.2,0,3,Wednesday,2,0,No Promotion
2024-03-14,Electronics,Mumbai,21,233.23,4897.83,11,41.0,0,3,Thursday,3,0,No Promotion
2024-03-14,Clothing,Hyderabad,36,47.35,1704.6000000000001,20,25.7,0,3,Thursday,3,0,No Promotion
2024-03-14,Groceries,Chennai,140,13.2,1848.0,104,40.4,0,3,Thursday,3,0,No Promotion
2024-03-14,Furniture,Delhi,12,366.12,4393.4400000000005,5,33.7,0,3,Thursday,3,0,No Promotion
2024-03-14,Toys,Chennai,31,29.98,929.38,17,50.9,0,3,Thursday,3,0,No Promotion
2024-03-15,Electronics,Chennai,22,246.3,5418.6,15,35.3,0,3,Friday,4,0,No Promotion
2024-03-15,Clothing,Delhi,33,47.73,1575.09,15,46.7,0,3,Friday,4,0,No Promotion
2024-03-15,Groceries,Bengaluru,137,11.54,1580.9799999999998,58,39.7,0,3,Friday,4,0,No Promotion
2024-03-15,Furniture,Hyderabad,9,369.41,3324.69,7,19.3,0,3,Friday,4,0,No Promotion
2024-03-15,Toys,Chennai,29,29.38,852.02,12,41.9,0,3,Friday,4,0,No Promotion
2024-03-16,Electronics,Hyderabad,22,281.11,6184.42,18,35.7,0,3,Saturday,5,1,No Promotion
2024-03-16,Clothing,Delhi,51,46.45,2368.9500000000003,21,25.1,0,3,Saturday,5,1,No Promotion
2024-03-16,Groceries,Hyderabad,138,12.7,1752.6,66,25.6,0,3,Saturday,5,1,No Promotion
2024-03-16,Furniture,Bengaluru,6,379.03,2274.18,4,22.1,0,3,Saturday,5,1,No Promotion
2024-03-16,Toys,Hyderabad,36,30.7,1105.2,27,39.9,0,3,Saturday,5,1,No Promotion
2024-03-17,Electronics,Delhi,30,226.25,6787.5,19,32.4,0,3,Sunday,6,1,No Promotion
2024-03-17,Clothing,Mumbai,40,44.14,1765.6,26,39.9,0,3,Sunday,6,1,No Promotion
2024-03-17,Groceries,Delhi,132,12.16,1605.1200000000001,61,27.9,0,3,Sunday,6,1,No Promotion
2024-03-17,Furniture,Mumbai,5,380.11,1900.5500000000002,3,20.9,0,3,Sunday,6,1,No Promotion
2024-03-17,Toys,Bengaluru,28,30.24,846.7199999999999,20,41.3,0,3,Sunday,6,1,No Promotion
2024-03-18,Electronics,Chennai,10,259.07,2590.7,9,35.6,0,3,Monday,0,0,No Promotion
2024-03-18,Clothing,Delhi,38,48.15,1829.7,17,31.6,0,3,Monday,0,0,No Promotion
2024-03-18,Groceries,Bengaluru,134,11.32,1516.88,63,20.9,0,3,Monday,0,0,No Promotion
2024-03-18,Furniture,Delhi,14,361.09,5055.259999999999,7,37.5,0,3,Monday,0,0,No Promotion
2024-03-18,Toys,Hyderabad,24,28.96,695.04,10,15.9,0,3,Monday,0,0,No Promotion
2024-03-19,Electronics,Chennai,18,251.87,4533.66,15,36.5,0,3,Tuesday,1,0,No Promotion
2024-03-19,Clothing,Mumbai,39,48.33,1884.87,17,44.8,0,3,Tuesday,1,0,No Promotion
2024-03-19,Groceries,Chennai,135,11.93,1610.55,66,29.1,0,3,Tuesday,1,0,No Promotion
2024-03-19,Furniture,Mumbai,5,343.74,1718.7,3,35.9,0,3,Tuesday,1,0,No Promotion
2024-03-19,Toys,Hyderabad,21,32.83,689.43,13,24.5,0,3,Tuesday,1,0,No Promotion
2024-03-20,Electronics,Mumbai,24,241.03,5784.72,17,45.6,0,3,Wednesday,2,0,No Promotion
2024-03-20,Clothing,Mumbai,41,48.19,1975.79,25,41.5,0,3,Wednesday,2,0,No Promotion
2024-03-20,Groceries,Delhi,144,12.71,1830.2400000000002,95,27.3,0,3,Wednesday,2,0,No Promotion
2024-03-20,Furniture,Bengaluru,6,361.24,2167.44,5,25.6,0,3,Wednesday,2,0,No Promotion
2024-03-20,Toys,Delhi,34,31.78,1080.52,14,34.2,0,3,Wednesday,2,0,No Promotion
2024-03-21,Electronics,Chennai,13,251.21,3265.73,11,24.4,0,3,Thursday,3,0,No Promotion
2024-03-21,Clothing,Mumbai,43,44.99,1934.5700000000002,26,36.3,0,3,Thursday,3,0,No Promotion
2024-03-21,Groceries,Bengaluru,119,11.76,1399.44,48,41.5,0,3,Thursday,3,0,No Promotion
2024-03-21,Furniture,Hyderabad,4,372.12,1488.48,2,30.5,0,3,Thursday,3,0,No Promotion
2024-03-21,Toys,Delhi,27,30.27,817.29,13,48.3,0,3,Thursday,3,0,No Promotion
2024-03-22,Electronics,Chennai,18,264.07,4753.26,9,27.0,0,3,Friday,4,0,No Promotion
2024-03-22,Clothing,Hyderabad,37,45.43,1680.91,23,35.4,0,3,Friday,4,0,No Promotion
2024-03-22,Groceries,Mumbai,70,10.86,760.1999999999999,48,46.3,0,3,Friday,4,0,No Promotion
2024-03-22,Furniture,Bengaluru,5,376.58,1882.8999999999999,3,29.5,0,3,Friday,4,0,No Promotion
2024-03-22,Toys,Chennai,27,29.98,809.46,13,32.5,0,3,Friday,4,0,No Promotion
2024-03-23,Electronics,Delhi,24,260.33,6247.92,10,28.3,0,3,Saturday,5,1,No Promotion
2024-03-23,Clothing,Chennai,61,44.35,2705.35,25,45.9,0,3,Saturday,5,1,No Promotion
2024-03-23,Groceries,Bengaluru,164,13.41,2199.2400000000002,108,40.5,0,3,Saturday,5,1,No Promotion
2024-03-23,Furniture,Delhi,2,387.73,775.46,2,32.6,0,3,Saturday,5,1,No Promotion
2024-03-23,Toys,Hyderabad,23,29.51,678.73,16,44.0,0,3,Saturday,5,1,No Promotion
2024-03-24,Electronics,Hyderabad,24,239.1,5738.4,10,31.2,0,3,Sunday,6,1,No Promotion
2024-03-24,Clothing,Mumbai,47,47.18,2217.46,21,40.9,0,3,Sunday,6,1,No Promotion
2024-03-24,Groceries,Delhi,172,11.36,1953.9199999999998,72,21.1,0,3,Sunday,6,1,No Promotion
2024-03-24,Furniture,Mumbai,13,394.29,5125.77,9,36.7,0,3,Sunday,6,1,No Promotion
2024-03-24,Toys,Delhi,32,30.78,984.96,15,43.5,0,3,Sunday,6,1,No Promotion
2024-03-25,Electronics,Delhi,18,244.49,4400.82,10,32.3,0,3,Monday,0,0,No Promotion
2024-03-25,Clothing,Hyderabad,35,47.04,1646.3999999999999,19,41.8,0,3,Monday,0,0,No Promotion
2024-03-25,Groceries,Delhi,125,11.43,1428.75,56,26.8,0,3,Monday,0,0,No Promotion
2024-03-25,Furniture,Delhi,6,387.33,2323.98,3,38.1,0,3,Monday,0,0,No Promotion
2024-03-25,Toys,Hyderabad,23,30.87,710.01,14,30.4,0,3,Monday,0,0,No Promotion
2024-03-26,Electronics,Mumbai,19,240.38,4567.22,8,59.8,0,3,Tuesday,1,0,No Promotion
2024-03-26,Clothing,Bengaluru,41,45.85,1879.8500000000001,26,36.2,0,3,Tuesday,1,0,No Promotion
2024-03-26,Groceries,Mumbai,144,11.53,1660.32,71,36.7,0,3,Tuesday,1,0,No Promotion
2024-03-26,Furniture,Bengaluru,6,354.27,2125.62,3,42.8,0,3,Tuesday,1,0,No Promotion
2024-03-26,Toys,Chennai,29,31.78,921.62,16,51.6,0,3,Tuesday,1,0,No Promotion
2024-03-27,Electronics,Delhi,19,252.24,4792.56,13,37.0,0,3,Wednesday,2,0,No Promotion
2024-03-27,Clothing,Hyderabad,29,40.44,1172.76,20,35.0,0,3,Wednesday,2,0,No Promotion
2024-03-27,Groceries,Mumbai,101,12.52,1264.52,91,51.7,0,3,Wednesday,2,0,No Promotion
2024-03-27,Furniture,Hyderabad,8,388.38,3107.04,3,44.3,0,3,Wednesday,2,0,No Promotion
2024-03-27,Toys,Chennai,22,28.76,632.72,10,34.0,0,3,Wednesday,2,0,No Promotion
2024-03-28,Electronics,Chennai,20,254.79,5095.8,16,27.2,0,3,Thursday,3,0,No Promotion
2024-03-28,Clothing,Delhi,39,43.68,1703.52,33,34.4,0,3,Thursday,3,0,No Promotion
2024-03-28,Groceries,Hyderabad,127,11.72,1488.44,88,39.4,0,3,Thursday,3,0,No Promotion
2024-03-28,Furniture,Delhi,8,382.93,3063.44,7,40.2,0,3,Thursday,3,0,No Promotion
2024-03-28,Toys,Hyderabad,30,31.32,939.6,16,47.5,0,3,Thursday,3,0,No Promotion
2024-03-29,Electronics,Mumbai,18,251.35,4524.3,10,33.0,0,3,Friday,4,0,No Promotion
2024-03-29,Clothing,Hyderabad,53,41.47,2197.91,38,31.0,0,3,Friday,4,0,No Promotion
2024-03-29,Groceries,Bengaluru,150,10.65,1597.5,76,31.5,0,3,Friday,4,0,No Promotion
2024-03-29,Furniture,Mumbai,6,411.79,2470.7400000000002,2,46.7,0,3,Friday,4,0,No Promotion
2024-03-29,Toys,Hyderabad,31,30.65,950.15,17,46.1,0,3,Friday,4,0,No Promotion
2024-03-30,Electronics,Bengaluru,24,227.64,5463.36,10,31.5,0,3,Saturday,5,1,No Promotion
2024-03-30,Clothing,Hyderabad,49,41.49,2033.01,39,30.0,0,3,Saturday,5,1,No Promotion
2024-03-30,Groceries,Chennai,160,11.72,1875.2,117,41.0,0,3,Saturday,5,1,No Promotion
2024-03-30,Furniture,Hyderabad,7,362.09,2534.6299999999997,4,39.6,0,3,Saturday,5,1,No Promotion
2024-03-30,Toys,Chennai,28,28.85,807.8000000000001,23,33.8,0,3,Saturday,5,1,No Promotion
2024-03-31,Electronics,Chennai,28,242.58,6792.240000000001,24,32.0,0,3,Sunday,6,1,No Promotion
2024-03-31,Clothing,Bengaluru,50,44.01,2200.5,20,32.4,0,3,Sunday,6,1,No Promotion
2024-03-31,Groceries,Bengaluru,188,11.84,2225.92,107,34.6,0,3,Sunday,6,1,No Promotion
2024-03-31,Furniture,Mumbai,9,425.89,3833.0099999999998,4,23.0,0,3,Sunday,6,1,No Promotion
2024-03-31,Toys,Bengaluru,36,29.54,1063.44,25,45.0,0,3,Sunday,6,1,No Promotion
2024-04-01,Electronics,Delhi,26,249.42,6484.92,19,27.6,0,4,Monday,0,0,No Promotion
2024-04-01,Clothing,Mumbai,43,45.88,1972.8400000000001,24,38.6,0,4,Monday,0,0,No Promotion
2024-04-01,Groceries,Delhi,113,11.76,1328.8799999999999,64,23.9,0,4,Monday,0,0,No Promotion
2024-04-01,Furniture,Bengaluru,3,384.23,1152.69,1,41.4,0,4,Monday,0,0,No Promotion
2024-04-01,Toys,Mumbai,25,31.2,780.0,20,23.4,0,4,Monday,0,0,No Promotion
2024-04-02,Electronics,Chennai,22,242.39,5332.58,15,36.1,0,4,Tuesday,1,0,No Promotion
2024-04-02,Clothing,Hyderabad,36,44.64,1607.04,15,37.2,0,4,Tuesday,1,0,No Promotion
2024-04-02,Groceries,Mumbai,124,12.24,1517.76,65,34.5,0,4,Tuesday,1,0,No Promotion
2024-04-02,Furniture,Hyderabad,10,357.18,3571.8,8,37.4,0,4,Tuesday,1,0,No Promotion
2024-04-02,Toys,Delhi,34,30.92,1051.28,22,43.1,0,4,Tuesday,1,0,No Promotion
2024-04-03,Electronics,Chennai,34,258.94,8803.96,16,53.1,1,4,Wednesday,2,0,Promotion
2024-04-03,Clothing,Chennai,62,42.69,2646.7799999999997,51,49.3,1,4,Wednesday,2,0,Promotion
2024-04-03,Groceries,Chennai,179,12.1,2165.9,105,50.4,1,4,Wednesday,2,0,Promotion
2024-04-03,Furniture,Bengaluru,11,387.15,4258.65,5,40.1,1,4,Wednesday,2,0,Promotion
2024-04-03,Toys,Bengaluru,32,33.28,1064.96,16,33.7,1,4,Wednesday,2,0,Promotion
2024-04-04,Electronics,Hyderabad,23,229.78,5284.94,13,23.2,0,4,Thursday,3,0,No Promotion
2024-04-04,Clothing,Mumbai,43,46.82,2013.26,27,28.6,0,4,Thursday,3,0,No Promotion
2024-04-04,Groceries,Hyderabad,138,11.46,1581.48,82,24.4,0,4,Thursday,3,0,No Promotion
2024-04-04,Furniture,Delhi,3,376.03,1128.09,1,35.0,0,4,Thursday,3,0,No Promotion
2024-04-04,Toys,Delhi,23,30.09,692.07,10,45.4,0,4,Thursday,3,0,No Promotion
2024-04-05,Electronics,Chennai,22,264.94,5828.68,20,23.4,0,4,Friday,4,0,No Promotion
2024-04-05,Clothing,Delhi,38,43.25,1643.5,19,35.8,0,4,Friday,4,0,No Promotion
2024-04-05,Groceries,Delhi,136,12.17,1655.12,73,26.5,0,4,Friday,4,0,No Promotion
2024-04-05,Furniture,Hyderabad,4,416.14,1664.56,2,54.9,0,4,Friday,4,0,No Promotion
2024-04-05,Toys,Chennai,24,27.99,671.76,15,41.8,0,4,Friday,4,0,No Promotion
2024-04-06,Electronics,Mumbai,24,251.64,6039.36,12,40.9,0,4,Saturday,5,1,No Promotion
2024-04-06,Clothing,Hyderabad,64,44.04,2818.56,45,35.0,0,4,Saturday,5,1,No Promotion
2024-04-06,Groceries,Delhi,132,11.8,1557.6000000000001,67,29.7,0,4,Saturday,5,1,No Promotion
2024-04-06,Furniture,Bengaluru,6,405.66,2433.96,3,35.4,0,4,Saturday,5,1,No Promotion
2024-04-06,Toys,Mumbai,25,28.24,706.0,21,32.8,0,4,Saturday,5,1,No Promotion
2024-04-07,Electronics,Delhi,25,237.41,5935.25,20,29.8,0,4,Sunday,6,1,No Promotion
2024-04-07,Clothing,Mumbai,44,44.38,1952.72,18,23.9,0,4,Sunday,6,1,No Promotion
2024-04-07,Groceries,Hyderabad,156,12.3,1918.8000000000002,94,24.8,0,4,Sunday,6,1,No Promotion
2024-04-07,Furniture,Delhi,13,367.18,4773.34,11,48.8,0,4,Sunday,6,1,No Promotion
2024-04-07,Toys,Chennai,35,30.17,1055.95,27,32.7,0,4,Sunday,6,1,No Promotion
2024-04-08,Electronics,Chennai,18,266.04,4788.72,10,24.6,0,4,Monday,0,0,No Promotion
2024-04-08,Clothing,Bengaluru,48,42.59,2044.3200000000002,19,39.8,0,4,Monday,0,0,No Promotion
2024-04-08,Groceries,Hyderabad,147,12.13,1783.1100000000001,97,19.1,0,4,Monday,0,0,No Promotion
2024-04-08,Furniture,Mumbai,6,366.27,2197.62,4,44.9,0,4,Monday,0,0,No Promotion
2024-04-08,Toys,Hyderabad,27,29.91,807.57,12,28.4,0,4,Monday,0,0,No Promotion
2024-04-09,Electronics,Mumbai,19,217.53,4133.07,10,24.9,0,4,Tuesday,1,0,No Promotion
2024-04-09,Clothing,Mumbai,43,44.67,1920.8100000000002,37,36.5,0,4,Tuesday,1,0,No Promotion
2024-04-09,Groceries,Delhi,122,13.61,1660.4199999999998,89,26.6,0,4,Tuesday,1,0,No Promotion
2024-04-09,Furniture,Chennai,4,348.75,1395.0,2,27.6,0,4,Tuesday,1,0,No Promotion
2024-04-09,Toys,Hyderabad,22,27.99,615.78,13,34.3,0,4,Tuesday,1,0,No Promotion
2024-04-10,Electronics,Hyderabad,19,263.24,5001.56,11,35.0,0,4,Wednesday,2,0,No Promotion
2024-04-10,Clothing,Hyderabad,37,48.15,1781.55,17,42.6,0,4,Wednesday,2,0,No Promotion
2024-04-10,Groceries,Chennai,118,11.6,1368.8,56,38.4,0,4,Wednesday,2,0,No Promotion
2024-04-10,Furniture,Mumbai,8,386.14,3089.12,5,52.2,0,4,Wednesday,2,0,No Promotion
2024-04-10,Toys,Hyderabad,27,30.09,812.43,12,34.1,0,4,Wednesday,2,0,No Promotion
2024-04-11,Electronics,Chennai,11,265.25,2917.75,7,41.8,0,4,Thursday,3,0,No Promotion
2024-04-11,Clothing,Mumbai,35,44.56,1559.6000000000001,19,41.1,0,4,Thursday,3,0,No Promotion
2024-04-11,Groceries,Hyderabad,133,11.64,1548.1200000000001,71,36.5,0,4,Thursday,3,0,No Promotion
2024-04-11,Furniture,Mumbai,6,378.82,2272.92,3,39.0,0,4,Thursday,3,0,No Promotion
2024-04-11,Toys,Bengaluru,26,27.46,713.96,13,50.5,0,4,Thursday,3,0,No Promotion
2024-04-12,Electronics,Mumbai,19,229.37,4358.03,8,9.1,0,4,Friday,4,0,No Promotion
2024-04-12,Clothing,Hyderabad,52,44.5,2314.0,28,26.0,0,4,Friday,4,0,No Promotion
2024-04-12,Groceries,Bengaluru,134,11.84,1586.56,115,23.9,0,4,Friday,4,0,No Promotion
2024-04-12,Furniture,Hyderabad,2,402.12,804.24,1,19.8,0,4,Friday,4,0,No Promotion
2024-04-12,Toys,Hyderabad,24,29.01,696.24,12,27.9,0,4,Friday,4,0,No Promotion
2024-04-13,Electronics,Delhi,26,260.7,6778.2,14,29.9,0,4,Saturday,5,1,No Promotion
2024-04-13,Clothing,Chennai,47,47.11,2214.17,23,47.9,0,4,Saturday,5,1,No Promotion
2024-04-13,Groceries,Delhi,153,11.98,1832.94,89,44.4,0,4,Saturday,5,1,No Promotion
2024-04-13,Furniture,Mumbai,5,405.98,2029.9,2,32.7,0,4,Saturday,5,1,No Promotion
2024-04-13,Toys,Delhi,30,29.31,879.3,12,43.6,0,4,Saturday,5,1,No Promotion
2024-04-14,Electronics,Mumbai,20,259.09,5181.799999999999,12,35.2,0,4,Sunday,6,1,No Promotion
2024-04-14,Clothing,Hyderabad,47,45.69,2147.43,31,34.8,0,4,Sunday,6,1,No Promotion
2024-04-14,Groceries,Chennai,196,12.36,2422.56,119,33.1,0,4,Sunday,6,1,No Promotion
2024-04-14,Furniture,Bengaluru,5,400.04,2000.2,3,44.6,0,4,Sunday,6,1,No Promotion
2024-04-14,Toys,Chennai,31,28.24,875.4399999999999,17,37.5,0,4,Sunday,6,1,No Promotion
2024-04-15,Electronics,Mumbai,12,221.37,2656.44,6,37.7,0,4,Monday,0,0,No Promotion
2024-04-15,Clothing,Mumbai,41,45.64,1871.24,20,14.0,0,4,Monday,0,0,No Promotion
2024-04-15,Groceries,Chennai,109,11.67,1272.03,98,32.3,0,4,Monday,0,0,No Promotion
2024-04-15,Furniture,Chennai,4,418.3,1673.2,3,18.1,0,4,Monday,0,0,No Promotion
2024-04-15,Toys,Bengaluru,29,28.32,821.28,23,27.1,0,4,Monday,0,0,No Promotion
2024-04-16,Electronics,Hyderabad,17,258.93,4401.81,8,34.8,0,4,Tuesday,1,0,No Promotion
2024-04-16,Clothing,Bengaluru,45,41.84,1882.8000000000002,20,42.8,0,4,Tuesday,1,0,No Promotion
2024-04-16,Groceries,Mumbai,103,11.94,1229.82,55,30.5,0,4,Tuesday,1,0,No Promotion
2024-04-16,Furniture,Hyderabad,7,423.61,2965.27,3,34.8,0,4,Tuesday,1,0,No Promotion
2024-04-16,Toys,Chennai,34,28.22,959.48,17,33.1,0,4,Tuesday,1,0,No Promotion
2024-04-17,Electronics,Delhi,26,250.61,6515.860000000001,22,28.4,1,4,Wednesday,2,0,Promotion
2024-04-17,Clothing,Mumbai,55,42.36,2329.8,26,33.6,1,4,Wednesday,2,0,Promotion
2024-04-17,Groceries,Chennai,189,12.3,2324.7000000000003,171,37.5,1,4,Wednesday,2,0,Promotion
2024-04-17,Furniture,Delhi,7,380.78,2665.46,4,12.6,1,4,Wednesday,2,0,Promotion
2024-04-17,Toys,Chennai,34,27.94,949.96,17,31.3,1,4,Wednesday,2,0,Promotion
2024-04-18,Electronics,Hyderabad,20,255.95,5119.0,17,46.8,0,4,Thursday,3,0,No Promotion
2024-04-18,Clothing,Hyderabad,43,48.04,2065.72,20,25.0,0,4,Thursday,3,0,No Promotion
2024-04-18,Groceries,Hyderabad,117,11.63,1360.71,104,25.4,0,4,Thursday,3,0,No Promotion
2024-04-18,Furniture,Chennai,10,380.18,3801.8,6,34.2,0,4,Thursday,3,0,No Promotion
2024-04-18,Toys,Chennai,39,30.75,1199.25,19,6.8,0,4,Thursday,3,0,No Promotion
2024-04-19,Electronics,Delhi,20,274.03,5480.599999999999,13,54.1,0,4,Friday,4,0,No Promotion
2024-04-19,Clothing,Chennai,43,44.81,1926.8300000000002,18,31.6,0,4,Friday,4,0,No Promotion
2024-04-19,Groceries,Delhi,123,12.57,1546.1100000000001,55,41.0,0,4,Friday,4,0,No Promotion
2024-04-19,Furniture,Bengaluru,10,379.59,3795.8999999999996,4,21.2,0,4,Friday,4,0,No Promotion
2024-04-19,Toys,Delhi,29,29.35,851.1500000000001,16,35.2,0,4,Friday,4,0,No Promotion
2024-04-20,Electronics,Bengaluru,36,252.86,9102.960000000001,26,22.0,1,4,Saturday,5,1,Promotion
2024-04-20,Clothing,Delhi,66,46.62,3076.9199999999996,30,32.8,1,4,Saturday,5,1,Promotion
2024-04-20,Groceries,Chennai,212,11.34,2404.08,95,38.7,1,4,Saturday,5,1,Promotion
2024-04-20,Furniture,Bengaluru,9,396.78,3571.0199999999995,6,21.1,1,4,Saturday,5,1,Promotion
2024-04-20,Toys,Hyderabad,39,30.52,1190.28,17,45.0,1,4,Saturday,5,1,Promotion
2024-04-21,Electronics,Hyderabad,23,256.89,5908.469999999999,9,35.6,0,4,Sunday,6,1,No Promotion
2024-04-21,Clothing,Mumbai,54,41.82,2258.28,47,42.7,0,4,Sunday,6,1,No Promotion
2024-04-21,Groceries,Bengaluru,187,12.52,2341.24,134,44.9,0,4,Sunday,6,1,No Promotion
2024-04-21,Furniture,Bengaluru,7,382.47,2677.29,4,39.7,0,4,Sunday,6,1,No Promotion
2024-04-21,Toys,Delhi,37,29.56,1093.72,18,32.6,0,4,Sunday,6,1,No Promotion
2024-04-22,Electronics,Mumbai,20,270.77,5415.4,15,40.4,0,4,Monday,0,0,No Promotion
2024-04-22,Clothing,Bengaluru,34,43.09,1465.0600000000002,14,34.7,0,4,Monday,0,0,No Promotion
2024-04-22,Groceries,Bengaluru,153,12.5,1912.5,137,37.1,0,4,Monday,0,0,No Promotion
2024-04-22,Furniture,Bengaluru,5,389.35,1946.75,3,34.1,0,4,Monday,0,0,No Promotion
2024-04-22,Toys,Delhi,23,27.83,640.0899999999999,10,35.6,0,4,Monday,0,0,No Promotion
2024-04-23,Electronics,Chennai,22,263.18,5789.96,16,39.0,0,4,Tuesday,1,0,No Promotion
2024-04-23,Clothing,Mumbai,44,48.58,2137.52,29,38.5,0,4,Tuesday,1,0,No Promotion
2024-04-23,Groceries,Bengaluru,140,12.2,1708.0,88,40.1,0,4,Tuesday,1,0,No Promotion
2024-04-23,Furniture,Bengaluru,4,373.52,1494.08,2,36.1,0,4,Tuesday,1,0,No Promotion
2024-04-23,Toys,Chennai,20,30.98,619.6,13,25.5,0,4,Tuesday,1,0,No Promotion
2024-04-24,Electronics,Delhi,14,236.52,3311.28,11,37.7,0,4,Wednesday,2,0,No Promotion
2024-04-24,Clothing,Bengaluru,48,42.32,2031.3600000000001,19,26.0,0,4,Wednesday,2,0,No Promotion
2024-04-24,Groceries,Bengaluru,117,12.07,1412.19,86,33.5,0,4,Wednesday,2,0,No Promotion
2024-04-24,Furniture,Bengaluru,1,367.92,367.92,1,45.3,0,4,Wednesday,2,0,No Promotion
2024-04-24,Toys,Chennai,28,29.51,826.2800000000001,17,39.8,0,4,Wednesday,2,0,No Promotion
2024-04-25,Electronics,Hyderabad,20,231.87,4637.4,9,34.5,1,4,Thursday,3,0,Promotion
2024-04-25,Clothing,Mumbai,55,48.24,2653.2000000000003,27,27.8,1,4,Thursday,3,0,Promotion
2024-04-25,Groceries,Mumbai,199,10.96,2181.04,158,41.1,1,4,Thursday,3,0,Promotion
2024-04-25,Furniture,Bengaluru,13,354.03,4602.389999999999,6,28.7,1,4,Thursday,3,0,Promotion
2024-04-25,Toys,Bengaluru,38,29.03,1103.14,20,23.9,1,4,Thursday,3,0,Promotion
2024-04-26,Electronics,Chennai,20,266.74,5334.8,10,24.7,0,4,Friday,4,0,No Promotion
2024-04-26,Clothing,Hyderabad,43,45.71,1965.53,32,31.0,0,4,Friday,4,0,No Promotion
2024-04-26,Groceries,Chennai,93,11.33,1053.69,51,36.0,0,4,Friday,4,0,No Promotion
2024-04-26,Furniture,Chennai,11,361.77,3979.47,7,32.7,0,4,Friday,4,0,No Promotion
2024-04-26,Toys,Chennai,23,30.8,708.4,9,17.2,0,4,Friday,4,0,No Promotion
2024-04-27,Electronics,Bengaluru,23,245.75,5652.25,13,30.3,0,4,Saturday,5,1,No Promotion
2024-04-27,Clothing,Bengaluru,52,45.24,2352.48,29,45.0,0,4,Saturday,5,1,No Promotion
2024-04-27,Groceries,Mumbai,160,11.4,1824.0,118,24.5,0,4,Saturday,5,1,No Promotion
2024-04-27,Furniture,Bengaluru,6,359.83,2158.98,5,40.3,0,4,Saturday,5,1,No Promotion
2024-04-27,Toys,Hyderabad,39,29.84,1163.76,19,35.7,0,4,Saturday,5,1,No Promotion
2024-04-28,Electronics,Mumbai,27,248.78,6717.06,23,24.3,0,4,Sunday,6,1,No Promotion
2024-04-28,Clothing,Chennai,62,42.99,2665.38,56,41.6,0,4,Sunday,6,1,No Promotion
2024-04-28,Groceries,Hyderabad,155,12.24,1897.2,95,39.5,0,4,Sunday,6,1,No Promotion
2024-04-28,Furniture,Bengaluru,10,385.9,3859.0,5,33.7,0,4,Sunday,6,1,No Promotion
2024-04-28,Toys,Mumbai,32,30.15,964.8,13,50.3,0,4,Sunday,6,1,No Promotion
2024-04-29,Electronics,Chennai,19,265.79,5050.01,13,35.8,0,4,Monday,0,0,No Promotion
2024-04-29,Clothing,Delhi,41,42.75,1752.75,26,27.9,0,4,Monday,0,0,No Promotion
2024-04-29,Groceries,Hyderabad,131,11.99,1570.69,97,25.8,0,4,Monday,0,0,No Promotion
2024-04-29,Furniture,Mumbai,6,383.69,2302.14,5,44.4,0,4,Monday,0,0,No Promotion
2024-04-29,Toys,Hyderabad,23,31.81,731.63,10,25.0,0,4,Monday,0,0,No Promotion
2024-04-30,Electronics,Chennai,19,251.42,4776.98,10,17.0,0,4,Tuesday,1,0,No Promotion
2024-04-30,Clothing,Delhi,45,47.12,2120.4,21,35.1,0,4,Tuesday,1,0,No Promotion
2024-04-30,Groceries,Bengaluru,121,13.14,1589.94,66,36.9,0,4,Tuesday,1,0,No Promotion
2024-04-30,Furniture,Mumbai,10,358.87,3588.7,5,34.0,0,4,Tuesday,1,0,No Promotion
2024-04-30,Toys,Chennai,31,26.45,819.9499999999999,18,42.1,0,4,Tuesday,1,0,No Promotion
2024-05-01,Electronics,Hyderabad,25,238.49,5962.25,18,44.7,0,5,Wednesday,2,0,No Promotion
2024-05-01,Clothing,Delhi,49,40.02,1960.9800000000002,35,33.0,0,5,Wednesday,2,0,No Promotion
2024-05-01,Groceries,Hyderabad,124,11.73,1454.52,79,49.3,0,5,Wednesday,2,0,No Promotion
2024-05-01,Furniture,Delhi,2,413.76,827.52,1,21.4,0,5,Wednesday,2,0,No Promotion
2024-05-01,Toys,Chennai,26,29.28,761.28,16,30.4,0,5,Wednesday,2,0,No Promotion
2024-05-02,Electronics,Delhi,16,248.2,3971.2,7,38.7,0,5,Thursday,3,0,No Promotion
2024-05-02,Clothing,Delhi,46,47.45,2182.7000000000003,32,29.5,0,5,Thursday,3,0,No Promotion
2024-05-02,Groceries,Bengaluru,139,12.81,1780.5900000000001,94,29.2,0,5,Thursday,3,0,No Promotion
2024-05-02,Furniture,Mumbai,9,378.2,3403.7999999999997,4,16.7,0,5,Thursday,3,0,No Promotion
2024-05-02,Toys,Chennai,30,31.21,936.3000000000001,21,45.4,0,5,Thursday,3,0,No Promotion
2024-05-03,Electronics,Hyderabad,17,242.61,4124.37,12,25.8,0,5,Friday,4,0,No Promotion
2024-05-03,Clothing,Chennai,34,45.14,1534.76,18,38.6,0,5,Friday,4,0,No Promotion
2024-05-03,Groceries,Hyderabad,130,12.37,1608.1,63,25.1,0,5,Friday,4,0,No Promotion
2024-05-03,Furniture,Mumbai,6,374.15,2244.8999999999996,2,52.1,0,5,Friday,4,0,No Promotion
2024-05-03,Toys,Chennai,18,29.81,536.5799999999999,13,13.4,0,5,Friday,4,0,No Promotion
2024-05-04,Electronics,Delhi,23,245.34,5642.82,15,42.6,0,5,Saturday,5,1,No Promotion
2024-05-04,Clothing,Chennai,56,45.12,2526.72,37,33.5,0,5,Saturday,5,1,No Promotion
2024-05-04,Groceries,Delhi,135,12.24,1652.4,98,38.4,0,5,Saturday,5,1,No Promotion
2024-05-04,Furniture,Hyderabad,4,361.47,1445.88,2,45.7,0,5,Saturday,5,1,No Promotion
2024-05-04,Toys,Bengaluru,37,28.68,1061.16,17,35.8,0,5,Saturday,5,1,No Promotion
2024-05-05,Electronics,Delhi,26,252.85,6574.099999999999,12,13.9,0,5,Sunday,6,1,No Promotion
2024-05-05,Clothing,Bengaluru,51,44.41,2264.91,21,28.1,0,5,Sunday,6,1,No Promotion
2024-05-05,Groceries,Chennai,157,11.42,1792.94,116,36.6,0,5,Sunday,6,1,No Promotion
2024-05-05,Furniture,Bengaluru,3,373.75,1121.25,2,36.9,0,5,Sunday,6,1,No Promotion
2024-05-05,Toys,Hyderabad,31,27.91,865.21,19,49.4,0,5,Sunday,6,1,No Promotion
2024-05-06,Electronics,Bengaluru,23,249.88,5747.24,18,36.2,0,5,Monday,0,0,No Promotion
2024-05-06,Clothing,Bengaluru,46,45.35,2086.1,24,32.4,0,5,Monday,0,0,No Promotion
2024-05-06,Groceries,Delhi,115,10.74,1235.1000000000001,63,58.9,0,5,Monday,0,0,No Promotion
2024-05-06,Furniture,Delhi,5,404.5,2022.5,3,41.1,0,5,Monday,0,0,No Promotion
2024-05-06,Toys,Bengaluru,25,34.73,868.2499999999999,14,29.6,0,5,Monday,0,0,No Promotion
2024-05-07,Electronics,Chennai,22,251.76,5538.719999999999,18,40.3,0,5,Tuesday,1,0,No Promotion
2024-05-07,Clothing,Delhi,40,41.66,1666.3999999999999,20,27.7,0,5,Tuesday,1,0,No Promotion
2024-05-07,Groceries,Hyderabad,104,12.07,1255.28,86,28.8,0,5,Tuesday,1,0,No Promotion
2024-05-07,Furniture,Chennai,8,331.96,2655.68,5,18.4,0,5,Tuesday,1,0,No Promotion
2024-05-07,Toys,Delhi,27,30.21,815.6700000000001,14,54.4,0,5,Tuesday,1,0,No Promotion
2024-05-08,Electronics,Hyderabad,25,236.24,5906.0,16,33.1,1,5,Wednesday,2,0,Promotion
2024-05-08,Clothing,Chennai,55,46.74,2570.7000000000003,43,39.8,1,5,Wednesday,2,0,Promotion
2024-05-08,Groceries,Bengaluru,158,11.58,1829.64,103,46.3,1,5,Wednesday,2,0,Promotion
2024-05-08,Furniture,Bengaluru,11,328.59,3614.49,6,32.3,1,5,Wednesday,2,0,Promotion
2024-05-08,Toys,Mumbai,35,27.91,976.85,15,41.6,1,5,Wednesday,2,0,Promotion
2024-05-09,Electronics,Hyderabad,21,238.97,5018.37,12,35.5,0,5,Thursday,3,0,No Promotion
2024-05-09,Clothing,Hyderabad,41,48.81,2001.21,25,50.6,0,5,Thursday,3,0,No Promotion
2024-05-09,Groceries,Delhi,148,11.05,1635.4,108,44.3,0,5,Thursday,3,0,No Promotion
2024-05-09,Furniture,Mumbai,13,393.21,5111.73,6,29.8,0,5,Thursday,3,0,No Promotion
2024-05-09,Toys,Mumbai,23,26.18,602.14,16,34.7,0,5,Thursday,3,0,No Promotion
2024-05-10,Electronics,Bengaluru,19,257.06,4884.14,8,29.0,0,5,Friday,4,0,No Promotion
2024-05-10,Clothing,Delhi,51,42.35,2159.85,28,44.5,0,5,Friday,4,0,No Promotion
2024-05-10,Groceries,Delhi,135,11.49,1551.15,85,36.0,0,5,Friday,4,0,No Promotion
2024-05-10,Furniture,Chennai,2,401.74,803.48,1,45.8,0,5,Friday,4,0,No Promotion
2024-05-10,Toys,Mumbai,30,32.62,978.5999999999999,25,42.8,0,5,Friday,4,0,No Promotion
2024-05-11,Electronics,Mumbai,30,267.4,8021.999999999999,16,38.1,0,5,Saturday,5,1,No Promotion
2024-05-11,Clothing,Bengaluru,57,45.04,2567.2799999999997,26,24.5,0,5,Saturday,5,1,No Promotion
2024-05-11,Groceries,Delhi,139,11.15,1549.8500000000001,87,24.7,0,5,Saturday,5,1,No Promotion
2024-05-11,Furniture,Bengaluru,4,371.64,1486.56,3,26.9,0,5,Saturday,5,1,No Promotion
2024-05-11,Toys,Delhi,24,30.46,731.04,18,23.9,0,5,Saturday,5,1,No Promotion
2024-05-12,Electronics,Delhi,18,249.49,4490.82,11,57.9,0,5,Sunday,6,1,No Promotion
2024-05-12,Clothing,Delhi,60,40.55,2433.0,38,40.6,0,5,Sunday,6,1,No Promotion
2024-05-12,Groceries,Hyderabad,150,12.68,1902.0,75,24.4,0,5,Sunday,6,1,No Promotion
2024-05-12,Furniture,Delhi,5,385.95,1929.75,4,21.2,0,5,Sunday,6,1,No Promotion
2024-05-12,Toys,Bengaluru,43,31.27,1344.61,18,30.9,0,5,Sunday,6,1,No Promotion
2024-05-13,Electronics,Mumbai,18,252.87,4551.66,16,29.9,0,5,Monday,0,0,No Promotion
2024-05-13,Clothing,Hyderabad,49,38.84,1903.16,24,34.4,0,5,Monday,0,0,No Promotion
2024-05-13,Groceries,Mumbai,121,11.6,1403.6,88,30.5,0,5,Monday,0,0,No Promotion
2024-05-13,Furniture,Mumbai,4,390.58,1562.32,2,18.2,0,5,Monday,0,0,No Promotion
2024-05-13,Toys,Bengaluru,25,30.56,764.0,13,45.4,0,5,Monday,0,0,No Promotion
2024-05-14,Electronics,Hyderabad,15,270.97,4064.55,7,48.9,0,5,Tuesday,1,0,No Promotion
2024-05-14,Clothing,Delhi,36,45.21,1627.56,25,35.6,0,5,Tuesday,1,0,No Promotion
2024-05-14,Groceries,Chennai,138,11.05,1524.9,113,29.7,0,5,Tuesday,1,0,No Promotion
2024-05-14,Furniture,Bengaluru,10,373.57,3735.7,5,36.6,0,5,Tuesday,1,0,No Promotion
2024-05-14,Toys,Hyderabad,28,28.13,787.64,15,22.4,0,5,Tuesday,1,0,No Promotion
2024-05-15,Electronics,Hyderabad,27,252.94,6829.38,23,29.9,1,5,Wednesday,2,0,Promotion
2024-05-15,Clothing,Bengaluru,62,45.46,2818.52,33,30.7,1,5,Wednesday,2,0,Promotion
2024-05-15,Groceries,Mumbai,136,12.72,1729.92,85,47.0,1,5,Wednesday,2,0,Promotion
2024-05-15,Furniture,Delhi,9,368.6,3317.4,6,41.1,1,5,Wednesday,2,0,Promotion
2024-05-15,Toys,Mumbai,37,27.33,1011.2099999999999,27,18.3,1,5,Wednesday,2,0,Promotion
2024-05-16,Electronics,Chennai,21,252.73,5307.33,15,47.6,0,5,Thursday,3,0,No Promotion
2024-05-16,Clothing,Chennai,50,45.01,2250.5,33,20.7,0,5,Thursday,3,0,No Promotion
2024-05-16,Groceries,Mumbai,114,12.37,1410.1799999999998,94,33.7,0,5,Thursday,3,0,No Promotion
2024-05-16,Furniture,Delhi,10,404.1,4041.0,7,31.9,0,5,Thursday,3,0,No Promotion
2024-05-16,Toys,Bengaluru,26,29.24,760.24,12,33.0,0,5,Thursday,3,0,No Promotion
2024-05-17,Electronics,Mumbai,23,265.39,6103.969999999999,19,30.1,0,5,Friday,4,0,No Promotion
2024-05-17,Clothing,Chennai,38,49.13,1866.94,31,51.4,0,5,Friday,4,0,No Promotion
2024-05-17,Groceries,Bengaluru,126,12.38,1559.88,84,18.5,0,5,Friday,4,0,No Promotion
2024-05-17,Furniture,Chennai,4,428.81,1715.24,2,36.9,0,5,Friday,4,0,No Promotion
2024-05-17,Toys,Hyderabad,21,31.47,660.87,16,40.6,0,5,Friday,4,0,No Promotion
2024-05-18,Electronics,Mumbai,26,237.85,6184.099999999999,18,39.1,0,5,Saturday,5,1,No Promotion
2024-05-18,Clothing,Bengaluru,53,43.16,2287.48,34,28.2,0,5,Saturday,5,1,No Promotion
2024-05-18,Groceries,Bengaluru,191,11.72,2238.52,146,26.7,0,5,Saturday,5,1,No Promotion
2024-05-18,Furniture,Delhi,5,397.43,1987.15,2,26.4,0,5,Saturday,5,1,No Promotion
2024-05-18,Toys,Mumbai,32,30.09,962.88,22,28.2,0,5,Saturday,5,1,No Promotion
2024-05-19,Electronics,Hyderabad,30,245.22,7356.6,13,41.7,0,5,Sunday,6,1,No Promotion
2024-05-19,Clothing,Delhi,48,47.16,2263.68,37,38.7,0,5,Sunday,6,1,No Promotion
2024-05-19,Groceries,Bengaluru,165,12.87,2123.5499999999997,96,32.6,0,5,Sunday,6,1,No Promotion
2024-05-19,Furniture,Bengaluru,8,394.35,3154.8,5,15.0,0,5,Sunday,6,1,No Promotion
2024-05-19,Toys,Bengaluru,33,29.31,967.2299999999999,30,47.2,0,5,Sunday,6,1,No Promotion
2024-05-20,Electronics,Bengaluru,24,270.38,6489.12,19,34.0,1,5,Monday,0,0,Promotion
2024-05-20,Clothing,Bengaluru,53,43.38,2299.1400000000003,34,38.6,1,5,Monday,0,0,Promotion
2024-05-20,Groceries,Hyderabad,179,12.3,2201.7000000000003,74,31.7,1,5,Monday,0,0,Promotion
2024-05-20,Furniture,Hyderabad,6,400.25,2401.5,3,26.9,1,5,Monday,0,0,Promotion
2024-05-20,Toys,Bengaluru,32,31.53,1008.96,23,35.5,1,5,Monday,0,0,Promotion
2024-05-21,Electronics,Delhi,17,252.17,4286.889999999999,15,45.7,0,5,Tuesday,1,0,No Promotion
2024-05-21,Clothing,Bengaluru,41,43.93,1801.1299999999999,34,33.3,0,5,Tuesday,1,0,No Promotion
2024-05-21,Groceries,Delhi,118,12.17,1436.06,59,40.4,0,5,Tuesday,1,0,No Promotion
2024-05-21,Furniture,Delhi,6,352.63,2115.7799999999997,4,26.5,0,5,Tuesday,1,0,No Promotion
2024-05-21,Toys,Hyderabad,27,27.53,743.3100000000001,16,32.0,0,5,Tuesday,1,0,No Promotion
2024-05-22,Electronics,Mumbai,23,266.26,6123.98,15,34.8,0,5,Wednesday,2,0,No Promotion
2024-05-22,Clothing,Delhi,36,45.6,1641.6000000000001,19,35.0,0,5,Wednesday,2,0,No Promotion
2024-05-22,Groceries,Chennai,126,12.12,1527.12,57,38.1,0,5,Wednesday,2,0,No Promotion
2024-05-22,Furniture,Bengaluru,7,387.92,2715.44,4,58.0,0,5,Wednesday,2,0,No Promotion
2024-05-22,Toys,Bengaluru,24,33.42,802.08,12,32.8,0,5,Wednesday,2,0,No Promotion
2024-05-23,Electronics,Mumbai,31,261.67,8111.77,15,40.9,1,5,Thursday,3,0,Promotion
2024-05-23,Clothing,Chennai,61,44.65,2723.65,26,36.0,1,5,Thursday,3,0,Promotion
2024-05-23,Groceries,Delhi,180,10.79,1942.1999999999998,102,58.4,1,5,Thursday,3,0,Promotion
2024-05-23,Furniture,Delhi,9,363.88,3274.92,6,25.1,1,5,Thursday,3,0,Promotion
2024-05-23,Toys,Bengaluru,36,32.04,1153.44,17,37.9,1,5,Thursday,3,0,Promotion
2024-05-24,Electronics,Chennai,14,247.26,3461.64,10,19.8,0,5,Friday,4,0,No Promotion
2024-05-24,Clothing,Mumbai,54,46.23,2496.4199999999996,37,23.2,0,5,Friday,4,0,No Promotion
2024-05-24,Groceries,Mumbai,136,12.44,1691.84,96,42.3,0,5,Friday,4,0,No Promotion
2024-05-24,Furniture,Mumbai,3,358.29,1074.8700000000001,2,28.5,0,5,Friday,4,0,No Promotion
2024-05-24,Toys,Delhi,28,32.61,913.0799999999999,18,42.7,0,5,Friday,4,0,No Promotion
2024-05-25,Electronics,Bengaluru,23,254.36,5850.280000000001,10,37.2,0,5,Saturday,5,1,No Promotion
2024-05-25,Clothing,Delhi,67,43.14,2890.38,52,26.6,0,5,Saturday,5,1,No Promotion
2024-05-25,Groceries,Chennai,145,12.23,1773.3500000000001,96,33.5,0,5,Saturday,5,1,No Promotion
2024-05-25,Furniture,Delhi,12,376.72,4520.64,5,39.3,0,5,Saturday,5,1,No Promotion
2024-05-25,Toys,Mumbai,41,32.1,1316.1000000000001,18,43.7,0,5,Saturday,5,1,No Promotion
2024-05-26,Electronics,Bengaluru,23,254.33,5849.59,18,16.5,0,5,Sunday,6,1,No Promotion
2024-05-26,Clothing,Mumbai,52,44.05,2290.6,22,42.8,0,5,Sunday,6,1,No Promotion
2024-05-26,Groceries,Delhi,166,12.4,2058.4,103,31.0,0,5,Sunday,6,1,No Promotion
2024-05-26,Furniture,Mumbai,8,396.27,3170.16,3,46.2,0,5,Sunday,6,1,No Promotion
2024-05-26,Toys,Chennai,19,27.92,530.48,11,35.2,0,5,Sunday,6,1,No Promotion
2024-05-27,Electronics,Hyderabad,19,234.21,4449.99,8,56.1,0,5,Monday,0,0,No Promotion
2024-05-27,Clothing,Mumbai,30,48.28,1448.4,20,26.7,0,5,Monday,0,0,No Promotion
2024-05-27,Groceries,Bengaluru,144,11.46,1650.2400000000002,68,37.5,0,5,Monday,0,0,No Promotion
2024-05-27,Furniture,Hyderabad,11,373.48,4108.280000000001,9,39.0,0,5,Monday,0,0,No Promotion
2024-05-27,Toys,Delhi,29,33.6,974.4000000000001,13,44.0,0,5,Monday,0,0,No Promotion
2024-05-28,Electronics,Chennai,19,268.93,5109.67,9,29.6,0,5,Tuesday,1,0,No Promotion
2024-05-28,Clothing,Chennai,43,45.95,1975.8500000000001,32,31.4,0,5,Tuesday,1,0,No Promotion
2024-05-28,Groceries,Bengaluru,142,12.38,1757.96,105,31.5,0,5,Tuesday,1,0,No Promotion
2024-05-28,Furniture,Bengaluru,8,398.68,3189.44,4,18.5,0,5,Tuesday,1,0,No Promotion
2024-05-28,Toys,Delhi,17,31.56,536.52,8,34.7,0,5,Tuesday,1,0,No Promotion
2024-05-29,Electronics,Mumbai,20,251.75,5035.0,14,31.2,0,5,Wednesday,2,0,No Promotion
2024-05-29,Clothing,Mumbai,48,44.68,2144.64,22,30.2,0,5,Wednesday,2,0,No Promotion
2024-05-29,Groceries,Hyderabad,120,10.13,1215.6000000000001,80,15.3,0,5,Wednesday,2,0,No Promotion
2024-05-29,Furniture,Hyderabad,7,393.46,2754.22,5,35.0,0,5,Wednesday,2,0,No Promotion
2024-05-29,Toys,Hyderabad,26,27.56,716.56,11,20.6,0,5,Wednesday,2,0,No Promotion
2024-05-30,Electronics,Bengaluru,17,235.61,4005.3700000000003,9,37.0,0,5,Thursday,3,0,No Promotion
2024-05-30,Clothing,Bengaluru,45,42.1,1894.5,21,35.3,0,5,Thursday,3,0,No Promotion
2024-05-30,Groceries,Mumbai,114,13.09,1492.26,52,35.4,0,5,Thursday,3,0,No Promotion
2024-05-30,Furniture,Mumbai,3,358.99,1076.97,1,40.0,0,5,Thursday,3,0,No Promotion
2024-05-30,Toys,Hyderabad,26,31.89,829.14,12,20.8,0,5,Thursday,3,0,No Promotion
2024-05-31,Electronics,Mumbai,20,241.63,4832.6,12,17.0,0,5,Friday,4,0,No Promotion
2024-05-31,Clothing,Bengaluru,40,45.99,1839.6000000000001,26,30.3,0,5,Friday,4,0,No Promotion
2024-05-31,Groceries,Hyderabad,112,11.7,1310.3999999999999,75,23.5,0,5,Friday,4,0,No Promotion
2024-05-31,Furniture,Hyderabad,1,370.21,370.21,1,40.4,0,5,Friday,4,0,No Promotion
2024-05-31,Toys,Chennai,28,30.22,846.16,24,42.2,0,5,Friday,4,0,No Promotion
2024-06-01,Electronics,Delhi,24,244.25,5862.0,12,45.6,0,6,Saturday,5,1,No Promotion
2024-06-01,Clothing,Bengaluru,46,44.77,2059.42,39,45.6,0,6,Saturday,5,1,No Promotion
2024-06-01,Groceries,Bengaluru,150,12.41,1861.5,62,32.9,0,6,Saturday,5,1,No Promotion
2024-06-01,Furniture,Bengaluru,11,384.2,4226.2,9,40.1,0,6,Saturday,5,1,No Promotion
2024-06-01,Toys,Mumbai,34,29.15,991.0999999999999,15,32.7,0,6,Saturday,5,1,No Promotion
2024-06-02,Electronics,Delhi,20,237.3,4746.0,11,26.6,0,6,Sunday,6,1,No Promotion
2024-06-02,Clothing,Delhi,57,43.55,2482.35,41,27.0,0,6,Sunday,6,1,No Promotion
2024-06-02,Groceries,Hyderabad,129,12.82,1653.78,67,46.9,0,6,Sunday,6,1,No Promotion
2024-06-02,Furniture,Bengaluru,8,378.14,3025.12,4,34.3,0,6,Sunday,6,1,No Promotion
2024-06-02,Toys,Mumbai,36,31.7,1141.2,24,37.8,0,6,Sunday,6,1,No Promotion
2024-06-03,Electronics,Delhi,16,254.42,4070.72,11,25.9,0,6,Monday,0,0,No Promotion
2024-06-03,Clothing,Hyderabad,35,45.51,1592.85,26,26.6,0,6,Monday,0,0,No Promotion
2024-06-03,Groceries,Hyderabad,100,11.89,1189.0,66,45.5,0,6,Monday,0,0,No Promotion
2024-06-03,Furniture,Chennai,9,370.1,3330.9,5,29.6,0,6,Monday,0,0,No Promotion
2024-06-03,Toys,Chennai,29,31.1,901.9000000000001,25,42.0,0,6,Monday,0,0,No Promotion
2024-06-04,Electronics,Hyderabad,15,250.84,3762.6,13,48.0,0,6,Tuesday,1,0,No Promotion
2024-06-04,Clothing,Bengaluru,42,44.83,1882.86,22,34.9,0,6,Tuesday,1,0,No Promotion
2024-06-04,Groceries,Bengaluru,125,11.77,1471.25,83,37.5,0,6,Tuesday,1,0,No Promotion
2024-06-04,Furniture,Mumbai,3,388.87,1166.6100000000001,1,36.4,0,6,Tuesday,1,0,No Promotion
2024-06-04,Toys,Bengaluru,27,30.19,815.13,22,20.3,0,6,Tuesday,1,0,No Promotion
2024-06-05,Electronics,Bengaluru,14,238.66,3341.24,6,50.0,0,6,Wednesday,2,0,No Promotion
2024-06-05,Clothing,Delhi,41,44.65,1830.6499999999999,27,38.4,0,6,Wednesday,2,0,No Promotion
2024-06-05,Groceries,Delhi,132,13.02,1718.6399999999999,58,33.5,0,6,Wednesday,2,0,No Promotion
2024-06-05,Furniture,Delhi,6,401.62,2409.7200000000003,3,25.0,0,6,Wednesday,2,0,No Promotion
2024-06-05,Toys,Chennai,26,30.68,797.68,23,53.9,0,6,Wednesday,2,0,No Promotion
2024-06-06,Electronics,Chennai,21,244.7,5138.7,13,26.2,0,6,Thursday,3,0,No Promotion
2024-06-06,Clothing,Bengaluru,40,42.49,1699.6000000000001,18,45.0,0,6,Thursday,3,0,No Promotion
2024-06-06,Groceries,Delhi,117,11.38,1331.46,48,36.0,0,6,Thursday,3,0,No Promotion
2024-06-06,Furniture,Mumbai,10,380.49,3804.9,5,34.2,0,6,Thursday,3,0,No Promotion
2024-06-06,Toys,Bengaluru,28,29.97,839.16,14,28.6,0,6,Thursday,3,0,No Promotion
2024-06-07,Electronics,Delhi,16,249.49,3991.84,8,27.3,0,6,Friday,4,0,No Promotion
2024-06-07,Clothing,Chennai,48,45.31,2174.88,24,43.0,0,6,Friday,4,0,No Promotion
2024-06-07,Groceries,Hyderabad,99,11.4,1128.6000000000001,69,34.5,0,6,Friday,4,0,No Promotion
2024-06-07,Furniture,Hyderabad,10,334.69,3346.9,5,54.0,0,6,Friday,4,0,No Promotion
2024-06-07,Toys,Mumbai,33,30.06,991.9799999999999,21,23.2,0,6,Friday,4,0,No Promotion
2024-06-08,Electronics,Hyderabad,21,252.53,5303.13,17,30.9,0,6,Saturday,5,1,No Promotion
2024-06-08,Clothing,Delhi,70,44.62,3123.3999999999996,57,29.2,0,6,Saturday,5,1,No Promotion
2024-06-08,Groceries,Chennai,118,11.74,1385.32,93,37.7,0,6,Saturday,5,1,No Promotion
2024-06-08,Furniture,Mumbai,3,407.39,1222.17,1,32.8,0,6,Saturday,5,1,No Promotion
2024-06-08,Toys,Hyderabad,39,29.0,1131.0,17,38.4,0,6,Saturday,5,1,No Promotion
2024-06-09,Electronics,Hyderabad,29,246.26,7141.54,13,29.8,0,6,Sunday,6,1,No Promotion
2024-06-09,Clothing,Mumbai,51,45.47,2318.97,43,37.9,0,6,Sunday,6,1,No Promotion
2024-06-09,Groceries,Hyderabad,119,12.28,1461.32,102,26.7,0,6,Sunday,6,1,No Promotion
2024-06-09,Furniture,Delhi,8,393.05,3144.4,3,14.8,0,6,Sunday,6,1,No Promotion
2024-06-09,Toys,Mumbai,35,30.22,1057.7,17,31.5,0,6,Sunday,6,1,No Promotion
2024-06-10,Electronics,Bengaluru,13,265.28,3448.6399999999994,9,41.3,0,6,Monday,0,0,No Promotion
2024-06-10,Clothing,Chennai,50,45.05,2252.5,42,15.9,0,6,Monday,0,0,No Promotion
2024-06-10,Groceries,Mumbai,116,12.18,1412.8799999999999,72,51.8,0,6,Monday,0,0,No Promotion
2024-06-10,Furniture,Mumbai,4,383.56,1534.24,3,40.2,0,6,Monday,0,0,No Promotion
2024-06-10,Toys,Bengaluru,31,30.05,931.5500000000001,21,24.9,0,6,Monday,0,0,No Promotion
2024-06-11,Electronics,Hyderabad,16,243.66,3898.56,7,10.6,0,6,Tuesday,1,0,No Promotion
2024-06-11,Clothing,Hyderabad,37,43.61,1613.57,16,23.5,0,6,Tuesday,1,0,No Promotion
2024-06-11,Groceries,Delhi,139,12.1,1681.8999999999999,71,46.2,0,6,Tuesday,1,0,No Promotion
2024-06-11,Furniture,Hyderabad,10,375.37,3753.7,5,41.7,0,6,Tuesday,1,0,No Promotion
2024-06-11,Toys,Hyderabad,27,29.99,809.7299999999999,23,41.7,0,6,Tuesday,1,0,No Promotion
2024-06-12,Electronics,Hyderabad,19,246.47,4682.93,8,30.3,0,6,Wednesday,2,0,No Promotion
2024-06-12,Clothing,Bengaluru,38,46.12,1752.56,31,42.3,0,6,Wednesday,2,0,No Promotion
2024-06-12,Groceries,Delhi,106,11.68,1238.08,76,30.9,0,6,Wednesday,2,0,No Promotion
2024-06-12,Furniture,Hyderabad,6,378.66,2271.96,3,30.0,0,6,Wednesday,2,0,No Promotion
2024-06-12,Toys,Mumbai,21,32.24,677.0400000000001,14,28.1,0,6,Wednesday,2,0,No Promotion
2024-06-13,Electronics,Delhi,19,244.61,4647.59,14,40.8,0,6,Thursday,3,0,No Promotion
2024-06-13,Clothing,Mumbai,41,44.73,1833.9299999999998,19,75.6,0,6,Thursday,3,0,No Promotion
2024-06-13,Groceries,Mumbai,138,11.36,1567.6799999999998,57,17.9,0,6,Thursday,3,0,No Promotion
2024-06-13,Furniture,Chennai,3,408.47,1225.41,2,28.8,0,6,Thursday,3,0,No Promotion
2024-06-13,Toys,Bengaluru,21,27.82,584.22,16,40.8,0,6,Thursday,3,0,No Promotion
2024-06-14,Electronics,Hyderabad,19,230.97,4388.43,13,49.3,0,6,Friday,4,0,No Promotion
2024-06-14,Clothing,Delhi,48,44.14,2118.7200000000003,23,52.5,0,6,Friday,4,0,No Promotion
2024-06-14,Groceries,Delhi,121,12.71,1537.91,86,41.0,0,6,Friday,4,0,No Promotion
2024-06-14,Furniture,Bengaluru,13,387.33,5035.29,6,31.2,0,6,Friday,4,0,No Promotion
2024-06-14,Toys,Delhi,25,30.26,756.5,15,27.0,0,6,Friday,4,0,No Promotion
2024-06-15,Electronics,Hyderabad,18,237.14,4268.5199999999995,7,42.5,0,6,Saturday,5,1,No Promotion
2024-06-15,Clothing,Hyderabad,48,40.33,1935.84,24,41.9,0,6,Saturday,5,1,No Promotion
2024-06-15,Groceries,Bengaluru,175,11.84,2072.0,76,29.4,0,6,Saturday,5,1,No Promotion
2024-06-15,Furniture,Chennai,5,352.54,1762.7,2,43.0,0,6,Saturday,5,1,No Promotion
2024-06-15,Toys,Hyderabad,31,28.31,877.61,14,40.1,0,6,Saturday,5,1,No Promotion
2024-06-16,Electronics,Delhi,14,254.72,3566.08,6,22.9,0,6,Sunday,6,1,No Promotion
2024-06-16,Clothing,Mumbai,50,44.02,2201.0,33,39.8,0,6,Sunday,6,1,No Promotion
2024-06-16,Groceries,Chennai,183,11.63,2128.29,124,34.0,0,6,Sunday,6,1,No Promotion
2024-06-16,Furniture,Hyderabad,4,397.71,1590.84,2,44.6,0,6,Sunday,6,1,No Promotion
2024-06-16,Toys,Delhi,34,30.65,1042.1,14,30.6,0,6,Sunday,6,1,No Promotion
2024-06-17,Electronics,Bengaluru,24,261.33,6271.92,12,31.2,0,6,Monday,0,0,No Promotion
2024-06-17,Clothing,Hyderabad,43,50.08,2153.44,27,44.9,0,6,Monday,0,0,No Promotion
2024-06-17,Groceries,Hyderabad,132,11.89,1569.48,65,35.1,0,6,Monday,0,0,No Promotion
2024-06-17,Furniture,Chennai,9,372.14,3349.2599999999998,6,38.7,0,6,Monday,0,0,No Promotion
2024-06-17,Toys,Delhi,32,31.58,1010.56,14,26.3,0,6,Monday,0,0,No Promotion
2024-06-18,Electronics,Chennai,18,247.08,4447.4400000000005,9,22.1,0,6,Tuesday,1,0,No Promotion
2024-06-18,Clothing,Mumbai,48,48.12,2309.7599999999998,24,49.0,0,6,Tuesday,1,0,No Promotion
2024-06-18,Groceries,Delhi,141,12.12,1708.9199999999998,89,29.5,0,6,Tuesday,1,0,No Promotion
2024-06-18,Furniture,Chennai,7,414.62,2902.34,3,10.6,0,6,Tuesday,1,0,No Promotion
2024-06-18,Toys,Bengaluru,29,30.06,871.74,24,49.7,0,6,Tuesday,1,0,No Promotion
2024-06-19,Electronics,Hyderabad,20,234.66,4693.2,8,9.6,0,6,Wednesday,2,0,No Promotion
2024-06-19,Clothing,Bengaluru,44,46.63,2051.7200000000003,22,30.2,0,6,Wednesday,2,0,No Promotion
2024-06-19,Groceries,Hyderabad,160,11.89,1902.4,102,27.3,0,6,Wednesday,2,0,No Promotion
2024-06-19,Furniture,Bengaluru,7,366.27,2563.89,5,17.7,0,6,Wednesday,2,0,No Promotion
2024-06-19,Toys,Chennai,25,28.7,717.5,15,28.1,0,6,Wednesday,2,0,No Promotion
2024-06-20,Electronics,Hyderabad,24,250.45,6010.799999999999,17,42.7,0,6,Thursday,3,0,No Promotion
2024-06-20,Clothing,Chennai,56,44.46,2489.76,38,34.4,0,6,Thursday,3,0,No Promotion
2024-06-20,Groceries,Bengaluru,107,12.37,1323.59,89,46.3,0,6,Thursday,3,0,No Promotion
2024-06-20,Furniture,Bengaluru,6,380.49,2282.94,2,39.6,0,6,Thursday,3,0,No Promotion
2024-06-20,Toys,Chennai,31,29.43,912.33,16,29.6,0,6,Thursday,3,0,No Promotion
2024-06-21,Electronics,Bengaluru,25,257.25,6431.25,12,33.4,0,6,Friday,4,0,No Promotion
2024-06-21,Clothing,Mumbai,49,44.45,2178.05,22,46.5,0,6,Friday,4,0,No Promotion
2024-06-21,Groceries,Bengaluru,140,11.86,1660.3999999999999,75,43.4,0,6,Friday,4,0,No Promotion
2024-06-21,Furniture,Bengaluru,7,396.04,2772.28,4,4.1,0,6,Friday,4,0,No Promotion
2024-06-21,Toys,Hyderabad,22,29.65,652.3,12,44.2,0,6,Friday,4,0,No Promotion
2024-06-22,Electronics,Chennai,29,242.34,7027.86,17,50.7,0,6,Saturday,5,1,No Promotion
2024-06-22,Clothing,Hyderabad,50,45.84,2292.0,29,33.9,0,6,Saturday,5,1,No Promotion
2024-06-22,Groceries,Hyderabad,169,12.54,2119.2599999999998,136,36.1,0,6,Saturday,5,1,No Promotion
2024-06-22,Furniture,Mumbai,9,373.55,3361.9500000000003,5,35.3,0,6,Saturday,5,1,No Promotion
2024-06-22,Toys,Hyderabad,32,29.64,948.48,15,33.6,0,6,Saturday,5,1,No Promotion
2024-06-23,Electronics,Bengaluru,24,239.94,5758.5599999999995,20,28.1,0,6,Sunday,6,1,No Promotion
2024-06-23,Clothing,Bengaluru,38,47.23,1794.7399999999998,19,28.3,0,6,Sunday,6,1,No Promotion
2024-06-23,Groceries,Delhi,165,12.05,1988.2500000000002,119,30.5,0,6,Sunday,6,1,No Promotion
2024-06-23,Furniture,Delhi,11,363.76,4001.3599999999997,6,29.1,0,6,Sunday,6,1,No Promotion
2024-06-23,Toys,Hyderabad,18,32.31,581.58,14,28.5,0,6,Sunday,6,1,No Promotion
2024-06-24,Electronics,Mumbai,22,272.38,5992.36,12,11.5,0,6,Monday,0,0,No Promotion
2024-06-24,Clothing,Hyderabad,46,44.47,2045.62,20,32.4,0,6,Monday,0,0,No Promotion
2024-06-24,Groceries,Chennai,126,12.3,1549.8000000000002,94,47.3,0,6,Monday,0,0,No Promotion
2024-06-24,Furniture,Delhi,7,391.59,2741.1299999999997,5,32.2,0,6,Monday,0,0,No Promotion
2024-06-24,Toys,Bengaluru,28,28.57,799.96,14,39.2,0,6,Monday,0,0,No Promotion
2024-06-25,Electronics,Chennai,17,259.13,4405.21,8,39.4,0,6,Tuesday,1,0,No Promotion
2024-06-25,Clothing,Delhi,40,45.29,1811.6,25,32.2,0,6,Tuesday,1,0,No Promotion
2024-06-25,Groceries,Delhi,148,12.26,1814.48,67,30.0,0,6,Tuesday,1,0,No Promotion
2024-06-25,Furniture,Mumbai,8,388.17,3105.36,5,35.8,0,6,Tuesday,1,0,No Promotion
2024-06-25,Toys,Mumbai,23,28.86,663.78,16,33.1,0,6,Tuesday,1,0,No Promotion
2024-06-26,Electronics,Mumbai,25,253.64,6341.0,13,35.3,1,6,Wednesday,2,0,Promotion
2024-06-26,Clothing,Mumbai,55,44.01,2420.5499999999997,25,36.0,1,6,Wednesday,2,0,Promotion
2024-06-26,Groceries,Hyderabad,177,12.15,2150.55,83,46.4,1,6,Wednesday,2,0,Promotion
2024-06-26,Furniture,Delhi,13,393.4,5114.2,8,26.5,1,6,Wednesday,2,0,Promotion
2024-06-26,Toys,Hyderabad,36,33.45,1204.2,31,32.8,1,6,Wednesday,2,0,Promotion
2024-06-27,Electronics,Delhi,25,257.51,6437.75,17,49.9,0,6,Thursday,3,0,No Promotion
2024-06-27,Clothing,Mumbai,38,45.26,1719.8799999999999,28,41.7,0,6,Thursday,3,0,No Promotion
2024-06-27,Groceries,Bengaluru,112,12.63,1414.5600000000002,92,34.2,0,6,Thursday,3,0,No Promotion
2024-06-27,Furniture,Hyderabad,7,386.88,2708.16,6,25.4,0,6,Thursday,3,0,No Promotion
2024-06-27,Toys,Mumbai,23,30.41,699.43,14,36.5,0,6,Thursday,3,0,No Promotion
2024-06-28,Electronics,Delhi,16,271.7,4347.2,7,25.5,0,6,Friday,4,0,No Promotion
2024-06-28,Clothing,Bengaluru,46,48.64,2237.44,27,32.5,0,6,Friday,4,0,No Promotion
2024-06-28,Groceries,Hyderabad,113,11.77,1330.01,57,30.7,0,6,Friday,4,0,No Promotion
2024-06-28,Furniture,Chennai,5,354.45,1772.25,4,11.8,0,6,Friday,4,0,No Promotion
2024-06-28,Toys,Hyderabad,25,30.94,773.5,15,26.6,0,6,Friday,4,0,No Promotion
2024-06-29,Electronics,Bengaluru,23,251.35,5781.05,20,48.9,0,6,Saturday,5,1,No Promotion
2024-06-29,Clothing,Mumbai,64,42.34,2709.76,57,40.1,0,6,Saturday,5,1,No Promotion
2024-06-29,Groceries,Bengaluru,137,12.05,1650.8500000000001,119,26.2,0,6,Saturday,5,1,No Promotion
2024-06-29,Furniture,Chennai,7,381.9,2673.2999999999997,4,48.8,0,6,Saturday,5,1,No Promotion
2024-06-29,Toys,Chennai,23,28.59,657.57,13,40.6,0,6,Saturday,5,1,No Promotion
2024-06-30,Electronics,Chennai,28,257.05,7197.400000000001,11,25.0,0,6,Sunday,6,1,No Promotion
2024-06-30,Clothing,Bengaluru,55,46.34,2548.7000000000003,22,19.2,0,6,Sunday,6,1,No Promotion
2024-06-30,Groceries,Hyderabad,134,11.57,1550.38,59,20.7,0,6,Sunday,6,1,No Promotion
2024-06-30,Furniture,Chennai,10,355.3,3553.0,6,35.2,0,6,Sunday,6,1,No Promotion
2024-06-30,Toys,Hyderabad,33,31.29,1032.57,14,33.0,0,6,Sunday,6,1,No Promotion
2024-07-01,Electronics,Delhi,19,248.64,4724.16,15,27.1,0,7,Monday,0,0,No Promotion
2024-07-01,Clothing,Hyderabad,35,44.5,1557.5,28,29.7,0,7,Monday,0,0,No Promotion
2024-07-01,Groceries,Chennai,90,12.91,1161.9,40,38.1,0,7,Monday,0,0,No Promotion
2024-07-01,Furniture,Mumbai,9,397.6,3578.4,7,39.4,0,7,Monday,0,0,No Promotion
2024-07-01,Toys,Delhi,18,28.3,509.40000000000003,11,45.6,0,7,Monday,0,0,No Promotion
2024-07-02,Electronics,Chennai,18,244.27,4396.860000000001,12,44.9,0,7,Tuesday,1,0,No Promotion
2024-07-02,Clothing,Chennai,32,45.78,1464.96,14,36.4,0,7,Tuesday,1,0,No Promotion
2024-07-02,Groceries,Bengaluru,116,12.3,1426.8000000000002,51,36.5,0,7,Tuesday,1,0,No Promotion
2024-07-02,Furniture,Bengaluru,4,378.61,1514.44,2,51.3,0,7,Tuesday,1,0,No Promotion
2024-07-02,Toys,Delhi,19,29.72,564.68,11,38.3,0,7,Tuesday,1,0,No Promotion
2024-07-03,Electronics,Chennai,18,253.62,4565.16,9,36.0,0,7,Wednesday,2,0,No Promotion
2024-07-03,Clothing,Chennai,41,47.8,1959.8,23,43.8,0,7,Wednesday,2,0,No Promotion
2024-07-03,Groceries,Mumbai,105,11.84,1243.2,46,40.1,0,7,Wednesday,2,0,No Promotion
2024-07-03,Furniture,Mumbai,8,320.72,2565.76,3,17.0,0,7,Wednesday,2,0,No Promotion
2024-07-03,Toys,Delhi,21,30.16,633.36,9,17.9,0,7,Wednesday,2,0,No Promotion
2024-07-04,Electronics,Chennai,19,250.43,4758.17,12,27.8,1,7,Thursday,3,0,Promotion
2024-07-04,Clothing,Chennai,67,40.95,2743.65,30,31.3,1,7,Thursday,3,0,Promotion
2024-07-04,Groceries,Chennai,143,12.32,1761.76,100,21.4,1,7,Thursday,3,0,Promotion
2024-07-04,Furniture,Hyderabad,6,396.12,2376.7200000000003,3,31.6,1,7,Thursday,3,0,Promotion
2024-07-04,Toys,Mumbai,38,29.07,1104.66,32,42.3,1,7,Thursday,3,0,Promotion
2024-07-05,Electronics,Hyderabad,17,244.13,4150.21,9,45.3,0,7,Friday,4,0,No Promotion
2024-07-05,Clothing,Delhi,36,50.29,1810.44,30,37.2,0,7,Friday,4,0,No Promotion
2024-07-05,Groceries,Chennai,122,12.39,1511.5800000000002,109,42.5,0,7,Friday,4,0,No Promotion
2024-07-05,Furniture,Delhi,6,378.95,2273.7,2,34.8,0,7,Friday,4,0,No Promotion
2024-07-05,Toys,Hyderabad,22,32.55,716.0999999999999,14,47.8,0,7,Friday,4,0,No Promotion
2024-07-06,Electronics,Hyderabad,19,273.08,5188.5199999999995,12,43.4,0,7,Saturday,5,1,No Promotion
2024-07-06,Clothing,Chennai,47,43.03,2022.41,20,30.4,0,7,Saturday,5,1,No Promotion
2024-07-06,Groceries,Hyderabad,153,11.7,1790.1,116,23.2,0,7,Saturday,5,1,No Promotion
2024-07-06,Furniture,Bengaluru,6,376.05,2256.3,3,29.6,0,7,Saturday,5,1,No Promotion
2024-07-06,Toys,Chennai,22,32.38,712.36,16,18.8,0,7,Saturday,5,1,No Promotion
2024-07-07,Electronics,Chennai,18,246.84,4443.12,11,40.6,0,7,Sunday,6,1,No Promotion
2024-07-07,Clothing,Hyderabad,30,47.28,1418.4,23,17.9,0,7,Sunday,6,1,No Promotion
2024-07-07,Groceries,Chennai,147,11.85,1741.95,89,39.4,0,7,Sunday,6,1,No Promotion
2024-07-07,Furniture,Hyderabad,9,379.08,3411.72,4,25.8,0,7,Sunday,6,1,No Promotion
2024-07-07,Toys,Mumbai,29,29.63,859.27,13,39.9,0,7,Sunday,6,1,No Promotion
2024-07-08,Electronics,Hyderabad,16,239.9,3838.4,8,47.1,0,7,Monday,0,0,No Promotion
2024-07-08,Clothing,Mumbai,38,42.44,1612.7199999999998,21,30.4,0,7,Monday,0,0,No Promotion
2024-07-08,Groceries,Delhi,85,11.85,1007.25,40,36.3,0,7,Monday,0,0,No Promotion
2024-07-08,Furniture,Mumbai,12,373.5,4482.0,6,17.4,0,7,Monday,0,0,No Promotion
2024-07-08,Toys,Chennai,24,31.77,762.48,10,50.1,0,7,Monday,0,0,No Promotion
2024-07-09,Electronics,Delhi,12,230.83,2769.96,6,37.7,0,7,Tuesday,1,0,No Promotion
2024-07-09,Clothing,Hyderabad,45,44.47,2001.1499999999999,21,44.9,0,7,Tuesday,1,0,No Promotion
2024-07-09,Groceries,Bengaluru,113,12.41,1402.33,96,16.3,0,7,Tuesday,1,0,No Promotion
2024-07-09,Furniture,Delhi,4,372.08,1488.32,2,50.4,0,7,Tuesday,1,0,No Promotion
2024-07-09,Toys,Delhi,24,29.02,696.48,18,22.9,0,7,Tuesday,1,0,No Promotion
2024-07-10,Electronics,Hyderabad,23,255.73,5881.79,11,30.8,0,7,Wednesday,2,0,No Promotion
2024-07-10,Clothing,Hyderabad,37,43.4,1605.8,15,30.1,0,7,Wednesday,2,0,No Promotion
2024-07-10,Groceries,Mumbai,126,12.33,1553.58,97,12.5,0,7,Wednesday,2,0,No Promotion
2024-07-10,Furniture,Chennai,2,400.56,801.12,1,16.4,0,7,Wednesday,2,0,No Promotion
2024-07-10,Toys,Mumbai,24,28.18,676.3199999999999,16,20.4,0,7,Wednesday,2,0,No Promotion
2024-07-11,Electronics,Hyderabad,14,260.66,3649.2400000000002,10,40.6,0,7,Thursday,3,0,No Promotion
2024-07-11,Clothing,Bengaluru,26,44.14,1147.64,14,38.1,0,7,Thursday,3,0,No Promotion
2024-07-11,Groceries,Mumbai,87,12.45,1083.1499999999999,59,21.2,0,7,Thursday,3,0,No Promotion
2024-07-11,Furniture,Chennai,7,378.38,2648.66,4,30.7,0,7,Thursday,3,0,No Promotion
2024-07-11,Toys,Bengaluru,20,28.48,569.6,9,19.9,0,7,Thursday,3,0,No Promotion
2024-07-12,Electronics,Hyderabad,20,244.48,4889.599999999999,8,34.0,1,7,Friday,4,0,Promotion
2024-07-12,Clothing,Chennai,54,45.02,2431.0800000000004,28,44.3,1,7,Friday,4,0,Promotion
2024-07-12,Groceries,Delhi,175,11.44,2002.0,89,46.4,1,7,Friday,4,0,Promotion
2024-07-12,Furniture,Delhi,8,322.95,2583.6,3,52.9,1,7,Friday,4,0,Promotion
2024-07-12,Toys,Delhi,30,30.86,925.8,19,17.4,1,7,Friday,4,0,Promotion
2024-07-13,Electronics,Mumbai,19,249.5,4740.5,9,48.2,0,7,Saturday,5,1,No Promotion
2024-07-13,Clothing,Hyderabad,31,45.87,1421.97,13,34.3,0,7,Saturday,5,1,No Promotion
2024-07-13,Groceries,Bengaluru,188,11.42,2146.96,125,31.8,0,7,Saturday,5,1,No Promotion
2024-07-13,Furniture,Hyderabad,9,384.51,3460.59,4,33.7,0,7,Saturday,5,1,No Promotion
2024-07-13,Toys,Hyderabad,29,31.72,919.88,12,25.1,0,7,Saturday,5,1,No Promotion
2024-07-14,Electronics,Mumbai,33,261.22,8620.26,24,20.5,1,7,Sunday,6,1,Promotion
2024-07-14,Clothing,Bengaluru,67,46.16,3092.72,41,38.3,1,7,Sunday,6,1,Promotion
2024-07-14,Groceries,Hyderabad,150,12.5,1875.0,83,43.1,1,7,Sunday,6,1,Promotion
2024-07-14,Furniture,Bengaluru,5,407.45,2037.25,3,37.5,1,7,Sunday,6,1,Promotion
2024-07-14,Toys,Mumbai,34,31.17,1059.78,15,35.3,1,7,Sunday,6,1,Promotion
2024-07-15,Electronics,Hyderabad,14,256.77,3594.7799999999997,8,49.9,0,7,Monday,0,0,No Promotion
2024-07-15,Clothing,Chennai,36,47.6,1713.6000000000001,16,57.0,0,7,Monday,0,0,No Promotion
2024-07-15,Groceries,Delhi,98,12.71,1245.5800000000002,69,45.0,0,7,Monday,0,0,No Promotion
2024-07-15,Furniture,Hyderabad,2,386.3,772.6,1,25.3,0,7,Monday,0,0,No Promotion
2024-07-15,Toys,Hyderabad,18,32.36,582.48,9,27.5,0,7,Monday,0,0,No Promotion
2024-07-16,Electronics,Mumbai,21,246.21,5170.41,16,35.4,0,7,Tuesday,1,0,No Promotion
2024-07-16,Clothing,Mumbai,42,43.84,1841.2800000000002,20,56.4,0,7,Tuesday,1,0,No Promotion
2024-07-16,Groceries,Hyderabad,115,11.69,1344.35,51,31.7,0,7,Tuesday,1,0,No Promotion
2024-07-16,Furniture,Hyderabad,3,352.31,1056.93,1,40.8,0,7,Tuesday,1,0,No Promotion
2024-07-16,Toys,Mumbai,17,30.09,511.53,10,22.7,0,7,Tuesday,1,0,No Promotion
2024-07-17,Electronics,Chennai,15,256.1,3841.5000000000005,6,41.2,0,7,Wednesday,2,0,No Promotion
2024-07-17,Clothing,Mumbai,30,44.26,1327.8,22,30.5,0,7,Wednesday,2,0,No Promotion
2024-07-17,Groceries,Delhi,107,12.7,1358.8999999999999,51,45.4,0,7,Wednesday,2,0,No Promotion
2024-07-17,Furniture,Chennai,9,387.67,3489.03,7,36.4,0,7,Wednesday,2,0,No Promotion
2024-07-17,Toys,Bengaluru,30,29.64,889.2,20,34.7,0,7,Wednesday,2,0,No Promotion
2024-07-18,Electronics,Bengaluru,13,229.92,2988.96,11,36.4,0,7,Thursday,3,0,No Promotion
2024-07-18,Clothing,Delhi,47,45.83,2154.0099999999998,23,23.3,0,7,Thursday,3,0,No Promotion
2024-07-18,Groceries,Delhi,104,12.05,1253.2,58,41.4,0,7,Thursday,3,0,No Promotion
2024-07-18,Furniture,Hyderabad,6,366.01,2196.06,3,17.3,0,7,Thursday,3,0,No Promotion
2024-07-18,Toys,Chennai,28,30.55,855.4,16,49.3,0,7,Thursday,3,0,No Promotion
2024-07-19,Electronics,Chennai,25,238.01,5950.25,16,35.2,1,7,Friday,4,0,Promotion
2024-07-19,Clothing,Bengaluru,52,44.15,2295.7999999999997,26,31.0,1,7,Friday,4,0,Promotion
2024-07-19,Groceries,Mumbai,148,11.11,1644.28,110,30.0,1,7,Friday,4,0,Promotion
2024-07-19,Furniture,Chennai,3,382.44,1147.32,1,24.5,1,7,Friday,4,0,Promotion
2024-07-19,Toys,Chennai,22,27.21,598.62,13,35.8,1,7,Friday,4,0,Promotion
2024-07-20,Electronics,Mumbai,26,239.22,6219.72,15,41.1,0,7,Saturday,5,1,No Promotion
2024-07-20,Clothing,Bengaluru,47,45.35,2131.4500000000003,19,37.3,0,7,Saturday,5,1,No Promotion
2024-07-20,Groceries,Chennai,154,11.39,1754.0600000000002,83,44.6,0,7,Saturday,5,1,No Promotion
2024-07-20,Furniture,Hyderabad,7,392.44,2747.08,5,19.7,0,7,Saturday,5,1,No Promotion
2024-07-20,Toys,Hyderabad,35,32.43,1135.05,17,42.8,0,7,Saturday,5,1,No Promotion
2024-07-21,Electronics,Hyderabad,32,271.68,8693.76,18,38.9,1,7,Sunday,6,1,Promotion
2024-07-21,Clothing,Mumbai,52,43.02,2237.04,36,38.3,1,7,Sunday,6,1,Promotion
2024-07-21,Groceries,Mumbai,196,12.82,2512.7200000000003,81,28.0,1,7,Sunday,6,1,Promotion
2024-07-21,Furniture,Bengaluru,8,371.75,2974.0,4,28.9,1,7,Sunday,6,1,Promotion
2024-07-21,Toys,Delhi,43,32.84,1412.1200000000001,30,45.2,1,7,Sunday,6,1,Promotion
2024-07-22,Electronics,Mumbai,18,254.03,4572.54,8,30.5,0,7,Monday,0,0,No Promotion
2024-07-22,Clothing,Mumbai,34,42.22,1435.48,22,34.8,0,7,Monday,0,0,No Promotion
2024-07-22,Groceries,Chennai,117,11.64,1361.88,59,18.9,0,7,Monday,0,0,No Promotion
2024-07-22,Furniture,Bengaluru,0,409.2,0.0,1,39.7,0,7,Monday,0,0,No Promotion
2024-07-22,Toys,Mumbai,27,32.77,884.7900000000001,17,58.7,0,7,Monday,0,0,No Promotion
2024-07-23,Electronics,Delhi,17,244.49,4156.33,9,22.3,0,7,Tuesday,1,0,No Promotion
2024-07-23,Clothing,Delhi,34,43.52,1479.68,30,32.7,0,7,Tuesday,1,0,No Promotion
2024-07-23,Groceries,Hyderabad,101,11.16,1127.16,59,38.0,0,7,Tuesday,1,0,No Promotion
2024-07-23,Furniture,Bengaluru,12,389.49,4673.88,7,21.9,0,7,Tuesday,1,0,No Promotion
2024-07-23,Toys,Hyderabad,17,29.57,502.69,14,38.5,0,7,Tuesday,1,0,No Promotion
2024-07-24,Electronics,Bengaluru,12,245.3,2943.6000000000004,6,55.0,0,7,Wednesday,2,0,No Promotion
2024-07-24,Clothing,Hyderabad,33,44.72,1475.76,23,22.8,0,7,Wednesday,2,0,No Promotion
2024-07-24,Groceries,Delhi,117,11.29,1320.9299999999998,105,17.9,0,7,Wednesday,2,0,No Promotion
2024-07-24,Furniture,Mumbai,3,375.29,1125.8700000000001,2,29.4,0,7,Wednesday,2,0,No Promotion
2024-07-24,Toys,Bengaluru,23,30.43,699.89,11,56.3,0,7,Wednesday,2,0,No Promotion
2024-07-25,Electronics,Mumbai,18,265.22,4773.960000000001,15,38.5,0,7,Thursday,3,0,No Promotion
2024-07-25,Clothing,Mumbai,42,40.4,1696.8,22,29.7,0,7,Thursday,3,0,No Promotion
2024-07-25,Groceries,Hyderabad,104,10.83,1126.32,62,26.9,0,7,Thursday,3,0,No Promotion
2024-07-25,Furniture,Chennai,0,372.14,0.0,1,25.9,0,7,Thursday,3,0,No Promotion
2024-07-25,Toys,Delhi,22,30.13,662.86,12,56.7,0,7,Thursday,3,0,No Promotion
2024-07-26,Electronics,Mumbai,14,248.2,3474.7999999999997,7,26.8,0,7,Friday,4,0,No Promotion
2024-07-26,Clothing,Delhi,44,44.32,1950.08,26,33.2,0,7,Friday,4,0,No Promotion
2024-07-26,Groceries,Delhi,121,10.15,1228.15,78,45.9,0,7,Friday,4,0,No Promotion
2024-07-26,Furniture,Hyderabad,7,348.04,2436.28,4,29.4,0,7,Friday,4,0,No Promotion
2024-07-26,Toys,Hyderabad,25,31.86,796.5,15,24.9,0,7,Friday,4,0,No Promotion
2024-07-27,Electronics,Chennai,18,232.4,4183.2,10,39.8,0,7,Saturday,5,1,No Promotion
2024-07-27,Clothing,Mumbai,47,45.48,2137.56,25,45.3,0,7,Saturday,5,1,No Promotion
2024-07-27,Groceries,Chennai,153,12.02,1839.06,104,51.1,0,7,Saturday,5,1,No Promotion
2024-07-27,Furniture,Chennai,6,352.22,2113.32,3,36.1,0,7,Saturday,5,1,No Promotion
2024-07-27,Toys,Mumbai,28,31.18,873.04,14,38.2,0,7,Saturday,5,1,No Promotion
2024-07-28,Electronics,Hyderabad,22,228.97,5037.34,9,22.6,0,7,Sunday,6,1,No Promotion
2024-07-28,Clothing,Delhi,51,47.6,2427.6,22,26.0,0,7,Sunday,6,1,No Promotion
2024-07-28,Groceries,Delhi,143,12.08,1727.44,67,43.7,0,7,Sunday,6,1,No Promotion
2024-07-28,Furniture,Chennai,3,373.29,1119.8700000000001,1,53.5,0,7,Sunday,6,1,No Promotion
2024-07-28,Toys,Bengaluru,32,29.91,957.12,25,37.1,0,7,Sunday,6,1,No Promotion
2024-07-29,Electronics,Bengaluru,27,247.14,6672.78,17,37.7,1,7,Monday,0,0,Promotion
2024-07-29,Clothing,Delhi,43,46.07,1981.01,27,13.3,1,7,Monday,0,0,Promotion
2024-07-29,Groceries,Delhi,140,11.87,1661.8,74,38.9,1,7,Monday,0,0,Promotion
2024-07-29,Furniture,Mumbai,6,393.09,2358.54,3,44.6,1,7,Monday,0,0,Promotion
2024-07-29,Toys,Mumbai,24,28.58,685.92,10,37.6,1,7,Monday,0,0,Promotion
2024-07-30,Electronics,Hyderabad,22,252.79,5561.38,9,28.0,1,7,Tuesday,1,0,Promotion
2024-07-30,Clothing,Chennai,52,41.96,2181.92,25,34.5,1,7,Tuesday,1,0,Promotion
2024-07-30,Groceries,Hyderabad,170,13.09,2225.3,122,26.2,1,7,Tuesday,1,0,Promotion
2024-07-30,Furniture,Delhi,11,377.56,4153.16,8,36.8,1,7,Tuesday,1,0,Promotion
2024-07-30,Toys,Chennai,28,30.11,843.0799999999999,15,31.8,1,7,Tuesday,1,0,Promotion
2024-07-31,Electronics,Hyderabad,21,238.37,5005.77,15,22.7,0,7,Wednesday,2,0,No Promotion
2024-07-31,Clothing,Hyderabad,42,45.96,1930.32,24,35.5,0,7,Wednesday,2,0,No Promotion
2024-07-31,Groceries,Mumbai,126,13.33,1679.58,67,47.7,0,7,Wednesday,2,0,No Promotion
2024-07-31,Furniture,Delhi,4,389.87,1559.48,2,22.0,0,7,Wednesday,2,0,No Promotion
2024-07-31,Toys,Chennai,21,32.27,677.6700000000001,16,38.2,0,7,Wednesday,2,0,No Promotion
2024-08-01,Electronics,Chennai,18,249.36,4488.4800000000005,9,47.1,0,8,Thursday,3,0,No Promotion
2024-08-01,Clothing,Bengaluru,52,44.72,2325.44,28,42.2,0,8,Thursday,3,0,No Promotion
2024-08-01,Groceries,Mumbai,128,12.82,1640.96,59,46.3,0,8,Thursday,3,0,No Promotion
2024-08-01,Furniture,Hyderabad,2,372.47,744.94,1,41.1,0,8,Thursday,3,0,No Promotion
2024-08-01,Toys,Hyderabad,23,30.06,691.38,18,45.5,0,8,Thursday,3,0,No Promotion
2024-08-02,Electronics,Mumbai,21,252.32,5298.72,17,51.2,0,8,Friday,4,0,No Promotion
2024-08-02,Clothing,Chennai,44,47.72,2099.68,23,39.2,0,8,Friday,4,0,No Promotion
2024-08-02,Groceries,Hyderabad,144,10.9,1569.6000000000001,71,23.8,0,8,Friday,4,0,No Promotion
2024-08-02,Furniture,Bengaluru,11,384.15,4225.65,7,30.7,0,8,Friday,4,0,No Promotion
2024-08-02,Toys,Delhi,25,32.35,808.75,19,45.0,0,8,Friday,4,0,No Promotion
2024-08-03,Electronics,Delhi,27,266.37,7191.99,12,17.0,0,8,Saturday,5,1,No Promotion
2024-08-03,Clothing,Mumbai,43,47.35,2036.05,36,34.1,0,8,Saturday,5,1,No Promotion
2024-08-03,Groceries,Hyderabad,168,11.85,1990.8,97,28.0,0,8,Saturday,5,1,No Promotion
2024-08-03,Furniture,Delhi,9,366.29,3296.61,7,40.3,0,8,Saturday,5,1,No Promotion
2024-08-03,Toys,Delhi,31,28.87,894.97,16,27.1,0,8,Saturday,5,1,No Promotion
2024-08-04,Electronics,Mumbai,30,249.71,7491.3,14,24.7,0,8,Sunday,6,1,No Promotion
2024-08-04,Clothing,Mumbai,56,47.34,2651.04,38,37.0,0,8,Sunday,6,1,No Promotion
2024-08-04,Groceries,Bengaluru,170,12.22,2077.4,107,43.5,0,8,Sunday,6,1,No Promotion
2024-08-04,Furniture,Mumbai,4,386.59,1546.36,3,30.9,0,8,Sunday,6,1,No Promotion
2024-08-04,Toys,Delhi,35,28.42,994.7,29,49.5,0,8,Sunday,6,1,No Promotion
2024-08-05,Electronics,Delhi,20,284.25,5685.0,11,33.0,0,8,Monday,0,0,No Promotion
2024-08-05,Clothing,Mumbai,38,42.17,1602.46,26,46.4,0,8,Monday,0,0,No Promotion
2024-08-05,Groceries,Bengaluru,132,11.5,1518.0,92,32.5,0,8,Monday,0,0,No Promotion
2024-08-05,Furniture,Chennai,7,383.43,2684.01,4,27.7,0,8,Monday,0,0,No Promotion
2024-08-05,Toys,Hyderabad,29,28.33,821.5699999999999,25,28.5,0,8,Monday,0,0,No Promotion
2024-08-06,Electronics,Hyderabad,28,242.38,6786.639999999999,13,21.7,1,8,Tuesday,1,0,Promotion
2024-08-06,Clothing,Mumbai,54,42.96,2319.84,22,41.7,1,8,Tuesday,1,0,Promotion
2024-08-06,Groceries,Mumbai,152,11.73,1782.96,68,19.6,1,8,Tuesday,1,0,Promotion
2024-08-06,Furniture,Hyderabad,12,415.31,4983.72,7,38.1,1,8,Tuesday,1,0,Promotion
2024-08-06,Toys,Bengaluru,37,29.51,1091.8700000000001,16,55.1,1,8,Tuesday,1,0,Promotion
2024-08-07,Electronics,Delhi,21,238.17,5001.57,10,30.5,0,8,Wednesday,2,0,No Promotion
2024-08-07,Clothing,Chennai,38,44.11,1676.18,20,41.9,0,8,Wednesday,2,0,No Promotion
2024-08-07,Groceries,Hyderabad,136,12.26,1667.36,106,37.4,0,8,Wednesday,2,0,No Promotion
2024-08-07,Furniture,Chennai,3,363.73,1091.19,2,42.4,0,8,Wednesday,2,0,No Promotion
2024-08-07,Toys,Delhi,26,27.57,716.82,14,26.3,0,8,Wednesday,2,0,No Promotion
2024-08-08,Electronics,Chennai,11,256.54,2821.94,8,18.1,0,8,Thursday,3,0,No Promotion
2024-08-08,Clothing,Bengaluru,43,46.49,1999.0700000000002,20,50.7,0,8,Thursday,3,0,No Promotion
2024-08-08,Groceries,Hyderabad,102,11.91,1214.82,43,48.9,0,8,Thursday,3,0,No Promotion
2024-08-08,Furniture,Chennai,7,390.18,2731.26,6,38.2,0,8,Thursday,3,0,No Promotion
2024-08-08,Toys,Hyderabad,33,30.22,997.26,21,31.5,0,8,Thursday,3,0,No Promotion
2024-08-09,Electronics,Bengaluru,15,242.65,3639.75,7,38.4,0,8,Friday,4,0,No Promotion
2024-08-09,Clothing,Chennai,41,48.72,1997.52,17,32.5,0,8,Friday,4,0,No Promotion
2024-08-09,Groceries,Bengaluru,149,12.31,1834.19,117,41.3,0,8,Friday,4,0,No Promotion
2024-08-09,Furniture,Mumbai,9,364.01,3276.09,8,17.3,0,8,Friday,4,0,No Promotion
2024-08-09,Toys,Bengaluru,27,29.26,790.0200000000001,18,33.8,0,8,Friday,4,0,No Promotion
2024-08-10,Electronics,Hyderabad,19,255.69,4858.11,13,21.6,0,8,Saturday,5,1,No Promotion
2024-08-10,Clothing,Hyderabad,45,46.22,2079.9,28,25.2,0,8,Saturday,5,1,No Promotion
2024-08-10,Groceries,Bengaluru,169,11.99,2026.31,146,37.7,0,8,Saturday,5,1,No Promotion
2024-08-10,Furniture,Hyderabad,9,361.85,3256.65,4,17.1,0,8,Saturday,5,1,No Promotion
2024-08-10,Toys,Bengaluru,39,32.27,1258.5300000000002,30,21.2,0,8,Saturday,5,1,No Promotion
2024-08-11,Electronics,Mumbai,29,238.16,6906.64,14,41.8,0,8,Sunday,6,1,No Promotion
2024-08-11,Clothing,Delhi,49,42.74,2094.26,25,42.4,0,8,Sunday,6,1,No Promotion
2024-08-11,Groceries,Hyderabad,140,11.04,1545.6,125,26.4,0,8,Sunday,6,1,No Promotion
2024-08-11,Furniture,Chennai,7,375.35,2627.4500000000003,3,57.1,0,8,Sunday,6,1,No Promotion
2024-08-11,Toys,Chennai,41,29.14,1194.74,17,50.5,0,8,Sunday,6,1,No Promotion
2024-08-12,Electronics,Mumbai,18,247.64,4457.5199999999995,9,41.9,0,8,Monday,0,0,No Promotion
2024-08-12,Clothing,Chennai,37,44.99,1664.63,30,28.1,0,8,Monday,0,0,No Promotion
2024-08-12,Groceries,Hyderabad,156,12.19,1901.6399999999999,75,42.2,0,8,Monday,0,0,No Promotion
2024-08-12,Furniture,Mumbai,10,393.02,3930.2,6,17.9,0,8,Monday,0,0,No Promotion
2024-08-12,Toys,Hyderabad,30,29.03,870.9000000000001,14,28.7,0,8,Monday,0,0,No Promotion
2024-08-13,Electronics,Chennai,15,232.71,3490.65,8,26.4,0,8,Tuesday,1,0,No Promotion
2024-08-13,Clothing,Bengaluru,46,47.29,2175.34,40,27.9,0,8,Tuesday,1,0,No Promotion
2024-08-13,Groceries,Delhi,115,13.79,1585.85,95,24.1,0,8,Tuesday,1,0,No Promotion
2024-08-13,Furniture,Delhi,8,366.14,2929.12,4,18.4,0,8,Tuesday,1,0,No Promotion
2024-08-13,Toys,Mumbai,35,29.67,1038.45,16,39.0,0,8,Tuesday,1,0,No Promotion
2024-08-14,Electronics,Mumbai,18,253.75,4567.5,8,27.4,0,8,Wednesday,2,0,No Promotion
2024-08-14,Clothing,Hyderabad,47,47.04,2210.88,26,28.1,0,8,Wednesday,2,0,No Promotion
2024-08-14,Groceries,Chennai,120,11.4,1368.0,59,29.7,0,8,Wednesday,2,0,No Promotion
2024-08-14,Furniture,Hyderabad,5,367.88,1839.4,4,37.1,0,8,Wednesday,2,0,No Promotion
2024-08-14,Toys,Delhi,28,30.02,840.56,14,49.8,0,8,Wednesday,2,0,No Promotion
2024-08-15,Electronics,Mumbai,24,251.04,6024.96,10,41.6,0,8,Thursday,3,0,No Promotion
2024-08-15,Clothing,Mumbai,46,44.88,2064.48,27,24.5,0,8,Thursday,3,0,No Promotion
2024-08-15,Groceries,Delhi,149,12.24,1823.76,80,26.3,0,8,Thursday,3,0,No Promotion
2024-08-15,Furniture,Hyderabad,3,401.44,1204.32,2,30.0,0,8,Thursday,3,0,No Promotion
2024-08-15,Toys,Hyderabad,29,29.5,855.5,14,41.0,0,8,Thursday,3,0,No Promotion
2024-08-16,Electronics,Chennai,21,239.82,5036.22,13,37.1,0,8,Friday,4,0,No Promotion
2024-08-16,Clothing,Chennai,43,45.41,1952.6299999999999,27,28.0,0,8,Friday,4,0,No Promotion
2024-08-16,Groceries,Chennai,141,12.78,1801.98,73,45.5,0,8,Friday,4,0,No Promotion
2024-08-16,Furniture,Mumbai,8,394.96,3159.68,3,24.2,0,8,Friday,4,0,No Promotion
2024-08-16,Toys,Delhi,29,29.64,859.5600000000001,12,42.8,0,8,Friday,4,0,No Promotion
2024-08-17,Electronics,Mumbai,21,260.29,5466.09,10,36.3,0,8,Saturday,5,1,No Promotion
2024-08-17,Clothing,Bengaluru,62,45.01,2790.62,42,51.9,0,8,Saturday,5,1,No Promotion
2024-08-17,Groceries,Hyderabad,149,12.62,1880.3799999999999,68,39.4,0,8,Saturday,5,1,No Promotion
2024-08-17,Furniture,Chennai,8,364.66,2917.28,5,39.0,0,8,Saturday,5,1,No Promotion
2024-08-17,Toys,Delhi,38,29.23,1110.74,15,48.3,0,8,Saturday,5,1,No Promotion
2024-08-18,Electronics,Bengaluru,31,247.91,7685.21,14,13.7,0,8,Sunday,6,1,No Promotion
2024-08-18,Clothing,Bengaluru,44,44.96,1978.24,19,35.0,0,8,Sunday,6,1,No Promotion
2024-08-18,Groceries,Delhi,169,11.68,1973.9199999999998,105,32.9,0,8,Sunday,6,1,No Promotion
2024-08-18,Furniture,Bengaluru,9,369.2,3322.7999999999997,5,39.1,0,8,Sunday,6,1,No Promotion
2024-08-18,Toys,Delhi,28,29.2,817.6,20,32.3,0,8,Sunday,6,1,No Promotion
2024-08-19,Electronics,Hyderabad,16,253.64,4058.24,14,31.1,0,8,Monday,0,0,No Promotion
2024-08-19,Clothing,Chennai,43,45.71,1965.53,20,11.5,0,8,Monday,0,0,No Promotion
2024-08-19,Groceries,Hyderabad,119,12.22,1454.18,50,40.1,0,8,Monday,0,0,No Promotion
2024-08-19,Furniture,Delhi,8,350.49,2803.92,4,43.8,0,8,Monday,0,0,No Promotion
2024-08-19,Toys,Chennai,24,30.71,737.04,11,21.3,0,8,Monday,0,0,No Promotion
2024-08-20,Electronics,Hyderabad,23,246.62,5672.26,18,14.1,1,8,Tuesday,1,0,Promotion
2024-08-20,Clothing,Mumbai,54,48.41,2614.14,26,42.8,1,8,Tuesday,1,0,Promotion
2024-08-20,Groceries,Bengaluru,169,11.87,2006.03,95,25.9,1,8,Tuesday,1,0,Promotion
2024-08-20,Furniture,Mumbai,15,379.18,5687.7,12,62.1,1,8,Tuesday,1,0,Promotion
2024-08-20,Toys,Chennai,31,28.56,885.36,28,29.5,1,8,Tuesday,1,0,Promotion
2024-08-21,Electronics,Delhi,23,249.83,5746.09,10,36.1,0,8,Wednesday,2,0,No Promotion
2024-08-21,Clothing,Chennai,47,46.08,2165.7599999999998,21,42.7,0,8,Wednesday,2,0,No Promotion
2024-08-21,Groceries,Bengaluru,130,12.79,1662.6999999999998,64,5.3,0,8,Wednesday,2,0,No Promotion
2024-08-21,Furniture,Mumbai,8,386.95,3095.6,4,41.0,0,8,Wednesday,2,0,No Promotion
2024-08-21,Toys,Chennai,18,30.25,544.5,9,24.7,0,8,Wednesday,2,0,No Promotion
2024-08-22,Electronics,Mumbai,15,225.77,3386.55,6,37.4,0,8,Thursday,3,0,No Promotion
2024-08-22,Clothing,Chennai,32,42.01,1344.32,14,33.9,0,8,Thursday,3,0,No Promotion
2024-08-22,Groceries,Bengaluru,137,11.68,1600.1599999999999,108,47.2,0,8,Thursday,3,0,No Promotion
2024-08-22,Furniture,Mumbai,6,396.99,2381.94,3,25.1,0,8,Thursday,3,0,No Promotion
2024-08-22,Toys,Mumbai,25,29.16,729.0,12,45.4,0,8,Thursday,3,0,No Promotion
2024-08-23,Electronics,Bengaluru,17,264.13,4490.21,9,39.6,0,8,Friday,4,0,No Promotion
2024-08-23,Clothing,Mumbai,38,44.77,1701.2600000000002,18,22.7,0,8,Friday,4,0,No Promotion
2024-08-23,Groceries,Hyderabad,122,11.14,1359.0800000000002,61,23.3,0,8,Friday,4,0,No Promotion
2024-08-23,Furniture,Delhi,4,380.55,1522.2,2,30.4,0,8,Friday,4,0,No Promotion
2024-08-23,Toys,Mumbai,30,31.3,939.0,27,34.6,0,8,Friday,4,0,No Promotion
2024-08-24,Electronics,Hyderabad,16,227.44,3639.04,9,32.6,0,8,Saturday,5,1,No Promotion
2024-08-24,Clothing,Chennai,45,45.75,2058.75,23,47.7,0,8,Saturday,5,1,No Promotion
2024-08-24,Groceries,Chennai,157,12.99,2039.43,140,37.0,0,8,Saturday,5,1,No Promotion
2024-08-24,Furniture,Bengaluru,4,386.11,1544.44,2,25.8,0,8,Saturday,5,1,No Promotion
2024-08-24,Toys,Delhi,32,29.76,952.32,19,35.9,0,8,Saturday,5,1,No Promotion
2024-08-25,Electronics,Chennai,22,230.08,5061.76,11,28.3,0,8,Sunday,6,1,No Promotion
2024-08-25,Clothing,Delhi,51,43.46,2216.46,32,28.2,0,8,Sunday,6,1,No Promotion
2024-08-25,Groceries,Chennai,211,11.98,2527.78,140,44.3,0,8,Sunday,6,1,No Promotion
2024-08-25,Furniture,Mumbai,0,404.64,0.0,1,34.2,0,8,Sunday,6,1,No Promotion
2024-08-25,Toys,Delhi,31,29.23,906.13,23,43.2,0,8,Sunday,6,1,No Promotion
2024-08-26,Electronics,Delhi,20,251.1,5022.0,18,40.9,0,8,Monday,0,0,No Promotion
2024-08-26,Clothing,Delhi,44,45.14,1986.16,18,51.8,0,8,Monday,0,0,No Promotion
2024-08-26,Groceries,Hyderabad,126,12.11,1525.86,52,13.0,0,8,Monday,0,0,No Promotion
2024-08-26,Furniture,Chennai,3,381.9,1145.6999999999998,2,39.7,0,8,Monday,0,0,No Promotion
2024-08-26,Toys,Chennai,22,31.95,702.9,18,32.9,0,8,Monday,0,0,No Promotion
2024-08-27,Electronics,Mumbai,23,241.21,5547.83,15,44.7,0,8,Tuesday,1,0,No Promotion
2024-08-27,Clothing,Delhi,42,46.36,1947.12,22,28.6,0,8,Tuesday,1,0,No Promotion
2024-08-27,Groceries,Delhi,134,11.63,1558.42,114,32.0,0,8,Tuesday,1,0,No Promotion
2024-08-27,Furniture,Mumbai,5,351.18,1755.9,3,33.8,0,8,Tuesday,1,0,No Promotion
2024-08-27,Toys,Delhi,36,31.92,1149.1200000000001,18,47.3,0,8,Tuesday,1,0,No Promotion
2024-08-28,Electronics,Hyderabad,18,249.5,4491.0,15,40.1,0,8,Wednesday,2,0,No Promotion
2024-08-28,Clothing,Mumbai,37,43.43,1606.91,20,40.5,0,8,Wednesday,2,0,No Promotion
2024-08-28,Groceries,Delhi,157,11.98,1880.8600000000001,65,27.2,0,8,Wednesday,2,0,No Promotion
2024-08-28,Furniture,Hyderabad,3,359.83,1079.49,2,37.8,0,8,Wednesday,2,0,No Promotion
2024-08-28,Toys,Chennai,27,29.38,793.26,11,29.7,0,8,Wednesday,2,0,No Promotion
2024-08-29,Electronics,Mumbai,19,262.67,4990.7300000000005,9,26.1,0,8,Thursday,3,0,No Promotion
2024-08-29,Clothing,Hyderabad,43,46.34,1992.6200000000001,34,25.0,0,8,Thursday,3,0,No Promotion
2024-08-29,Groceries,Chennai,107,12.59,1347.1299999999999,97,38.8,0,8,Thursday,3,0,No Promotion
2024-08-29,Furniture,Hyderabad,11,356.65,3923.1499999999996,9,26.6,0,8,Thursday,3,0,No Promotion
2024-08-29,Toys,Bengaluru,27,30.55,824.85,22,31.8,0,8,Thursday,3,0,No Promotion
2024-08-30,Electronics,Chennai,14,257.71,3607.9399999999996,7,29.0,0,8,Friday,4,0,No Promotion
2024-08-30,Clothing,Chennai,59,45.72,2697.48,46,45.8,0,8,Friday,4,0,No Promotion
2024-08-30,Groceries,Bengaluru,123,11.41,1403.43,88,36.0,0,8,Friday,4,0,No Promotion
2024-08-30,Furniture,Mumbai,3,364.56,1093.68,1,32.0,0,8,Friday,4,0,No Promotion
2024-08-30,Toys,Delhi,27,30.28,817.5600000000001,17,32.7,0,8,Friday,4,0,No Promotion
2024-08-31,Electronics,Hyderabad,27,267.61,7225.47,16,35.1,0,8,Saturday,5,1,No Promotion
2024-08-31,Clothing,Bengaluru,53,45.49,2410.9700000000003,43,32.4,0,8,Saturday,5,1,No Promotion
2024-08-31,Groceries,Delhi,188,12.49,2348.12,102,31.1,0,8,Saturday,5,1,No Promotion
2024-08-31,Furniture,Chennai,6,378.29,2269.7400000000002,2,30.9,0,8,Saturday,5,1,No Promotion
2024-08-31,Toys,Delhi,31,28.87,894.97,24,32.1,0,8,Saturday,5,1,No Promotion
2024-09-01,Electronics,Delhi,27,252.01,6804.2699999999995,11,30.0,0,9,Sunday,6,1,No Promotion
2024-09-01,Clothing,Mumbai,51,45.24,2307.2400000000002,25,33.4,0,9,Sunday,6,1,No Promotion
2024-09-01,Groceries,Delhi,160,13.48,2156.8,127,40.1,0,9,Sunday,6,1,No Promotion
2024-09-01,Furniture,Mumbai,7,383.32,2683.24,4,26.3,0,9,Sunday,6,1,No Promotion
2024-09-01,Toys,Mumbai,32,30.41,973.12,16,35.6,0,9,Sunday,6,1,No Promotion
2024-09-02,Electronics,Hyderabad,16,259.82,4157.12,7,22.4,0,9,Monday,0,0,No Promotion
2024-09-02,Clothing,Hyderabad,49,43.58,2135.42,26,39.2,0,9,Monday,0,0,No Promotion
2024-09-02,Groceries,Bengaluru,153,11.04,1689.12,92,38.4,0,9,Monday,0,0,No Promotion
2024-09-02,Furniture,Delhi,10,351.59,3515.8999999999996,8,33.4,0,9,Monday,0,0,No Promotion
2024-09-02,Toys,Delhi,28,28.45,796.6,12,44.0,0,9,Monday,0,0,No Promotion
2024-09-03,Electronics,Chennai,24,234.8,5635.200000000001,13,28.1,0,9,Tuesday,1,0,No Promotion
2024-09-03,Clothing,Hyderabad,38,44.81,1702.7800000000002,17,41.2,0,9,Tuesday,1,0,No Promotion
2024-09-03,Groceries,Bengaluru,130,12.85,1670.5,113,36.2,0,9,Tuesday,1,0,No Promotion
2024-09-03,Furniture,Bengaluru,8,364.51,2916.08,3,50.1,0,9,Tuesday,1,0,No Promotion
2024-09-03,Toys,Hyderabad,30,27.62,828.6,13,36.2,0,9,Tuesday,1,0,No Promotion
2024-09-04,Electronics,Hyderabad,23,241.43,5552.89,9,43.6,0,9,Wednesday,2,0,No Promotion
2024-09-04,Clothing,Chennai,38,43.71,1660.98,20,16.6,0,9,Wednesday,2,0,No Promotion
2024-09-04,Groceries,Mumbai,137,12.14,1663.18,56,31.6,0,9,Wednesday,2,0,No Promotion
2024-09-04,Furniture,Mumbai,2,348.5,697.0,1,36.2,0,9,Wednesday,2,0,No Promotion
2024-09-04,Toys,Hyderabad,29,32.65,946.8499999999999,24,40.8,0,9,Wednesday,2,0,No Promotion
2024-09-05,Electronics,Mumbai,24,217.97,5231.28,11,34.6,0,9,Thursday,3,0,No Promotion
2024-09-05,Clothing,Delhi,51,47.6,2427.6,43,34.4,0,9,Thursday,3,0,No Promotion
2024-09-05,Groceries,Hyderabad,118,11.96,1411.2800000000002,103,30.0,0,9,Thursday,3,0,No Promotion
2024-09-05,Furniture,Chennai,8,422.18,3377.44,6,23.5,0,9,Thursday,3,0,No Promotion
2024-09-05,Toys,Hyderabad,22,28.24,621.28,9,25.0,0,9,Thursday,3,0,No Promotion
2024-09-06,Electronics,Hyderabad,20,245.25,4905.0,11,39.3,0,9,Friday,4,0,No Promotion
2024-09-06,Clothing,Mumbai,49,42.7,2092.3,24,28.5,0,9,Friday,4,0,No Promotion
2024-09-06,Groceries,Delhi,141,11.99,1690.59,82,34.5,0,9,Friday,4,0,No Promotion
2024-09-06,Furniture,Mumbai,4,358.56,1434.24,3,34.5,0,9,Friday,4,0,No Promotion
2024-09-06,Toys,Delhi,25,29.95,748.75,17,38.9,0,9,Friday,4,0,No Promotion
2024-09-07,Electronics,Chennai,22,218.92,4816.24,18,32.5,0,9,Saturday,5,1,No Promotion
2024-09-07,Clothing,Bengaluru,56,48.12,2694.72,29,47.7,0,9,Saturday,5,1,No Promotion
2024-09-07,Groceries,Chennai,170,12.37,2102.9,145,37.1,0,9,Saturday,5,1,No Promotion
2024-09-07,Furniture,Mumbai,9,386.01,3474.09,4,35.7,0,9,Saturday,5,1,No Promotion
2024-09-07,Toys,Chennai,37,31.11,1151.07,31,20.1,0,9,Saturday,5,1,No Promotion
2024-09-08,Electronics,Hyderabad,31,225.97,7005.07,17,41.8,0,9,Sunday,6,1,No Promotion
2024-09-08,Clothing,Mumbai,68,42.86,2914.48,59,24.3,0,9,Sunday,6,1,No Promotion
2024-09-08,Groceries,Mumbai,142,12.54,1780.6799999999998,60,13.3,0,9,Sunday,6,1,No Promotion
2024-09-08,Furniture,Bengaluru,10,352.83,3528.2999999999997,8,33.7,0,9,Sunday,6,1,No Promotion
2024-09-08,Toys,Delhi,36,29.3,1054.8,15,33.4,0,9,Sunday,6,1,No Promotion
2024-09-09,Electronics,Mumbai,29,228.65,6630.85,14,33.0,1,9,Monday,0,0,Promotion
2024-09-09,Clothing,Chennai,62,48.25,2991.5,40,35.5,1,9,Monday,0,0,Promotion
2024-09-09,Groceries,Delhi,175,11.02,1928.5,157,32.2,1,9,Monday,0,0,Promotion
2024-09-09,Furniture,Mumbai,4,405.64,1622.56,3,53.3,1,9,Monday,0,0,Promotion
2024-09-09,Toys,Hyderabad,30,30.37,911.1,12,36.9,1,9,Monday,0,0,Promotion
2024-09-10,Electronics,Delhi,20,272.57,5451.4,17,21.9,0,9,Tuesday,1,0,No Promotion
2024-09-10,Clothing,Mumbai,45,45.11,2029.95,25,26.5,0,9,Tuesday,1,0,No Promotion
2024-09-10,Groceries,Bengaluru,121,11.65,1409.65,59,48.9,0,9,Tuesday,1,0,No Promotion
2024-09-10,Furniture,Mumbai,2,390.18,780.36,1,31.0,0,9,Tuesday,1,0,No Promotion
2024-09-10,Toys,Bengaluru,26,28.89,751.14,13,28.8,0,9,Tuesday,1,0,No Promotion
2024-09-11,Electronics,Hyderabad,25,242.49,6062.25,13,41.4,0,9,Wednesday,2,0,No Promotion
2024-09-11,Clothing,Delhi,40,42.43,1697.2,34,38.0,0,9,Wednesday,2,0,No Promotion
2024-09-11,Groceries,Hyderabad,103,11.59,1193.77,44,20.9,0,9,Wednesday,2,0,No Promotion
2024-09-11,Furniture,Bengaluru,5,372.15,1860.75,2,24.7,0,9,Wednesday,2,0,No Promotion
2024-09-11,Toys,Chennai,32,29.75,952.0,17,27.4,0,9,Wednesday,2,0,No Promotion
2024-09-12,Electronics,Hyderabad,20,230.76,4615.2,8,25.6,0,9,Thursday,3,0,No Promotion
2024-09-12,Clothing,Chennai,50,46.11,2305.5,22,34.0,0,9,Thursday,3,0,No Promotion
2024-09-12,Groceries,Mumbai,109,11.98,1305.82,73,16.9,0,9,Thursday,3,0,No Promotion
2024-09-12,Furniture,Mumbai,8,380.57,3044.56,5,44.4,0,9,Thursday,3,0,No Promotion
2024-09-12,Toys,Delhi,34,26.86,913.24,23,37.2,0,9,Thursday,3,0,No Promotion
2024-09-13,Electronics,Hyderabad,17,231.75,3939.75,8,39.4,0,9,Friday,4,0,No Promotion
2024-09-13,Clothing,Delhi,37,44.78,1656.8600000000001,20,33.1,0,9,Friday,4,0,No Promotion
2024-09-13,Groceries,Mumbai,128,10.34,1323.52,109,48.0,0,9,Friday,4,0,No Promotion
2024-09-13,Furniture,Mumbai,7,395.98,2771.86,6,46.6,0,9,Friday,4,0,No Promotion
2024-09-13,Toys,Mumbai,28,30.46,852.88,12,45.8,0,9,Friday,4,0,No Promotion
2024-09-14,Electronics,Hyderabad,26,235.87,6132.62,11,8.4,0,9,Saturday,5,1,No Promotion
2024-09-14,Clothing,Mumbai,50,43.79,2189.5,21,18.1,0,9,Saturday,5,1,No Promotion
2024-09-14,Groceries,Mumbai,175,12.18,2131.5,74,47.9,0,9,Saturday,5,1,No Promotion
2024-09-14,Furniture,Delhi,4,373.35,1493.4,3,39.6,0,9,Saturday,5,1,No Promotion
2024-09-14,Toys,Bengaluru,37,30.75,1137.75,15,25.2,0,9,Saturday,5,1,No Promotion
2024-09-15,Electronics,Delhi,33,272.7,8999.1,16,36.4,1,9,Sunday,6,1,Promotion
2024-09-15,Clothing,Chennai,68,41.58,2827.44,55,47.4,1,9,Sunday,6,1,Promotion
2024-09-15,Groceries,Delhi,221,12.01,2654.21,149,30.2,1,9,Sunday,6,1,Promotion
2024-09-15,Furniture,Bengaluru,8,400.54,3204.32,7,36.0,1,9,Sunday,6,1,Promotion
2024-09-15,Toys,Delhi,60,32.29,1937.3999999999999,25,40.0,1,9,Sunday,6,1,Promotion
2024-09-16,Electronics,Delhi,15,252.86,3792.9,7,25.8,0,9,Monday,0,0,No Promotion
2024-09-16,Clothing,Hyderabad,45,42.83,1927.35,18,35.5,0,9,Monday,0,0,No Promotion
2024-09-16,Groceries,Hyderabad,132,13.03,1719.9599999999998,111,14.9,0,9,Monday,0,0,No Promotion
2024-09-16,Furniture,Mumbai,6,381.03,2286.18,3,45.1,0,9,Monday,0,0,No Promotion
2024-09-16,Toys,Chennai,22,30.55,672.1,13,47.2,0,9,Monday,0,0,No Promotion
2024-09-17,Electronics,Mumbai,17,237.65,4040.05,13,23.5,0,9,Tuesday,1,0,No Promotion
2024-09-17,Clothing,Bengaluru,42,43.65,1833.3,28,33.4,0,9,Tuesday,1,0,No Promotion
2024-09-17,Groceries,Bengaluru,122,11.78,1437.1599999999999,97,33.4,0,9,Tuesday,1,0,No Promotion
2024-09-17,Furniture,Chennai,8,386.55,3092.4,4,21.1,0,9,Tuesday,1,0,No Promotion
2024-09-17,Toys,Hyderabad,33,30.68,1012.4399999999999,15,37.8,0,9,Tuesday,1,0,No Promotion
2024-09-18,Electronics,Delhi,20,237.35,4747.0,11,39.5,0,9,Wednesday,2,0,No Promotion
2024-09-18,Clothing,Bengaluru,35,45.05,1576.75,22,52.5,0,9,Wednesday,2,0,No Promotion
2024-09-18,Groceries,Chennai,139,11.29,1569.31,67,34.2,0,9,Wednesday,2,0,No Promotion
2024-09-18,Furniture,Chennai,6,390.77,2344.62,3,24.1,0,9,Wednesday,2,0,No Promotion
2024-09-18,Toys,Chennai,25,30.51,762.75,17,49.8,0,9,Wednesday,2,0,No Promotion
2024-09-19,Electronics,Bengaluru,27,249.43,6734.610000000001,21,42.3,0,9,Thursday,3,0,No Promotion
2024-09-19,Clothing,Bengaluru,39,44.82,1747.98,18,41.8,0,9,Thursday,3,0,No Promotion
2024-09-19,Groceries,Bengaluru,130,12.64,1643.2,93,44.5,0,9,Thursday,3,0,No Promotion
2024-09-19,Furniture,Delhi,9,377.65,3398.85,6,28.9,0,9,Thursday,3,0,No Promotion
2024-09-19,Toys,Hyderabad,29,29.67,860.4300000000001,14,24.7,0,9,Thursday,3,0,No Promotion
2024-09-20,Electronics,Bengaluru,22,257.54,5665.88,17,63.2,0,9,Friday,4,0,No Promotion
2024-09-20,Clothing,Chennai,43,43.23,1858.8899999999999,28,29.9,0,9,Friday,4,0,No Promotion
2024-09-20,Groceries,Delhi,118,11.75,1386.5,48,31.6,0,9,Friday,4,0,No Promotion
2024-09-20,Furniture,Bengaluru,7,357.36,2501.52,4,41.7,0,9,Friday,4,0,No Promotion
2024-09-20,Toys,Bengaluru,29,28.62,829.98,25,40.5,0,9,Friday,4,0,No Promotion
2024-09-21,Electronics,Mumbai,26,258.32,6716.32,14,27.2,0,9,Saturday,5,1,No Promotion
2024-09-21,Clothing,Bengaluru,53,46.13,2444.8900000000003,26,47.8,0,9,Saturday,5,1,No Promotion
2024-09-21,Groceries,Delhi,158,11.76,1858.08,63,23.3,0,9,Saturday,5,1,No Promotion
2024-09-21,Furniture,Bengaluru,7,387.33,2711.31,3,56.7,0,9,Saturday,5,1,No Promotion
2024-09-21,Toys,Mumbai,41,28.68,1175.8799999999999,21,31.2,0,9,Saturday,5,1,No Promotion
2024-09-22,Electronics,Chennai,25,268.89,6722.25,12,36.8,0,9,Sunday,6,1,No Promotion
2024-09-22,Clothing,Chennai,46,47.24,2173.04,22,30.3,0,9,Sunday,6,1,No Promotion
2024-09-22,Groceries,Bengaluru,153,11.38,1741.14,83,35.0,0,9,Sunday,6,1,No Promotion
2024-09-22,Furniture,Bengaluru,7,389.24,2724.6800000000003,4,43.6,0,9,Sunday,6,1,No Promotion
2024-09-22,Toys,Mumbai,37,29.34,1085.58,16,18.9,0,9,Sunday,6,1,No Promotion
2024-09-23,Electronics,Chennai,23,261.84,6022.32,10,42.4,0,9,Monday,0,0,No Promotion
2024-09-23,Clothing,Chennai,44,46.65,2052.6,26,32.4,0,9,Monday,0,0,No Promotion
2024-09-23,Groceries,Hyderabad,132,12.1,1597.2,73,28.6,0,9,Monday,0,0,No Promotion
2024-09-23,Furniture,Chennai,9,385.8,3472.2000000000003,4,42.0,0,9,Monday,0,0,No Promotion
2024-09-23,Toys,Hyderabad,30,31.63,948.9,22,33.7,0,9,Monday,0,0,No Promotion
2024-09-24,Electronics,Mumbai,27,229.3,6191.1,12,29.8,0,9,Tuesday,1,0,No Promotion
2024-09-24,Clothing,Mumbai,50,44.63,2231.5,31,38.6,0,9,Tuesday,1,0,No Promotion
2024-09-24,Groceries,Mumbai,129,12.29,1585.4099999999999,62,35.0,0,9,Tuesday,1,0,No Promotion
2024-09-24,Furniture,Mumbai,5,393.05,1965.25,3,31.6,0,9,Tuesday,1,0,No Promotion
2024-09-24,Toys,Chennai,28,30.07,841.96,12,20.1,0,9,Tuesday,1,0,No Promotion
2024-09-25,Electronics,Mumbai,18,248.68,4476.24,15,41.9,0,9,Wednesday,2,0,No Promotion
2024-09-25,Clothing,Mumbai,44,43.94,1933.36,29,50.0,0,9,Wednesday,2,0,No Promotion
2024-09-25,Groceries,Chennai,136,12.15,1652.4,74,35.3,0,9,Wednesday,2,0,No Promotion
2024-09-25,Furniture,Hyderabad,3,398.68,1196.04,3,14.4,0,9,Wednesday,2,0,No Promotion
2024-09-25,Toys,Delhi,23,32.79,754.17,11,23.8,0,9,Wednesday,2,0,No Promotion
2024-09-26,Electronics,Bengaluru,21,236.23,4960.83,15,22.5,0,9,Thursday,3,0,No Promotion
2024-09-26,Clothing,Bengaluru,51,42.84,2184.84,29,50.1,0,9,Thursday,3,0,No Promotion
2024-09-26,Groceries,Bengaluru,119,12.09,1438.71,104,34.2,0,9,Thursday,3,0,No Promotion
2024-09-26,Furniture,Hyderabad,10,382.66,3826.6000000000004,8,54.5,0,9,Thursday,3,0,No Promotion
2024-09-26,Toys,Delhi,23,28.73,660.79,18,38.7,0,9,Thursday,3,0,No Promotion
2024-09-27,Electronics,Mumbai,16,259.89,4158.24,10,56.0,0,9,Friday,4,0,No Promotion
2024-09-27,Clothing,Bengaluru,48,43.4,2083.2,25,36.2,0,9,Friday,4,0,No Promotion
2024-09-27,Groceries,Mumbai,119,12.57,1495.83,85,47.9,0,9,Friday,4,0,No Promotion
2024-09-27,Furniture,Bengaluru,10,411.05,4110.5,4,36.6,0,9,Friday,4,0,No Promotion
2024-09-27,Toys,Hyderabad,38,28.7,1090.6,34,33.0,0,9,Friday,4,0,No Promotion
2024-09-28,Electronics,Delhi,28,251.16,7032.48,22,29.7,0,9,Saturday,5,1,No Promotion
2024-09-28,Clothing,Hyderabad,56,44.09,2469.04,33,42.2,0,9,Saturday,5,1,No Promotion
2024-09-28,Groceries,Delhi,189,12.11,2288.79,82,33.9,0,9,Saturday,5,1,No Promotion
2024-09-28,Furniture,Delhi,11,393.28,4326.08,7,52.3,0,9,Saturday,5,1,No Promotion
2024-09-28,Toys,Hyderabad,35,27.96,978.6,15,31.7,0,9,Saturday,5,1,No Promotion
2024-09-29,Electronics,Chennai,28,267.54,7491.120000000001,23,28.7,1,9,Sunday,6,1,Promotion
2024-09-29,Clothing,Hyderabad,64,46.99,3007.36,49,24.8,1,9,Sunday,6,1,Promotion
2024-09-29,Groceries,Mumbai,207,12.79,2647.5299999999997,187,28.1,1,9,Sunday,6,1,Promotion
2024-09-29,Furniture,Delhi,16,357.15,5714.4,9,18.4,1,9,Sunday,6,1,Promotion
2024-09-29,Toys,Delhi,51,33.2,1693.2,46,30.9,1,9,Sunday,6,1,Promotion
2024-09-30,Electronics,Chennai,24,252.92,6070.08,11,26.5,1,9,Monday,0,0,Promotion
2024-09-30,Clothing,Bengaluru,72,44.05,3171.6,35,51.5,1,9,Monday,0,0,Promotion
2024-09-30,Groceries,Delhi,171,11.92,2038.32,79,31.0,1,9,Monday,0,0,Promotion
2024-09-30,Furniture,Chennai,4,355.75,1423.0,2,41.1,1,9,Monday,0,0,Promotion
2024-09-30,Toys,Mumbai,36,30.8,1108.8,17,29.0,1,9,Monday,0,0,Promotion
2024-10-01,Electronics,Bengaluru,18,252.86,4551.4800000000005,10,45.6,0,10,Tuesday,1,0,No Promotion
2024-10-01,Clothing,Mumbai,50,42.84,2142.0,36,43.7,0,10,Tuesday,1,0,No Promotion
2024-10-01,Groceries,Delhi,119,11.34,1349.46,53,31.9,0,10,Tuesday,1,0,No Promotion
2024-10-01,Furniture,Mumbai,7,404.78,2833.46,5,48.3,0,10,Tuesday,1,0,No Promotion
2024-10-01,Toys,Bengaluru,37,30.09,1113.33,17,35.3,0,10,Tuesday,1,0,No Promotion
2024-10-02,Electronics,Delhi,14,246.84,3455.76,6,10.0,0,10,Wednesday,2,0,No Promotion
2024-10-02,Clothing,Chennai,49,44.98,2204.02,29,25.1,0,10,Wednesday,2,0,No Promotion
2024-10-02,Groceries,Bengaluru,152,12.27,1865.04,132,27.1,0,10,Wednesday,2,0,No Promotion
2024-10-02,Furniture,Hyderabad,9,372.22,3349.9800000000005,6,26.6,0,10,Wednesday,2,0,No Promotion
2024-10-02,Toys,Hyderabad,32,28.91,925.12,18,60.3,0,10,Wednesday,2,0,No Promotion
2024-10-03,Electronics,Mumbai,16,235.0,3760.0,7,36.7,0,10,Thursday,3,0,No Promotion
2024-10-03,Clothing,Hyderabad,53,44.17,2341.01,36,45.1,0,10,Thursday,3,0,No Promotion
2024-10-03,Groceries,Bengaluru,105,13.11,1376.55,44,50.8,0,10,Thursday,3,0,No Promotion
2024-10-03,Furniture,Chennai,6,389.3,2335.8,4,45.0,0,10,Thursday,3,0,No Promotion
2024-10-03,Toys,Mumbai,29,29.02,841.58,19,40.2,0,10,Thursday,3,0,No Promotion
2024-10-04,Electronics,Bengaluru,26,258.39,6718.139999999999,17,10.4,1,10,Friday,4,0,Promotion
2024-10-04,Clothing,Bengaluru,70,46.11,3227.7,45,20.2,1,10,Friday,4,0,Promotion
2024-10-04,Groceries,Bengaluru,199,11.85,2358.15,84,29.6,1,10,Friday,4,0,Promotion
2024-10-04,Furniture,Bengaluru,6,384.87,2309.2200000000003,3,44.5,1,10,Friday,4,0,Promotion
2024-10-04,Toys,Mumbai,39,30.09,1173.51,23,45.8,1,10,Friday,4,0,Promotion
2024-10-05,Electronics,Mumbai,21,265.19,5568.99,13,12.8,0,10,Saturday,5,1,No Promotion
2024-10-05,Clothing,Bengaluru,54,48.01,2592.54,45,47.3,0,10,Saturday,5,1,No Promotion
2024-10-05,Groceries,Hyderabad,174,11.41,1985.34,151,36.0,0,10,Saturday,5,1,No Promotion
2024-10-05,Furniture,Delhi,11,350.11,3851.21,5,31.6,0,10,Saturday,5,1,No Promotion
2024-10-05,Toys,Chennai,36,28.49,1025.6399999999999,20,54.3,0,10,Saturday,5,1,No Promotion
2024-10-06,Electronics,Mumbai,28,249.5,6986.0,14,47.2,0,10,Sunday,6,1,No Promotion
2024-10-06,Clothing,Bengaluru,60,47.15,2829.0,35,39.9,0,10,Sunday,6,1,No Promotion
2024-10-06,Groceries,Chennai,155,11.69,1811.9499999999998,113,28.5,0,10,Sunday,6,1,No Promotion
2024-10-06,Furniture,Mumbai,5,377.68,1888.4,2,33.9,0,10,Sunday,6,1,No Promotion
2024-10-06,Toys,Delhi,33,26.89,887.37,21,28.8,0,10,Sunday,6,1,No Promotion
2024-10-07,Electronics,Bengaluru,21,238.7,5012.7,9,46.8,0,10,Monday,0,0,No Promotion
2024-10-07,Clothing,Chennai,53,42.31,2242.4300000000003,21,46.9,0,10,Monday,0,0,No Promotion
2024-10-07,Groceries,Mumbai,149,12.05,1795.45,67,45.8,0,10,Monday,0,0,No Promotion
2024-10-07,Furniture,Chennai,9,384.79,3463.11,4,37.8,0,10,Monday,0,0,No Promotion
2024-10-07,Toys,Mumbai,35,31.34,1096.9,20,43.3,0,10,Monday,0,0,No Promotion
2024-10-08,Electronics,Delhi,18,261.32,4703.76,7,30.2,0,10,Tuesday,1,0,No Promotion
2024-10-08,Clothing,Chennai,51,46.49,2370.9900000000002,37,41.2,0,10,Tuesday,1,0,No Promotion
2024-10-08,Groceries,Delhi,146,12.67,1849.82,129,42.0,0,10,Tuesday,1,0,No Promotion
2024-10-08,Furniture,Delhi,8,399.2,3193.6,4,40.4,0,10,Tuesday,1,0,No Promotion
2024-10-08,Toys,Chennai,34,29.92,1017.2800000000001,24,39.5,0,10,Tuesday,1,0,No Promotion
2024-10-09,Electronics,Chennai,32,244.38,7820.16,15,37.3,1,10,Wednesday,2,0,Promotion
2024-10-09,Clothing,Mumbai,74,45.06,3334.44,56,37.8,1,10,Wednesday,2,0,Promotion
2024-10-09,Groceries,Delhi,166,11.98,1988.68,93,48.3,1,10,Wednesday,2,0,Promotion
2024-10-09,Furniture,Delhi,7,354.88,2484.16,3,14.7,1,10,Wednesday,2,0,Promotion
2024-10-09,Toys,Mumbai,40,30.19,1207.6000000000001,28,14.5,1,10,Wednesday,2,0,Promotion
2024-10-10,Electronics,Delhi,19,250.05,4750.95,8,36.6,0,10,Thursday,3,0,No Promotion
2024-10-10,Clothing,Bengaluru,52,45.39,2360.28,21,54.8,0,10,Thursday,3,0,No Promotion
2024-10-10,Groceries,Hyderabad,137,11.64,1594.68,83,29.2,0,10,Thursday,3,0,No Promotion
2024-10-10,Furniture,Hyderabad,0,367.07,0.0,1,47.3,0,10,Thursday,3,0,No Promotion
2024-10-10,Toys,Chennai,29,31.14,903.0600000000001,13,34.8,0,10,Thursday,3,0,No Promotion
2024-10-11,Electronics,Bengaluru,25,230.53,5763.25,11,32.8,1,10,Friday,4,0,Promotion
2024-10-11,Clothing,Chennai,69,46.87,3234.0299999999997,34,51.5,1,10,Friday,4,0,Promotion
2024-10-11,Groceries,Hyderabad,158,12.03,1900.74,80,32.3,1,10,Friday,4,0,Promotion
2024-10-11,Furniture,Chennai,2,390.16,780.32,1,26.0,1,10,Friday,4,0,Promotion
2024-10-11,Toys,Hyderabad,44,30.61,1346.84,20,52.1,1,10,Friday,4,0,Promotion
2024-10-12,Electronics,Mumbai,23,259.37,5965.51,14,28.2,0,10,Saturday,5,1,No Promotion
2024-10-12,Clothing,Bengaluru,55,44.18,2429.9,50,28.3,0,10,Saturday,5,1,No Promotion
2024-10-12,Groceries,Delhi,166,12.26,2035.1599999999999,101,26.3,0,10,Saturday,5,1,No Promotion
2024-10-12,Furniture,Bengaluru,6,377.64,2265.84,3,33.3,0,10,Saturday,5,1,No Promotion
2024-10-12,Toys,Delhi,44,30.21,1329.24,19,38.5,0,10,Saturday,5,1,No Promotion
2024-10-13,Electronics,Delhi,33,262.44,8660.52,16,31.5,0,10,Sunday,6,1,No Promotion
2024-10-13,Clothing,Hyderabad,72,47.41,3413.5199999999995,37,41.5,0,10,Sunday,6,1,No Promotion
2024-10-13,Groceries,Bengaluru,199,12.31,2449.69,104,60.9,0,10,Sunday,6,1,No Promotion
2024-10-13,Furniture,Delhi,13,371.57,4830.41,6,27.7,0,10,Sunday,6,1,No Promotion
2024-10-13,Toys,Chennai,34,30.83,1048.22,27,29.5,0,10,Sunday,6,1,No Promotion
2024-10-14,Electronics,Bengaluru,28,258.48,7237.4400000000005,17,23.8,1,10,Monday,0,0,Promotion
2024-10-14,Clothing,Chennai,60,45.47,2728.2,36,29.6,1,10,Monday,0,0,Promotion
2024-10-14,Groceries,Hyderabad,173,11.86,2051.7799999999997,105,44.5,1,10,Monday,0,0,Promotion
2024-10-14,Furniture,Delhi,13,357.99,4653.87,8,67.4,1,10,Monday,0,0,Promotion
2024-10-14,Toys,Delhi,37,31.48,1164.76,18,38.0,1,10,Monday,0,0,Promotion
2024-10-15,Electronics,Bengaluru,22,243.93,5366.46,9,11.8,0,10,Tuesday,1,0,No Promotion
2024-10-15,Clothing,Mumbai,36,48.67,1752.1200000000001,18,41.2,0,10,Tuesday,1,0,No Promotion
2024-10-15,Groceries,Hyderabad,133,12.03,1599.99,87,48.3,0,10,Tuesday,1,0,No Promotion
2024-10-15,Furniture,Chennai,5,390.35,1951.75,4,42.8,0,10,Tuesday,1,0,No Promotion
2024-10-15,Toys,Bengaluru,37,29.11,1077.07,17,19.2,0,10,Tuesday,1,0,No Promotion
2024-10-16,Electronics,Chennai,21,249.23,5233.83,12,31.0,0,10,Wednesday,2,0,No Promotion
2024-10-16,Clothing,Bengaluru,48,46.44,2229.12,39,46.7,0,10,Wednesday,2,0,No Promotion
2024-10-16,Groceries,Delhi,126,11.64,1466.64,50,42.4,0,10,Wednesday,2,0,No Promotion
2024-10-16,Furniture,Delhi,7,403.53,2824.71,6,32.2,0,10,Wednesday,2,0,No Promotion
2024-10-16,Toys,Bengaluru,34,30.57,1039.38,15,30.0,0,10,Wednesday,2,0,No Promotion
2024-10-17,Electronics,Hyderabad,13,255.21,3317.73,8,36.0,0,10,Thursday,3,0,No Promotion
2024-10-17,Clothing,Delhi,50,47.17,2358.5,22,42.2,0,10,Thursday,3,0,No Promotion
2024-10-17,Groceries,Chennai,150,12.16,1824.0,63,35.9,0,10,Thursday,3,0,No Promotion
2024-10-17,Furniture,Mumbai,5,392.45,1962.25,4,34.3,0,10,Thursday,3,0,No Promotion
2024-10-17,Toys,Bengaluru,27,31.28,844.5600000000001,13,40.1,0,10,Thursday,3,0,No Promotion
2024-10-18,Electronics,Delhi,26,224.7,5842.2,23,17.8,0,10,Friday,4,0,No Promotion
2024-10-18,Clothing,Chennai,50,46.13,2306.5,22,38.9,0,10,Friday,4,0,No Promotion
2024-10-18,Groceries,Hyderabad,143,11.95,1708.85,111,23.7,0,10,Friday,4,0,No Promotion
2024-10-18,Furniture,Delhi,6,367.03,2202.18,3,27.0,0,10,Friday,4,0,No Promotion
2024-10-18,Toys,Chennai,34,32.08,1090.72,16,26.7,0,10,Friday,4,0,No Promotion
2024-10-19,Electronics,Mumbai,36,233.44,8403.84,14,39.7,0,10,Saturday,5,1,No Promotion
2024-10-19,Clothing,Delhi,51,43.36,2211.36,22,35.0,0,10,Saturday,5,1,No Promotion
2024-10-19,Groceries,Mumbai,172,12.55,2158.6,105,33.0,0,10,Saturday,5,1,No Promotion
2024-10-19,Furniture,Bengaluru,6,398.53,2391.18,3,54.8,0,10,Saturday,5,1,No Promotion
2024-10-19,Toys,Chennai,29,31.22,905.38,18,24.1,0,10,Saturday,5,1,No Promotion
2024-10-20,Electronics,Chennai,24,246.21,5909.04,12,23.9,0,10,Sunday,6,1,No Promotion
2024-10-20,Clothing,Bengaluru,48,44.24,2123.52,36,10.3,0,10,Sunday,6,1,No Promotion
2024-10-20,Groceries,Mumbai,149,11.36,1692.6399999999999,129,20.8,0,10,Sunday,6,1,No Promotion
2024-10-20,Furniture,Hyderabad,8,396.96,3175.68,7,29.0,0,10,Sunday,6,1,No Promotion
2024-10-20,Toys,Mumbai,39,30.44,1187.16,17,38.1,0,10,Sunday,6,1,No Promotion
2024-10-21,Electronics,Chennai,21,253.49,5323.29,11,33.1,0,10,Monday,0,0,No Promotion
2024-10-21,Clothing,Bengaluru,41,44.48,1823.6799999999998,26,38.7,0,10,Monday,0,0,No Promotion
2024-10-21,Groceries,Bengaluru,145,10.64,1542.8000000000002,85,34.9,0,10,Monday,0,0,No Promotion
2024-10-21,Furniture,Delhi,7,400.97,2806.79,4,34.3,0,10,Monday,0,0,No Promotion
2024-10-21,Toys,Hyderabad,33,32.62,1076.4599999999998,15,36.4,0,10,Monday,0,0,No Promotion
2024-10-22,Electronics,Chennai,19,259.28,4926.32,8,27.4,0,10,Tuesday,1,0,No Promotion
2024-10-22,Clothing,Hyderabad,45,44.49,2002.0500000000002,18,42.6,0,10,Tuesday,1,0,No Promotion
2024-10-22,Groceries,Mumbai,134,12.12,1624.08,72,54.2,0,10,Tuesday,1,0,No Promotion
2024-10-22,Furniture,Hyderabad,9,413.25,3719.25,6,35.9,0,10,Tuesday,1,0,No Promotion
2024-10-22,Toys,Mumbai,30,28.43,852.9,15,43.8,0,10,Tuesday,1,0,No Promotion
2024-10-23,Electronics,Mumbai,23,282.42,6495.660000000001,16,29.7,0,10,Wednesday,2,0,No Promotion
2024-10-23,Clothing,Delhi,41,45.11,1849.51,26,35.8,0,10,Wednesday,2,0,No Promotion
2024-10-23,Groceries,Bengaluru,109,12.81,1396.29,68,33.5,0,10,Wednesday,2,0,No Promotion
2024-10-23,Furniture,Chennai,7,349.58,2447.06,5,28.7,0,10,Wednesday,2,0,No Promotion
2024-10-23,Toys,Chennai,21,30.34,637.14,13,13.7,0,10,Wednesday,2,0,No Promotion
2024-10-24,Electronics,Delhi,14,263.88,3694.3199999999997,6,40.7,0,10,Thursday,3,0,No Promotion
2024-10-24,Clothing,Mumbai,41,46.87,1921.6699999999998,20,43.6,0,10,Thursday,3,0,No Promotion
2024-10-24,Groceries,Mumbai,116,12.75,1479.0,85,24.1,0,10,Thursday,3,0,No Promotion
2024-10-24,Furniture,Delhi,8,419.8,3358.4,5,40.9,0,10,Thursday,3,0,No Promotion
2024-10-24,Toys,Hyderabad,20,29.53,590.6,9,34.7,0,10,Thursday,3,0,No Promotion
2024-10-25,Electronics,Delhi,14,239.87,3358.1800000000003,6,39.1,0,10,Friday,4,0,No Promotion
2024-10-25,Clothing,Mumbai,44,43.5,1914.0,21,18.5,0,10,Friday,4,0,No Promotion
2024-10-25,Groceries,Delhi,147,12.21,1794.8700000000001,123,38.5,0,10,Friday,4,0,No Promotion
2024-10-25,Furniture,Delhi,3,360.93,1082.79,2,45.2,0,10,Friday,4,0,No Promotion
2024-10-25,Toys,Chennai,33,30.27,998.91,13,28.2,0,10,Friday,4,0,No Promotion
2024-10-26,Electronics,Delhi,22,247.93,5454.46,11,42.0,0,10,Saturday,5,1,No Promotion
2024-10-26,Clothing,Chennai,57,45.3,2582.1,46,32.2,0,10,Saturday,5,1,No Promotion
2024-10-26,Groceries,Mumbai,175,12.1,2117.5,157,39.8,0,10,Saturday,5,1,No Promotion
2024-10-26,Furniture,Chennai,10,371.66,3716.6000000000004,4,31.3,0,10,Saturday,5,1,No Promotion
2024-10-26,Toys,Mumbai,36,29.86,1074.96,20,36.5,0,10,Saturday,5,1,No Promotion
2024-10-27,Electronics,Mumbai,27,254.91,6882.57,12,33.9,0,10,Sunday,6,1,No Promotion
2024-10-27,Clothing,Hyderabad,48,39.63,1902.2400000000002,42,46.2,0,10,Sunday,6,1,No Promotion
2024-10-27,Groceries,Hyderabad,152,11.77,1789.04,69,27.1,0,10,Sunday,6,1,No Promotion
2024-10-27,Furniture,Mumbai,1,383.61,383.61,1,10.9,0,10,Sunday,6,1,No Promotion
2024-10-27,Toys,Hyderabad,37,30.27,1119.99,18,30.8,0,10,Sunday,6,1,No Promotion
2024-10-28,Electronics,Chennai,25,271.99,6799.75,16,30.8,0,10,Monday,0,0,No Promotion
2024-10-28,Clothing,Chennai,48,43.44,2085.12,27,53.5,0,10,Monday,0,0,No Promotion
2024-10-28,Groceries,Delhi,105,11.5,1207.5,64,40.0,0,10,Monday,0,0,No Promotion
2024-10-28,Furniture,Mumbai,2,383.53,767.06,1,34.7,0,10,Monday,0,0,No Promotion
2024-10-28,Toys,Chennai,30,28.33,849.9,18,22.1,0,10,Monday,0,0,No Promotion
2024-10-29,Electronics,Chennai,18,252.2,4539.599999999999,15,13.9,0,10,Tuesday,1,0,No Promotion
2024-10-29,Clothing,Bengaluru,49,44.57,2183.93,40,34.0,0,10,Tuesday,1,0,No Promotion
2024-10-29,Groceries,Delhi,91,11.67,1061.97,42,38.4,0,10,Tuesday,1,0,No Promotion
2024-10-29,Furniture,Bengaluru,10,393.11,3931.1000000000004,8,33.2,0,10,Tuesday,1,0,No Promotion
2024-10-29,Toys,Mumbai,45,31.17,1402.65,27,44.4,0,10,Tuesday,1,0,No Promotion
2024-10-30,Electronics,Hyderabad,19,276.28,5249.32,8,38.2,0,10,Wednesday,2,0,No Promotion
2024-10-30,Clothing,Mumbai,34,44.73,1520.82,18,36.4,0,10,Wednesday,2,0,No Promotion
2024-10-30,Groceries,Chennai,129,11.75,1515.75,75,41.2,0,10,Wednesday,2,0,No Promotion
2024-10-30,Furniture,Chennai,8,371.69,2973.52,3,46.3,0,10,Wednesday,2,0,No Promotion
2024-10-30,Toys,Chennai,23,25.67,590.4100000000001,16,30.7,0,10,Wednesday,2,0,No Promotion
2024-10-31,Electronics,Chennai,19,274.38,5213.22,15,53.9,0,10,Thursday,3,0,No Promotion
2024-10-31,Clothing,Mumbai,39,47.87,1866.9299999999998,17,36.3,0,10,Thursday,3,0,No Promotion
2024-10-31,Groceries,Chennai,126,11.76,1481.76,90,19.5,0,10,Thursday,3,0,No Promotion
2024-10-31,Furniture,Mumbai,13,378.27,4917.51,7,39.8,0,10,Thursday,3,0,No Promotion
2024-10-31,Toys,Bengaluru,33,29.24,964.92,28,46.0,0,10,Thursday,3,0,No Promotion
2024-11-01,Electronics,Delhi,24,248.68,5968.32,11,47.0,0,11,Friday,4,0,No Promotion
2024-11-01,Clothing,Mumbai,59,40.54,2391.86,25,23.2,0,11,Friday,4,0,No Promotion
2024-11-01,Groceries,Chennai,158,11.1,1753.8,136,30.3,0,11,Friday,4,0,No Promotion
2024-11-01,Furniture,Hyderabad,14,375.98,5263.72,7,54.2,0,11,Friday,4,0,No Promotion
2024-11-01,Toys,Bengaluru,44,32.13,1413.72,23,41.5,0,11,Friday,4,0,No Promotion
2024-11-02,Electronics,Hyderabad,30,248.34,7450.2,20,34.9,0,11,Saturday,5,1,No Promotion
2024-11-02,Clothing,Chennai,77,41.3,3180.1,32,40.6,0,11,Saturday,5,1,No Promotion
2024-11-02,Groceries,Delhi,212,12.22,2590.6400000000003,164,16.4,0,11,Saturday,5,1,No Promotion
2024-11-02,Furniture,Bengaluru,16,363.23,5811.68,11,23.7,0,11,Saturday,5,1,No Promotion
2024-11-02,Toys,Delhi,47,26.86,1262.42,22,41.4,0,11,Saturday,5,1,No Promotion
2024-11-03,Electronics,Chennai,47,261.79,12304.130000000001,22,33.1,1,11,Sunday,6,1,Promotion
2024-11-03,Clothing,Hyderabad,118,44.24,5220.320000000001,64,32.1,1,11,Sunday,6,1,Promotion
2024-11-03,Groceries,Hyderabad,287,12.32,3535.84,137,44.7,1,11,Sunday,6,1,Promotion
2024-11-03,Furniture,Delhi,13,351.66,4571.58,7,45.0,1,11,Sunday,6,1,Promotion
2024-11-03,Toys,Delhi,76,30.12,2289.12,33,40.9,1,11,Sunday,6,1,Promotion
2024-11-04,Electronics,Hyderabad,33,263.96,8710.679999999998,27,41.5,0,11,Monday,0,0,No Promotion
2024-11-04,Clothing,Hyderabad,56,44.28,2479.6800000000003,24,43.1,0,11,Monday,0,0,No Promotion
2024-11-04,Groceries,Hyderabad,169,11.91,2012.79,126,45.1,0,11,Monday,0,0,No Promotion
2024-11-04,Furniture,Mumbai,13,333.43,4334.59,9,25.6,0,11,Monday,0,0,No Promotion
2024-11-04,Toys,Delhi,38,27.16,1032.08,26,28.3,0,11,Monday,0,0,No Promotion
2024-11-05,Electronics,Hyderabad,55,256.57,14111.35,30,27.5,1,11,Tuesday,1,0,Promotion
2024-11-05,Clothing,Chennai,92,45.36,4173.12,38,32.4,1,11,Tuesday,1,0,Promotion
2024-11-05,Groceries,Hyderabad,205,12.31,2523.55,103,23.5,1,11,Tuesday,1,0,Promotion
2024-11-05,Furniture,Hyderabad,10,381.3,3813.0,5,24.0,1,11,Tuesday,1,0,Promotion
2024-11-05,Toys,Bengaluru,58,28.9,1676.1999999999998,47,59.4,1,11,Tuesday,1,0,Promotion
2024-11-06,Electronics,Chennai,31,278.27,8626.369999999999,14,20.4,0,11,Wednesday,2,0,No Promotion
2024-11-06,Clothing,Mumbai,58,42.18,2446.44,39,23.8,0,11,Wednesday,2,0,No Promotion
2024-11-06,Groceries,Mumbai,196,11.13,2181.48,93,29.8,0,11,Wednesday,2,0,No Promotion
2024-11-06,Furniture,Bengaluru,10,316.36,3163.6000000000004,8,27.2,0,11,Wednesday,2,0,No Promotion
2024-11-06,Toys,Mumbai,34,29.29,995.86,16,61.8,0,11,Wednesday,2,0,No Promotion
2024-11-07,Electronics,Bengaluru,28,251.86,7052.08,14,34.4,0,11,Thursday,3,0,No Promotion
2024-11-07,Clothing,Hyderabad,73,45.61,3329.5299999999997,42,36.8,0,11,Thursday,3,0,No Promotion
2024-11-07,Groceries,Hyderabad,146,11.94,1743.24,73,45.4,0,11,Thursday,3,0,No Promotion
2024-11-07,Furniture,Hyderabad,6,393.93,2363.58,3,29.8,0,11,Thursday,3,0,No Promotion
2024-11-07,Toys,Bengaluru,47,29.86,1403.42,37,47.9,0,11,Thursday,3,0,No Promotion
2024-11-08,Electronics,Bengaluru,27,233.87,6314.49,15,33.5,0,11,Friday,4,0,No Promotion
2024-11-08,Clothing,Delhi,58,44.99,2609.42,47,24.9,0,11,Friday,4,0,No Promotion
2024-11-08,Groceries,Hyderabad,199,12.04,2395.96,93,31.3,0,11,Friday,4,0,No Promotion
2024-11-08,Furniture,Mumbai,3,383.72,1151.16,1,41.4,0,11,Friday,4,0,No Promotion
2024-11-08,Toys,Delhi,28,28.77,805.56,16,36.2,0,11,Friday,4,0,No Promotion
2024-11-09,Electronics,Hyderabad,36,237.61,8553.960000000001,21,36.4,0,11,Saturday,5,1,No Promotion
2024-11-09,Clothing,Hyderabad,77,40.97,3154.69,48,32.7,0,11,Saturday,5,1,No Promotion
2024-11-09,Groceries,Hyderabad,260,11.82,3073.2000000000003,201,39.1,0,11,Saturday,5,1,No Promotion
2024-11-09,Furniture,Hyderabad,11,391.19,4303.09,6,31.3,0,11,Saturday,5,1,No Promotion
2024-11-09,Toys,Hyderabad,41,30.94,1268.54,32,32.0,0,11,Saturday,5,1,No Promotion
2024-11-10,Electronics,Bengaluru,36,249.49,8981.64,15,49.5,0,11,Sunday,6,1,No Promotion
2024-11-10,Clothing,Chennai,86,45.19,3886.3399999999997,65,63.2,0,11,Sunday,6,1,No Promotion
2024-11-10,Groceries,Hyderabad,231,12.8,2956.8,170,26.4,0,11,Sunday,6,1,No Promotion
2024-11-10,Furniture,Bengaluru,6,369.53,2217.18,3,41.9,0,11,Sunday,6,1,No Promotion
2024-11-10,Toys,Chennai,49,27.46,1345.54,20,38.9,0,11,Sunday,6,1,No Promotion
2024-11-11,Electronics,Mumbai,36,237.24,8540.64,23,25.3,1,11,Monday,0,0,Promotion
2024-11-11,Clothing,Chennai,91,45.66,4155.0599999999995,47,30.6,1,11,Monday,0,0,Promotion
2024-11-11,Groceries,Hyderabad,201,12.19,2450.19,86,29.6,1,11,Monday,0,0,Promotion
2024-11-11,Furniture,Hyderabad,9,353.06,3177.54,5,18.1,1,11,Monday,0,0,Promotion
2024-11-11,Toys,Hyderabad,50,27.63,1381.5,26,36.8,1,11,Monday,0,0,Promotion
2024-11-12,Electronics,Mumbai,32,260.47,8335.04,22,35.0,0,11,Tuesday,1,0,No Promotion
2024-11-12,Clothing,Chennai,50,42.19,2109.5,24,58.1,0,11,Tuesday,1,0,No Promotion
2024-11-12,Groceries,Delhi,197,11.92,2348.24,154,36.7,0,11,Tuesday,1,0,No Promotion
2024-11-12,Furniture,Hyderabad,2,405.49,810.98,1,29.2,0,11,Tuesday,1,0,No Promotion
2024-11-12,Toys,Chennai,45,27.91,1255.95,24,35.3,0,11,Tuesday,1,0,No Promotion
2024-11-13,Electronics,Hyderabad,26,269.99,7019.74,12,49.3,0,11,Wednesday,2,0,No Promotion
2024-11-13,Clothing,Delhi,65,44.42,2887.3,36,30.1,0,11,Wednesday,2,0,No Promotion
2024-11-13,Groceries,Hyderabad,184,12.17,2239.28,113,32.1,0,11,Wednesday,2,0,No Promotion
2024-11-13,Furniture,Bengaluru,8,412.61,3300.88,3,28.8,0,11,Wednesday,2,0,No Promotion
2024-11-13,Toys,Bengaluru,42,29.74,1249.08,23,36.4,0,11,Wednesday,2,0,No Promotion
2024-11-14,Electronics,Mumbai,25,236.37,5909.25,12,42.8,0,11,Thursday,3,0,No Promotion
2024-11-14,Clothing,Delhi,73,47.53,3469.69,57,33.6,0,11,Thursday,3,0,No Promotion
2024-11-14,Groceries,Chennai,151,11.63,1756.13,61,51.3,0,11,Thursday,3,0,No Promotion
2024-11-14,Furniture,Mumbai,8,386.62,3092.96,4,27.0,0,11,Thursday,3,0,No Promotion
2024-11-14,Toys,Hyderabad,29,27.81,806.49,14,33.3,0,11,Thursday,3,0,No Promotion
2024-11-15,Electronics,Mumbai,27,260.77,7040.789999999999,14,35.4,0,11,Friday,4,0,No Promotion
2024-11-15,Clothing,Mumbai,63,41.36,2605.68,40,28.0,0,11,Friday,4,0,No Promotion
2024-11-15,Groceries,Mumbai,206,11.98,2467.88,146,38.5,0,11,Friday,4,0,No Promotion
2024-11-15,Furniture,Hyderabad,9,389.98,3509.82,5,36.6,0,11,Friday,4,0,No Promotion
2024-11-15,Toys,Chennai,36,27.82,1001.52,21,28.4,0,11,Friday,4,0,No Promotion
2024-11-16,Electronics,Bengaluru,29,239.35,6941.15,16,24.6,0,11,Saturday,5,1,No Promotion
2024-11-16,Clothing,Chennai,91,40.22,3660.02,41,43.5,0,11,Saturday,5,1,No Promotion
2024-11-16,Groceries,Mumbai,203,11.67,2369.0099999999998,131,31.2,0,11,Saturday,5,1,No Promotion
2024-11-16,Furniture,Delhi,16,370.86,5933.76,14,43.2,0,11,Saturday,5,1,No Promotion
2024-11-16,Toys,Chennai,53,29.56,1566.6799999999998,39,35.6,0,11,Saturday,5,1,No Promotion
2024-11-17,Electronics,Hyderabad,40,241.19,9647.6,34,31.3,0,11,Sunday,6,1,No Promotion
2024-11-17,Clothing,Delhi,85,47.02,3996.7000000000003,61,37.3,0,11,Sunday,6,1,No Promotion
2024-11-17,Groceries,Chennai,228,10.81,2464.6800000000003,114,36.1,0,11,Sunday,6,1,No Promotion
2024-11-17,Furniture,Chennai,9,408.65,3677.85,5,40.6,0,11,Sunday,6,1,No Promotion
2024-11-17,Toys,Chennai,42,29.37,1233.54,17,42.8,0,11,Sunday,6,1,No Promotion
2024-11-18,Electronics,Mumbai,31,241.08,7473.4800000000005,13,25.7,0,11,Monday,0,0,No Promotion
2024-11-18,Clothing,Hyderabad,67,46.14,3091.38,30,34.4,0,11,Monday,0,0,No Promotion
2024-11-18,Groceries,Bengaluru,183,10.69,1956.27,163,34.4,0,11,Monday,0,0,No Promotion
2024-11-18,Furniture,Delhi,12,365.99,4391.88,6,23.4,0,11,Monday,0,0,No Promotion
2024-11-18,Toys,Delhi,43,33.64,1446.52,22,39.0,0,11,Monday,0,0,No Promotion
2024-11-19,Electronics,Hyderabad,30,242.04,7261.2,14,37.1,0,11,Tuesday,1,0,No Promotion
2024-11-19,Clothing,Hyderabad,69,45.55,3142.95,29,32.1,0,11,Tuesday,1,0,No Promotion
2024-11-19,Groceries,Delhi,211,11.4,2405.4,102,26.2,0,11,Tuesday,1,0,No Promotion
2024-11-19,Furniture,Bengaluru,11,373.37,4107.07,6,34.9,0,11,Tuesday,1,0,No Promotion
2024-11-19,Toys,Chennai,44,31.27,1375.8799999999999,19,35.5,0,11,Tuesday,1,0,No Promotion
2024-11-20,Electronics,Mumbai,29,242.02,7018.58,16,44.2,0,11,Wednesday,2,0,No Promotion
2024-11-20,Clothing,Bengaluru,56,47.12,2638.72,43,36.2,0,11,Wednesday,2,0,No Promotion
2024-11-20,Groceries,Delhi,170,12.65,2150.5,70,36.4,0,11,Wednesday,2,0,No Promotion
2024-11-20,Furniture,Chennai,9,388.45,3496.0499999999997,7,54.7,0,11,Wednesday,2,0,No Promotion
2024-11-20,Toys,Hyderabad,44,28.36,1247.84,23,43.5,0,11,Wednesday,2,0,No Promotion
2024-11-21,Electronics,Hyderabad,34,241.88,8223.92,16,45.6,0,11,Thursday,3,0,No Promotion
2024-11-21,Clothing,Chennai,54,45.96,2481.84,27,41.0,0,11,Thursday,3,0,No Promotion
2024-11-21,Groceries,Hyderabad,174,12.66,2202.84,110,32.3,0,11,Thursday,3,0,No Promotion
2024-11-21,Furniture,Hyderabad,11,416.36,4579.96,6,42.5,0,11,Thursday,3,0,No Promotion
2024-11-21,Toys,Delhi,36,28.49,1025.6399999999999,19,36.7,0,11,Thursday,3,0,No Promotion
2024-11-22,Electronics,Hyderabad,31,252.68,7833.08,22,49.3,0,11,Friday,4,0,No Promotion
2024-11-22,Clothing,Bengaluru,63,46.07,2902.41,34,53.9,0,11,Friday,4,0,No Promotion
2024-11-22,Groceries,Mumbai,130,12.43,1615.8999999999999,65,26.0,0,11,Friday,4,0,No Promotion
2024-11-22,Furniture,Delhi,6,368.2,2209.2,2,52.6,0,11,Friday,4,0,No Promotion
2024-11-22,Toys,Hyderabad,31,29.48,913.88,18,33.6,0,11,Friday,4,0,No Promotion
2024-11-23,Electronics,Chennai,44,259.87,11434.28,32,38.7,0,11,Saturday,5,1,No Promotion
2024-11-23,Clothing,Delhi,85,44.28,3763.8,63,28.2,0,11,Saturday,5,1,No Promotion
2024-11-23,Groceries,Mumbai,277,11.67,3232.59,113,41.0,0,11,Saturday,5,1,No Promotion
2024-11-23,Furniture,Bengaluru,10,391.74,3917.4,4,36.2,0,11,Saturday,5,1,No Promotion
2024-11-23,Toys,Chennai,60,31.56,1893.6,28,46.1,0,11,Saturday,5,1,No Promotion
2024-11-24,Electronics,Mumbai,37,243.57,9012.09,17,37.9,0,11,Sunday,6,1,No Promotion
2024-11-24,Clothing,Delhi,78,41.58,3243.24,35,35.5,0,11,Sunday,6,1,No Promotion
2024-11-24,Groceries,Chennai,240,13.01,3122.4,105,27.0,0,11,Sunday,6,1,No Promotion
2024-11-24,Furniture,Chennai,10,339.31,3393.1,6,37.5,0,11,Sunday,6,1,No Promotion
2024-11-24,Toys,Mumbai,53,30.39,1610.67,24,28.8,0,11,Sunday,6,1,No Promotion
2024-11-25,Electronics,Hyderabad,30,251.42,7542.599999999999,24,29.2,0,11,Monday,0,0,No Promotion
2024-11-25,Clothing,Bengaluru,69,44.6,3077.4,52,27.9,0,11,Monday,0,0,No Promotion
2024-11-25,Groceries,Delhi,185,11.97,2214.4500000000003,86,31.8,0,11,Monday,0,0,No Promotion
2024-11-25,Furniture,Bengaluru,7,405.63,2839.41,4,43.7,0,11,Monday,0,0,No Promotion
2024-11-25,Toys,Chennai,41,27.96,1146.3600000000001,17,36.3,0,11,Monday,0,0,No Promotion
2024-11-26,Electronics,Bengaluru,26,253.32,6586.32,14,22.9,0,11,Tuesday,1,0,No Promotion
2024-11-26,Clothing,Hyderabad,52,47.25,2457.0,23,0.9,0,11,Tuesday,1,0,No Promotion
2024-11-26,Groceries,Hyderabad,193,12.23,2360.39,136,34.2,0,11,Tuesday,1,0,No Promotion
2024-11-26,Furniture,Bengaluru,9,409.45,3685.0499999999997,5,37.1,0,11,Tuesday,1,0,No Promotion
2024-11-26,Toys,Chennai,30,28.17,845.1,12,28.2,0,11,Tuesday,1,0,No Promotion
2024-11-27,Electronics,Chennai,32,252.27,8072.64,14,37.6,0,11,Wednesday,2,0,No Promotion
2024-11-27,Clothing,Mumbai,59,47.3,2790.7,44,16.1,0,11,Wednesday,2,0,No Promotion
2024-11-27,Groceries,Chennai,149,12.07,1798.43,73,42.1,0,11,Wednesday,2,0,No Promotion
2024-11-27,Furniture,Mumbai,7,411.33,2879.31,6,18.1,0,11,Wednesday,2,0,No Promotion
2024-11-27,Toys,Mumbai,51,30.88,1574.8799999999999,36,44.7,0,11,Wednesday,2,0,No Promotion
2024-11-28,Electronics,Hyderabad,36,241.04,8677.44,29,44.8,0,11,Thursday,3,0,No Promotion
2024-11-28,Clothing,Chennai,50,45.29,2264.5,44,33.3,0,11,Thursday,3,0,No Promotion
2024-11-28,Groceries,Bengaluru,190,12.08,2295.2,124,40.4,0,11,Thursday,3,0,No Promotion
2024-11-28,Furniture,Bengaluru,9,395.99,3563.91,7,51.8,0,11,Thursday,3,0,No Promotion
2024-11-28,Toys,Chennai,41,28.95,1186.95,27,37.2,0,11,Thursday,3,0,No Promotion
2024-11-29,Electronics,Mumbai,25,252.57,6314.25,15,47.9,0,11,Friday,4,0,No Promotion
2024-11-29,Clothing,Bengaluru,56,44.8,2508.7999999999997,26,22.8,0,11,Friday,4,0,No Promotion
2024-11-29,Groceries,Bengaluru,203,11.65,2364.9500000000003,139,18.1,0,11,Friday,4,0,No Promotion
2024-11-29,Furniture,Mumbai,9,415.78,3742.0199999999995,4,45.5,0,11,Friday,4,0,No Promotion
2024-11-29,Toys,Chennai,42,31.18,1309.56,30,27.3,0,11,Friday,4,0,No Promotion
2024-11-30,Electronics,Hyderabad,39,270.33,10542.869999999999,16,9.3,0,11,Saturday,5,1,No Promotion
2024-11-30,Clothing,Mumbai,60,46.52,2791.2000000000003,31,23.8,0,11,Saturday,5,1,No Promotion
2024-11-30,Groceries,Mumbai,243,12.98,3154.1400000000003,111,40.9,0,11,Saturday,5,1,No Promotion
2024-11-30,Furniture,Bengaluru,11,362.3,3985.3,8,45.9,0,11,Saturday,5,1,No Promotion
2024-11-30,Toys,Mumbai,58,29.02,1683.16,34,21.7,0,11,Saturday,5,1,No Promotion
2024-12-01,Electronics,Mumbai,20,268.21,5364.2,9,38.9,0,12,Sunday,6,1,No Promotion
2024-12-01,Clothing,Bengaluru,71,46.89,3329.19,43,43.8,0,12,Sunday,6,1,No Promotion
2024-12-01,Groceries,Bengaluru,262,12.7,3327.3999999999996,182,27.6,0,12,Sunday,6,1,No Promotion
2024-12-01,Furniture,Delhi,11,382.58,4208.38,4,42.2,0,12,Sunday,6,1,No Promotion
2024-12-01,Toys,Hyderabad,52,31.02,1613.04,36,51.5,0,12,Sunday,6,1,No Promotion
2024-12-02,Electronics,Chennai,32,264.38,8460.16,17,38.1,0,12,Monday,0,0,No Promotion
2024-12-02,Clothing,Mumbai,52,44.46,2311.92,29,59.8,0,12,Monday,0,0,No Promotion
2024-12-02,Groceries,Chennai,150,12.77,1915.5,85,48.1,0,12,Monday,0,0,No Promotion
2024-12-02,Furniture,Bengaluru,11,375.82,4134.0199999999995,6,38.1,0,12,Monday,0,0,No Promotion
2024-12-02,Toys,Mumbai,43,29.71,1277.53,26,29.1,0,12,Monday,0,0,No Promotion
2024-12-03,Electronics,Chennai,26,232.38,6041.88,15,38.1,0,12,Tuesday,1,0,No Promotion
2024-12-03,Clothing,Delhi,56,42.83,2398.48,39,20.2,0,12,Tuesday,1,0,No Promotion
2024-12-03,Groceries,Mumbai,175,11.89,2080.75,95,45.2,0,12,Tuesday,1,0,No Promotion
2024-12-03,Furniture,Hyderabad,10,364.38,3643.8,4,49.9,0,12,Tuesday,1,0,No Promotion
2024-12-03,Toys,Chennai,40,30.26,1210.4,19,26.2,0,12,Tuesday,1,0,No Promotion
2024-12-04,Electronics,Delhi,30,273.65,8209.5,27,41.3,0,12,Wednesday,2,0,No Promotion
2024-12-04,Clothing,Hyderabad,59,47.54,2804.86,44,33.8,0,12,Wednesday,2,0,No Promotion
2024-12-04,Groceries,Mumbai,227,10.99,2494.73,197,35.3,0,12,Wednesday,2,0,No Promotion
2024-12-04,Furniture,Hyderabad,9,390.03,3510.2699999999995,8,21.8,0,12,Wednesday,2,0,No Promotion
2024-12-04,Toys,Mumbai,40,32.24,1289.6000000000001,17,24.7,0,12,Wednesday,2,0,No Promotion
2024-12-05,Electronics,Bengaluru,25,251.83,6295.75,14,22.9,0,12,Thursday,3,0,No Promotion
2024-12-05,Clothing,Bengaluru,47,47.69,2241.43,19,20.6,0,12,Thursday,3,0,No Promotion
2024-12-05,Groceries,Mumbai,199,12.66,2519.34,98,42.8,0,12,Thursday,3,0,No Promotion
2024-12-05,Furniture,Delhi,9,418.05,3762.4500000000003,4,24.8,0,12,Thursday,3,0,No Promotion
2024-12-05,Toys,Delhi,33,31.79,1049.07,19,47.2,0,12,Thursday,3,0,No Promotion
2024-12-06,Electronics,Delhi,27,240.51,6493.7699999999995,11,23.1,0,12,Friday,4,0,No Promotion
2024-12-06,Clothing,Hyderabad,62,46.58,2887.96,32,54.7,0,12,Friday,4,0,No Promotion
2024-12-06,Groceries,Mumbai,220,11.67,2567.4,123,32.5,0,12,Friday,4,0,No Promotion
2024-12-06,Furniture,Hyderabad,8,373.17,2985.36,3,46.0,0,12,Friday,4,0,No Promotion
2024-12-06,Toys,Hyderabad,40,30.44,1217.6000000000001,28,33.9,0,12,Friday,4,0,No Promotion
2024-12-07,Electronics,Bengaluru,36,260.28,9370.079999999998,32,43.6,0,12,Saturday,5,1,No Promotion
2024-12-07,Clothing,Mumbai,93,46.63,4336.59,39,34.2,0,12,Saturday,5,1,No Promotion
2024-12-07,Groceries,Delhi,215,12.51,2689.65,118,40.4,0,12,Saturday,5,1,No Promotion
2024-12-07,Furniture,Mumbai,15,370.83,5562.45,10,35.7,0,12,Saturday,5,1,No Promotion
2024-12-07,Toys,Bengaluru,45,27.29,1228.05,23,24.0,0,12,Saturday,5,1,No Promotion
2024-12-08,Electronics,Delhi,36,235.03,8461.08,21,48.3,0,12,Sunday,6,1,No Promotion
2024-12-08,Clothing,Mumbai,85,46.51,3953.35,44,42.1,0,12,Sunday,6,1,No Promotion
2024-12-08,Groceries,Delhi,205,12.18,2496.9,130,33.3,0,12,Sunday,6,1,No Promotion
2024-12-08,Furniture,Mumbai,13,374.37,4866.81,9,28.8,0,12,Sunday,6,1,No Promotion
2024-12-08,Toys,Chennai,57,30.53,1740.21,40,40.9,0,12,Sunday,6,1,No Promotion
2024-12-09,Electronics,Delhi,22,237.64,5228.08,12,20.1,0,12,Monday,0,0,No Promotion
2024-12-09,Clothing,Delhi,63,46.72,2943.36,51,34.8,0,12,Monday,0,0,No Promotion
2024-12-09,Groceries,Mumbai,191,11.71,2236.61,168,50.6,0,12,Monday,0,0,No Promotion
2024-12-09,Furniture,Chennai,7,390.74,2735.1800000000003,3,29.6,0,12,Monday,0,0,No Promotion
2024-12-09,Toys,Chennai,39,31.33,1221.87,17,36.4,0,12,Monday,0,0,No Promotion
2024-12-10,Electronics,Delhi,30,235.82,7074.599999999999,16,38.2,0,12,Tuesday,1,0,No Promotion
2024-12-10,Clothing,Chennai,57,49.98,2848.8599999999997,47,21.3,0,12,Tuesday,1,0,No Promotion
2024-12-10,Groceries,Delhi,194,12.19,2364.86,133,40.9,0,12,Tuesday,1,0,No Promotion
2024-12-10,Furniture,Hyderabad,8,383.59,3068.72,3,30.9,0,12,Tuesday,1,0,No Promotion
2024-12-10,Toys,Delhi,41,29.57,1212.3700000000001,20,48.5,0,12,Tuesday,1,0,No Promotion
2024-12-11,Electronics,Delhi,24,262.6,6302.400000000001,21,25.7,0,12,Wednesday,2,0,No Promotion
2024-12-11,Clothing,Hyderabad,58,42.33,2455.14,38,30.6,0,12,Wednesday,2,0,No Promotion
2024-12-11,Groceries,Delhi,252,12.56,3165.1200000000003,198,39.1,0,12,Wednesday,2,0,No Promotion
2024-12-11,Furniture,Chennai,10,407.27,4072.7,5,39.1,0,12,Wednesday,2,0,No Promotion
2024-12-11,Toys,Hyderabad,42,28.2,1184.3999999999999,26,36.6,0,12,Wednesday,2,0,No Promotion
2024-12-12,Electronics,Mumbai,21,260.99,5480.79,15,41.8,0,12,Thursday,3,0,No Promotion
2024-12-12,Clothing,Chennai,48,44.01,2112.48,31,49.4,0,12,Thursday,3,0,No Promotion
2024-12-12,Groceries,Hyderabad,247,12.54,3097.3799999999997,120,36.6,0,12,Thursday,3,0,No Promotion
2024-12-12,Furniture,Chennai,7,377.38,2641.66,3,31.0,0,12,Thursday,3,0,No Promotion
2024-12-12,Toys,Hyderabad,41,30.45,1248.45,19,49.9,0,12,Thursday,3,0,No Promotion
2024-12-13,Electronics,Delhi,30,278.04,8341.2,17,25.7,0,12,Friday,4,0,No Promotion
2024-12-13,Clothing,Chennai,67,44.07,2952.69,32,28.4,0,12,Friday,4,0,No Promotion
2024-12-13,Groceries,Hyderabad,168,10.22,1716.96,81,54.2,0,12,Friday,4,0,No Promotion
2024-12-13,Furniture,Chennai,7,423.94,2967.58,5,47.2,0,12,Friday,4,0,No Promotion
2024-12-13,Toys,Mumbai,45,27.58,1241.1,22,33.8,0,12,Friday,4,0,No Promotion
2024-12-14,Electronics,Hyderabad,40,243.21,9728.4,31,42.4,0,12,Saturday,5,1,No Promotion
2024-12-14,Clothing,Bengaluru,81,46.13,3736.53,67,38.1,0,12,Saturday,5,1,No Promotion
2024-12-14,Groceries,Mumbai,210,12.54,2633.3999999999996,115,32.1,0,12,Saturday,5,1,No Promotion
2024-12-14,Furniture,Delhi,9,330.79,2977.11,4,26.5,0,12,Saturday,5,1,No Promotion
2024-12-14,Toys,Delhi,63,29.77,1875.51,48,43.1,0,12,Saturday,5,1,No Promotion
2024-12-15,Electronics,Delhi,42,251.77,10574.34,24,43.8,0,12,Sunday,6,1,No Promotion
2024-12-15,Clothing,Bengaluru,103,53.17,5476.51,71,45.9,0,12,Sunday,6,1,No Promotion
2024-12-15,Groceries,Bengaluru,230,11.39,2619.7000000000003,142,47.4,0,12,Sunday,6,1,No Promotion
2024-12-15,Furniture,Mumbai,12,387.66,4651.92,6,36.1,0,12,Sunday,6,1,No Promotion
2024-12-15,Toys,Delhi,48,30.17,1448.16,31,22.3,0,12,Sunday,6,1,No Promotion
2024-12-16,Electronics,Hyderabad,34,269.69,9169.46,14,45.4,0,12,Monday,0,0,No Promotion
2024-12-16,Clothing,Mumbai,74,46.05,3407.7,37,35.5,0,12,Monday,0,0,No Promotion
2024-12-16,Groceries,Mumbai,234,12.04,2817.3599999999997,128,45.5,0,12,Monday,0,0,No Promotion
2024-12-16,Furniture,Chennai,1,393.18,393.18,1,18.2,0,12,Monday,0,0,No Promotion
2024-12-16,Toys,Bengaluru,39,26.5,1033.5,18,40.1,0,12,Monday,0,0,No Promotion
2024-12-17,Electronics,Bengaluru,25,256.88,6422.0,10,50.7,0,12,Tuesday,1,0,No Promotion
2024-12-17,Clothing,Chennai,61,49.05,2992.0499999999997,37,29.8,0,12,Tuesday,1,0,No Promotion
2024-12-17,Groceries,Mumbai,150,10.5,1575.0,66,49.6,0,12,Tuesday,1,0,No Promotion
2024-12-17,Furniture,Hyderabad,10,361.88,3618.8,6,35.0,0,12,Tuesday,1,0,No Promotion
2024-12-17,Toys,Delhi,40,31.31,1252.3999999999999,17,50.7,0,12,Tuesday,1,0,No Promotion
2024-12-18,Electronics,Chennai,24,241.88,5805.12,12,43.2,0,12,Wednesday,2,0,No Promotion
2024-12-18,Clothing,Bengaluru,70,44.93,3145.1,37,11.4,0,12,Wednesday,2,0,No Promotion
2024-12-18,Groceries,Delhi,138,11.88,1639.44,103,37.7,0,12,Wednesday,2,0,No Promotion
2024-12-18,Furniture,Chennai,4,343.17,1372.68,2,44.8,0,12,Wednesday,2,0,No Promotion
2024-12-18,Toys,Bengaluru,33,30.75,1014.75,17,29.1,0,12,Wednesday,2,0,No Promotion
2024-12-19,Electronics,Hyderabad,28,249.92,6997.759999999999,22,57.4,1,12,Thursday,3,0,Promotion
2024-12-19,Clothing,Chennai,97,42.82,4153.54,57,41.9,1,12,Thursday,3,0,Promotion
2024-12-19,Groceries,Chennai,241,11.97,2884.77,178,45.8,1,12,Thursday,3,0,Promotion
2024-12-19,Furniture,Delhi,17,368.9,6271.299999999999,14,47.9,1,12,Thursday,3,0,Promotion
2024-12-19,Toys,Mumbai,50,31.34,1567.0,25,45.4,1,12,Thursday,3,0,Promotion
2024-12-20,Electronics,Hyderabad,28,272.46,7628.879999999999,13,28.3,0,12,Friday,4,0,No Promotion
2024-12-20,Clothing,Hyderabad,55,44.36,2439.8,34,36.3,0,12,Friday,4,0,No Promotion
2024-12-20,Groceries,Hyderabad,225,11.88,2673.0,93,40.0,0,12,Friday,4,0,No Promotion
2024-12-20,Furniture,Chennai,8,391.47,3131.76,5,12.7,0,12,Friday,4,0,No Promotion
2024-12-20,Toys,Mumbai,40,31.88,1275.2,16,26.9,0,12,Friday,4,0,No Promotion
2024-12-21,Electronics,Hyderabad,38,259.88,9875.44,30,23.7,0,12,Saturday,5,1,No Promotion
2024-12-21,Clothing,Bengaluru,89,43.83,3900.87,46,44.4,0,12,Saturday,5,1,No Promotion
2024-12-21,Groceries,Hyderabad,225,11.55,2598.75,90,43.5,0,12,Saturday,5,1,No Promotion
2024-12-21,Furniture,Hyderabad,14,372.47,5214.58,6,41.8,0,12,Saturday,5,1,No Promotion
2024-12-21,Toys,Mumbai,46,31.11,1431.06,21,21.7,0,12,Saturday,5,1,No Promotion
2024-12-22,Electronics,Hyderabad,41,252.19,10339.789999999999,28,48.1,0,12,Sunday,6,1,No Promotion
2024-12-22,Clothing,Hyderabad,72,44.47,3201.84,47,42.1,0,12,Sunday,6,1,No Promotion
2024-12-22,Groceries,Bengaluru,206,11.86,2443.16,92,36.5,0,12,Sunday,6,1,No Promotion
2024-12-22,Furniture,Mumbai,9,378.5,3406.5,6,17.4,0,12,Sunday,6,1,No Promotion
2024-12-22,Toys,Mumbai,52,31.88,1657.76,30,41.5,0,12,Sunday,6,1,No Promotion
2024-12-23,Electronics,Hyderabad,25,254.61,6365.25,16,31.3,0,12,Monday,0,0,No Promotion
2024-12-23,Clothing,Chennai,65,47.95,3116.75,31,36.3,0,12,Monday,0,0,No Promotion
2024-12-23,Groceries,Hyderabad,216,11.75,2538.0,178,41.3,0,12,Monday,0,0,No Promotion
2024-12-23,Furniture,Chennai,11,343.24,3775.6400000000003,9,48.1,0,12,Monday,0,0,No Promotion
2024-12-23,Toys,Hyderabad,53,28.98,1535.94,39,22.1,0,12,Monday,0,0,No Promotion
2024-12-24,Electronics,Bengaluru,28,257.9,7221.199999999999,18,27.2,0,12,Tuesday,1,0,No Promotion
2024-12-24,Clothing,Delhi,47,41.34,1942.9800000000002,35,39.4,0,12,Tuesday,1,0,No Promotion
2024-12-24,Groceries,Hyderabad,207,11.59,2399.13,127,40.9,0,12,Tuesday,1,0,No Promotion
2024-12-24,Furniture,Hyderabad,9,369.78,3328.0199999999995,4,23.5,0,12,Tuesday,1,0,No Promotion
2024-12-24,Toys,Delhi,40,30.72,1228.8,25,21.7,0,12,Tuesday,1,0,No Promotion
2024-12-25,Electronics,Chennai,29,244.22,7082.38,23,34.4,0,12,Wednesday,2,0,No Promotion
2024-12-25,Clothing,Bengaluru,75,41.83,3137.25,60,29.0,0,12,Wednesday,2,0,No Promotion
2024-12-25,Groceries,Mumbai,215,12.26,2635.9,108,34.9,0,12,Wednesday,2,0,No Promotion
2024-12-25,Furniture,Delhi,13,351.3,4566.900000000001,6,22.2,0,12,Wednesday,2,0,No Promotion
2024-12-25,Toys,Chennai,39,33.31,1299.0900000000001,28,22.8,0,12,Wednesday,2,0,No Promotion
2024-12-26,Electronics,Hyderabad,26,266.34,6924.839999999999,20,44.0,0,12,Thursday,3,0,No Promotion
2024-12-26,Clothing,Mumbai,42,44.77,1880.3400000000001,33,18.2,0,12,Thursday,3,0,No Promotion
2024-12-26,Groceries,Delhi,210,11.79,2475.8999999999996,116,37.6,0,12,Thursday,3,0,No Promotion
2024-12-26,Furniture,Bengaluru,6,401.13,2406.7799999999997,3,38.9,0,12,Thursday,3,0,No Promotion
2024-12-26,Toys,Chennai,34,27.35,929.9000000000001,14,32.6,0,12,Thursday,3,0,No Promotion
2024-12-27,Electronics,Chennai,46,272.95,12555.699999999999,34,42.8,1,12,Friday,4,0,Promotion
2024-12-27,Clothing,Mumbai,73,44.27,3231.71,44,41.0,1,12,Friday,4,0,Promotion
2024-12-27,Groceries,Hyderabad,261,12.07,3150.27,198,31.2,1,12,Friday,4,0,Promotion
2024-12-27,Furniture,Delhi,9,390.7,3516.2999999999997,5,39.6,1,12,Friday,4,0,Promotion
2024-12-27,Toys,Bengaluru,60,31.78,1906.8000000000002,32,40.6,1,12,Friday,4,0,Promotion
2024-12-28,Electronics,Mumbai,39,266.28,10384.919999999998,23,42.0,0,12,Saturday,5,1,No Promotion
2024-12-28,Clothing,Mumbai,77,45.16,3477.3199999999997,63,39.9,0,12,Saturday,5,1,No Promotion
2024-12-28,Groceries,Mumbai,240,11.7,2808.0,217,37.4,0,12,Saturday,5,1,No Promotion
2024-12-28,Furniture,Chennai,10,407.43,4074.3,5,34.9,0,12,Saturday,5,1,No Promotion
2024-12-28,Toys,Delhi,41,30.27,1241.07,17,32.0,0,12,Saturday,5,1,No Promotion
2024-12-29,Electronics,Delhi,37,240.93,8914.41,20,34.5,0,12,Sunday,6,1,No Promotion
2024-12-29,Clothing,Hyderabad,67,44.69,2994.23,33,32.4,0,12,Sunday,6,1,No Promotion
2024-12-29,Groceries,Delhi,249,11.74,2923.26,182,28.3,0,12,Sunday,6,1,No Promotion
2024-12-29,Furniture,Mumbai,12,390.29,4683.4800000000005,7,33.6,0,12,Sunday,6,1,No Promotion
2024-12-29,Toys,Delhi,49,32.67,1600.8300000000002,30,32.7,0,12,Sunday,6,1,No Promotion
2024-12-30,Electronics,Chennai,29,249.33,7230.570000000001,24,25.6,0,12,Monday,0,0,No Promotion
2024-12-30,Clothing,Bengaluru,71,44.06,3128.26,54,35.0,0,12,Monday,0,0,No Promotion
2024-12-30,Groceries,Bengaluru,236,12.34,2912.24,119,31.9,0,12,Monday,0,0,No Promotion
2024-12-30,Furniture,Chennai,11,384.29,4227.1900000000005,5,51.3,0,12,Monday,0,0,No Promotion
2024-12-30,Toys,Mumbai,48,27.77,1332.96,20,29.6,0,12,Monday,0,0,No Promotion
2024-12-31,Electronics,Mumbai,22,248.39,5464.58,9,34.6,0,12,Tuesday,1,0,No Promotion
2024-12-31,Clothing,Mumbai,54,42.61,2300.94,23,48.6,0,12,Tuesday,1,0,No Promotion
2024-12-31,Groceries,Bengaluru,192,12.17,2336.64,83,58.7,0,12,Tuesday,1,0,No Promotion
2024-12-31,Furniture,Mumbai,13,354.87,4613.31,6,26.2,0,12,Tuesday,1,0,No Promotion
2024-12-31,Toys,Hyderabad,55,29.19,1605.45,24,47.5,0,12,Tuesday,1,0,No Promotion
2025-01-01,Electronics,Mumbai,21,241.63,5074.23,11,33.7,0,1,Wednesday,2,0,No Promotion
2025-01-01,Clothing,Mumbai,28,46.26,1295.28,12,53.6,0,1,Wednesday,2,0,No Promotion
2025-01-01,Groceries,Bengaluru,113,13.14,1484.8200000000002,80,24.3,0,1,Wednesday,2,0,No Promotion
2025-01-01,Furniture,Delhi,5,384.41,1922.0500000000002,3,48.6,0,1,Wednesday,2,0,No Promotion
2025-01-01,Toys,Bengaluru,24,29.94,718.5600000000001,18,48.4,0,1,Wednesday,2,0,No Promotion
2025-01-02,Electronics,Chennai,17,272.44,4631.48,7,38.4,0,1,Thursday,3,0,No Promotion
2025-01-02,Clothing,Mumbai,33,44.64,1473.1200000000001,16,32.5,0,1,Thursday,3,0,No Promotion
2025-01-02,Groceries,Delhi,108,12.51,1351.08,89,31.3,0,1,Thursday,3,0,No Promotion
2025-01-02,Furniture,Delhi,3,448.82,1346.46,2,31.5,0,1,Thursday,3,0,No Promotion
2025-01-02,Toys,Chennai,20,27.15,543.0,10,32.2,0,1,Thursday,3,0,No Promotion
2025-01-03,Electronics,Bengaluru,15,267.14,4007.1,7,41.7,0,1,Friday,4,0,No Promotion
2025-01-03,Clothing,Chennai,46,44.99,2069.54,28,27.9,0,1,Friday,4,0,No Promotion
2025-01-03,Groceries,Chennai,125,11.89,1486.25,53,39.0,0,1,Friday,4,0,No Promotion
2025-01-03,Furniture,Chennai,5,366.7,1833.5,4,45.6,0,1,Friday,4,0,No Promotion
2025-01-03,Toys,Hyderabad,29,28.48,825.92,12,24.9,0,1,Friday,4,0,No Promotion
2025-01-04,Electronics,Mumbai,18,249.03,4482.54,13,41.2,0,1,Saturday,5,1,No Promotion
2025-01-04,Clothing,Hyderabad,51,45.53,2322.03,21,33.2,0,1,Saturday,5,1,No Promotion
2025-01-04,Groceries,Chennai,168,11.98,2012.64,145,20.2,0,1,Saturday,5,1,No Promotion
2025-01-04,Furniture,Delhi,4,375.06,1500.24,3,35.9,0,1,Saturday,5,1,No Promotion
2025-01-04,Toys,Chennai,38,31.25,1187.5,17,36.1,0,1,Saturday,5,1,No Promotion
2025-01-05,Electronics,Bengaluru,30,261.56,7846.8,18,28.5,1,1,Sunday,6,1,Promotion
2025-01-05,Clothing,Delhi,70,46.94,3285.7999999999997,31,53.4,1,1,Sunday,6,1,Promotion
2025-01-05,Groceries,Hyderabad,222,12.43,2759.46,89,42.4,1,1,Sunday,6,1,Promotion
2025-01-05,Furniture,Delhi,12,349.77,4197.24,6,23.3,1,1,Sunday,6,1,Promotion
2025-01-05,Toys,Chennai,45,30.49,1372.05,29,60.6,1,1,Sunday,6,1,Promotion
2025-01-06,Electronics,Chennai,21,252.1,5294.099999999999,16,41.4,0,1,Monday,0,0,No Promotion
2025-01-06,Clothing,Mumbai,39,41.87,1632.9299999999998,29,41.4,0,1,Monday,0,0,No Promotion
2025-01-06,Groceries,Mumbai,122,11.38,1388.3600000000001,79,27.6,0,1,Monday,0,0,No Promotion
2025-01-06,Furniture,Mumbai,5,402.2,2011.0,2,14.3,0,1,Monday,0,0,No Promotion
2025-01-06,Toys,Mumbai,23,33.96,781.08,13,41.3,0,1,Monday,0,0,No Promotion
2025-01-07,Electronics,Mumbai,21,242.51,5092.71,11,30.5,0,1,Tuesday,1,0,No Promotion
2025-01-07,Clothing,Mumbai,45,47.74,2148.3,30,46.3,0,1,Tuesday,1,0,No Promotion
2025-01-07,Groceries,Delhi,116,11.95,1386.1999999999998,76,35.1,0,1,Tuesday,1,0,No Promotion
2025-01-07,Furniture,Delhi,1,413.66,413.66,1,16.7,0,1,Tuesday,1,0,No Promotion
2025-01-07,Toys,Bengaluru,9,29.11,261.99,7,18.6,0,1,Tuesday,1,0,No Promotion
2025-01-08,Electronics,Delhi,21,254.6,5346.599999999999,12,52.3,0,1,Wednesday,2,0,No Promotion
2025-01-08,Clothing,Bengaluru,43,42.02,1806.8600000000001,17,17.4,0,1,Wednesday,2,0,No Promotion
2025-01-08,Groceries,Chennai,116,12.14,1408.24,82,29.6,0,1,Wednesday,2,0,No Promotion
2025-01-08,Furniture,Hyderabad,8,377.79,3022.32,5,44.9,0,1,Wednesday,2,0,No Promotion
2025-01-08,Toys,Bengaluru,24,30.21,725.04,10,28.5,0,1,Wednesday,2,0,No Promotion
2025-01-09,Electronics,Hyderabad,18,259.28,4667.039999999999,14,47.8,0,1,Thursday,3,0,No Promotion
2025-01-09,Clothing,Bengaluru,32,47.83,1530.56,18,29.0,0,1,Thursday,3,0,No Promotion
2025-01-09,Groceries,Chennai,113,11.92,1346.96,98,17.7,0,1,Thursday,3,0,No Promotion
2025-01-09,Furniture,Chennai,4,407.65,1630.6,2,50.6,0,1,Thursday,3,0,No Promotion
2025-01-09,Toys,Hyderabad,26,30.14,783.64,13,43.2,0,1,Thursday,3,0,No Promotion
2025-01-10,Electronics,Delhi,11,258.05,2838.55,5,32.6,0,1,Friday,4,0,No Promotion
2025-01-10,Clothing,Delhi,46,43.56,2003.7600000000002,33,34.8,0,1,Friday,4,0,No Promotion
2025-01-10,Groceries,Bengaluru,106,12.6,1335.6,49,35.2,0,1,Friday,4,0,No Promotion
2025-01-10,Furniture,Hyderabad,4,384.71,1538.84,3,32.3,0,1,Friday,4,0,No Promotion
2025-01-10,Toys,Bengaluru,24,31.35,752.4000000000001,14,34.2,0,1,Friday,4,0,No Promotion
2025-01-11,Electronics,Mumbai,27,256.0,6912.0,19,51.5,1,1,Saturday,5,1,Promotion
2025-01-11,Clothing,Chennai,65,46.34,3012.1000000000004,29,29.1,1,1,Saturday,5,1,Promotion
2025-01-11,Groceries,Hyderabad,161,11.84,1906.24,119,33.6,1,1,Saturday,5,1,Promotion
2025-01-11,Furniture,Bengaluru,7,404.11,2828.77,3,37.8,1,1,Saturday,5,1,Promotion
2025-01-11,Toys,Mumbai,42,28.64,1202.88,26,33.8,1,1,Saturday,5,1,Promotion
2025-01-12,Electronics,Bengaluru,17,245.25,4169.25,9,35.3,0,1,Sunday,6,1,No Promotion
2025-01-12,Clothing,Chennai,47,41.63,1956.6100000000001,40,30.9,0,1,Sunday,6,1,No Promotion
2025-01-12,Groceries,Delhi,149,12.36,1841.6399999999999,124,38.1,0,1,Sunday,6,1,No Promotion
2025-01-12,Furniture,Mumbai,15,379.43,5691.45,13,38.5,0,1,Sunday,6,1,No Promotion
2025-01-12,Toys,Hyderabad,20,30.51,610.2,15,27.7,0,1,Sunday,6,1,No Promotion
2025-01-13,Electronics,Mumbai,20,247.6,4952.0,8,36.8,0,1,Monday,0,0,No Promotion
2025-01-13,Clothing,Chennai,45,42.94,1932.3,30,45.5,0,1,Monday,0,0,No Promotion
2025-01-13,Groceries,Bengaluru,122,12.32,1503.04,64,34.2,0,1,Monday,0,0,No Promotion
2025-01-13,Furniture,Mumbai,6,388.45,2330.7,3,31.2,0,1,Monday,0,0,No Promotion
2025-01-13,Toys,Mumbai,27,30.4,820.8,12,26.6,0,1,Monday,0,0,No Promotion
2025-01-14,Electronics,Delhi,19,235.8,4480.2,9,42.1,0,1,Tuesday,1,0,No Promotion
2025-01-14,Clothing,Chennai,40,47.02,1880.8000000000002,19,31.2,0,1,Tuesday,1,0,No Promotion
2025-01-14,Groceries,Mumbai,137,12.33,1689.21,56,31.8,0,1,Tuesday,1,0,No Promotion
2025-01-14,Furniture,Delhi,7,375.6,2629.2000000000003,3,43.8,0,1,Tuesday,1,0,No Promotion
2025-01-14,Toys,Mumbai,24,29.52,708.48,12,18.7,0,1,Tuesday,1,0,No Promotion
2025-01-15,Electronics,Hyderabad,20,244.19,4883.8,9,37.7,0,1,Wednesday,2,0,No Promotion
2025-01-15,Clothing,Chennai,45,45.92,2066.4,29,36.2,0,1,Wednesday,2,0,No Promotion
2025-01-15,Groceries,Bengaluru,112,11.66,1305.92,72,50.2,0,1,Wednesday,2,0,No Promotion
2025-01-15,Furniture,Mumbai,8,400.2,3201.6,3,39.9,0,1,Wednesday,2,0,No Promotion
2025-01-15,Toys,Bengaluru,24,30.13,723.12,20,15.4,0,1,Wednesday,2,0,No Promotion
2025-01-16,Electronics,Bengaluru,22,246.61,5425.42,12,33.0,0,1,Thursday,3,0,No Promotion
2025-01-16,Clothing,Mumbai,39,45.88,1789.3200000000002,19,27.4,0,1,Thursday,3,0,No Promotion
2025-01-16,Groceries,Chennai,128,12.9,1651.2,98,49.2,0,1,Thursday,3,0,No Promotion
2025-01-16,Furniture,Mumbai,3,389.84,1169.52,1,33.8,0,1,Thursday,3,0,No Promotion
2025-01-16,Toys,Delhi,26,29.19,758.94,18,44.0,0,1,Thursday,3,0,No Promotion
2025-01-17,Electronics,Bengaluru,15,244.56,3668.4,7,44.5,0,1,Friday,4,0,No Promotion
2025-01-17,Clothing,Bengaluru,43,45.44,1953.9199999999998,29,24.7,0,1,Friday,4,0,No Promotion
2025-01-17,Groceries,Chennai,105,12.62,1325.1,58,23.1,0,1,Friday,4,0,No Promotion
2025-01-17,Furniture,Mumbai,0,403.68,0.0,1,20.5,0,1,Friday,4,0,No Promotion
2025-01-17,Toys,Chennai,23,29.47,677.81,10,30.2,0,1,Friday,4,0,No Promotion
2025-01-18,Electronics,Delhi,22,240.84,5298.4800000000005,13,35.4,0,1,Saturday,5,1,No Promotion
2025-01-18,Clothing,Hyderabad,44,41.14,1810.16,27,38.7,0,1,Saturday,5,1,No Promotion
2025-01-18,Groceries,Mumbai,156,11.34,1769.04,122,36.8,0,1,Saturday,5,1,No Promotion
2025-01-18,Furniture,Hyderabad,5,405.04,2025.2,4,30.5,0,1,Saturday,5,1,No Promotion
2025-01-18,Toys,Bengaluru,31,29.73,921.63,15,36.6,0,1,Saturday,5,1,No Promotion
2025-01-19,Electronics,Chennai,23,270.95,6231.849999999999,15,41.9,0,1,Sunday,6,1,No Promotion
2025-01-19,Clothing,Hyderabad,42,48.68,2044.56,23,27.4,0,1,Sunday,6,1,No Promotion
2025-01-19,Groceries,Hyderabad,167,13.15,2196.05,109,42.3,0,1,Sunday,6,1,No Promotion
2025-01-19,Furniture,Chennai,4,383.7,1534.8,2,30.5,0,1,Sunday,6,1,No Promotion
2025-01-19,Toys,Bengaluru,27,31.38,847.26,11,22.3,0,1,Sunday,6,1,No Promotion
2025-01-20,Electronics,Hyderabad,16,237.98,3807.68,7,53.5,0,1,Monday,0,0,No Promotion
2025-01-20,Clothing,Hyderabad,34,43.31,1472.54,17,38.3,0,1,Monday,0,0,No Promotion
2025-01-20,Groceries,Delhi,115,11.92,1370.8,70,46.2,0,1,Monday,0,0,No Promotion
2025-01-20,Furniture,Hyderabad,5,398.29,1991.45,3,35.0,0,1,Monday,0,0,No Promotion
2025-01-20,Toys,Mumbai,30,31.02,930.6,21,35.1,0,1,Monday,0,0,No Promotion
2025-01-21,Electronics,Bengaluru,18,261.0,4698.0,11,31.3,0,1,Tuesday,1,0,No Promotion
2025-01-21,Clothing,Delhi,40,47.74,1909.6000000000001,36,30.2,0,1,Tuesday,1,0,No Promotion
2025-01-21,Groceries,Chennai,115,11.87,1365.05,59,19.4,0,1,Tuesday,1,0,No Promotion
2025-01-21,Furniture,Bengaluru,6,383.12,2298.7200000000003,5,24.9,0,1,Tuesday,1,0,No Promotion
2025-01-21,Toys,Mumbai,29,28.97,840.13,12,21.1,0,1,Tuesday,1,0,No Promotion
2025-01-22,Electronics,Chennai,25,223.83,5595.75,19,34.3,1,1,Wednesday,2,0,Promotion
2025-01-22,Clothing,Chennai,73,45.31,3307.63,45,38.6,1,1,Wednesday,2,0,Promotion
2025-01-22,Groceries,Delhi,164,11.77,1930.28,69,31.9,1,1,Wednesday,2,0,Promotion
2025-01-22,Furniture,Chennai,12,391.22,4694.64,5,27.6,1,1,Wednesday,2,0,Promotion
2025-01-22,Toys,Mumbai,38,32.21,1223.98,17,24.1,1,1,Wednesday,2,0,Promotion
2025-01-23,Electronics,Delhi,23,266.69,6133.87,10,31.5,0,1,Thursday,3,0,No Promotion
2025-01-23,Clothing,Delhi,41,44.32,1817.1200000000001,29,41.5,0,1,Thursday,3,0,No Promotion
2025-01-23,Groceries,Mumbai,118,11.22,1323.96,61,32.9,0,1,Thursday,3,0,No Promotion
2025-01-23,Furniture,Chennai,3,384.26,1152.78,2,40.4,0,1,Thursday,3,0,No Promotion
2025-01-23,Toys,Bengaluru,26,29.36,763.36,17,39.1,0,1,Thursday,3,0,No Promotion
2025-01-24,Electronics,Chennai,20,232.64,4652.799999999999,15,41.5,0,1,Friday,4,0,No Promotion
2025-01-24,Clothing,Chennai,34,48.84,1660.5600000000002,19,26.6,0,1,Friday,4,0,No Promotion
2025-01-24,Groceries,Mumbai,99,13.02,1288.98,79,22.6,0,1,Friday,4,0,No Promotion
2025-01-24,Furniture,Mumbai,10,376.82,3768.2,4,38.9,0,1,Friday,4,0,No Promotion
2025-01-24,Toys,Bengaluru,17,30.01,510.17,7,27.8,0,1,Friday,4,0,No Promotion
2025-01-25,Electronics,Mumbai,29,244.17,7080.929999999999,14,24.0,1,1,Saturday,5,1,Promotion
2025-01-25,Clothing,Bengaluru,55,44.97,2473.35,24,43.3,1,1,Saturday,5,1,Promotion
2025-01-25,Groceries,Hyderabad,203,11.64,2362.92,130,24.0,1,1,Saturday,5,1,Promotion
2025-01-25,Furniture,Bengaluru,14,385.8,5401.2,10,37.6,1,1,Saturday,5,1,Promotion
2025-01-25,Toys,Mumbai,39,28.72,1120.08,28,46.7,1,1,Saturday,5,1,Promotion
2025-01-26,Electronics,Mumbai,20,238.65,4773.0,16,36.5,0,1,Sunday,6,1,No Promotion
2025-01-26,Clothing,Chennai,46,48.82,2245.72,39,28.1,0,1,Sunday,6,1,No Promotion
2025-01-26,Groceries,Hyderabad,124,12.16,1507.84,92,40.7,0,1,Sunday,6,1,No Promotion
2025-01-26,Furniture,Hyderabad,7,361.56,2530.92,3,35.2,0,1,Sunday,6,1,No Promotion
2025-01-26,Toys,Bengaluru,29,29.06,842.74,18,32.3,0,1,Sunday,6,1,No Promotion
2025-01-27,Electronics,Mumbai,22,224.96,4949.12,12,26.0,0,1,Monday,0,0,No Promotion
2025-01-27,Clothing,Chennai,35,45.08,1577.8,20,16.6,0,1,Monday,0,0,No Promotion
2025-01-27,Groceries,Chennai,113,11.19,1264.47,78,25.2,0,1,Monday,0,0,No Promotion
2025-01-27,Furniture,Delhi,5,385.88,1929.4,3,31.1,0,1,Monday,0,0,No Promotion
2025-01-27,Toys,Delhi,23,32.04,736.92,12,46.9,0,1,Monday,0,0,No Promotion
2025-01-28,Electronics,Hyderabad,21,242.68,5096.28,11,14.7,0,1,Tuesday,1,0,No Promotion
2025-01-28,Clothing,Chennai,42,44.92,1886.64,17,36.8,0,1,Tuesday,1,0,No Promotion
2025-01-28,Groceries,Hyderabad,138,10.99,1516.6200000000001,69,44.0,0,1,Tuesday,1,0,No Promotion
2025-01-28,Furniture,Bengaluru,7,370.96,2596.72,4,42.6,0,1,Tuesday,1,0,No Promotion
2025-01-28,Toys,Mumbai,33,30.51,1006.83,16,35.6,0,1,Tuesday,1,0,No Promotion
2025-01-29,Electronics,Mumbai,10,253.58,2535.8,5,8.8,0,1,Wednesday,2,0,No Promotion
2025-01-29,Clothing,Hyderabad,38,46.37,1762.06,27,40.9,0,1,Wednesday,2,0,No Promotion
2025-01-29,Groceries,Bengaluru,112,11.92,1335.04,82,40.6,0,1,Wednesday,2,0,No Promotion
2025-01-29,Furniture,Chennai,5,357.91,1789.5500000000002,4,31.0,0,1,Wednesday,2,0,No Promotion
2025-01-29,Toys,Hyderabad,25,30.64,766.0,21,36.3,0,1,Wednesday,2,0,No Promotion
2025-01-30,Electronics,Delhi,21,259.19,5442.99,14,22.6,0,1,Thursday,3,0,No Promotion
2025-01-30,Clothing,Chennai,38,45.87,1743.06,17,33.3,0,1,Thursday,3,0,No Promotion
2025-01-30,Groceries,Chennai,155,11.96,1853.8000000000002,67,23.7,0,1,Thursday,3,0,No Promotion
2025-01-30,Furniture,Bengaluru,3,373.47,1120.41,1,43.1,0,1,Thursday,3,0,No Promotion
2025-01-30,Toys,Delhi,30,31.34,940.2,16,5.5,0,1,Thursday,3,0,No Promotion
2025-01-31,Electronics,Chennai,17,266.01,4522.17,8,36.1,0,1,Friday,4,0,No Promotion
2025-01-31,Clothing,Mumbai,40,43.87,1754.8,19,37.1,0,1,Friday,4,0,No Promotion
2025-01-31,Groceries,Delhi,99,12.5,1237.5,55,31.1,0,1,Friday,4,0,No Promotion
2025-01-31,Furniture,Chennai,6,392.35,2354.1000000000004,3,55.8,0,1,Friday,4,0,No Promotion
2025-01-31,Toys,Bengaluru,21,32.95,691.95,9,35.4,0,1,Friday,4,0,No Promotion
2025-02-01,Electronics,Hyderabad,41,249.49,10229.09,24,48.7,1,2,Saturday,5,1,Promotion
2025-02-01,Clothing,Hyderabad,91,47.61,4332.51,38,34.7,1,2,Saturday,5,1,Promotion
2025-02-01,Groceries,Delhi,272,12.63,3435.36,165,42.7,1,2,Saturday,5,1,Promotion
2025-02-01,Furniture,Chennai,13,355.37,4619.81,7,40.8,1,2,Saturday,5,1,Promotion
2025-02-01,Toys,Delhi,50,27.44,1372.0,25,20.8,1,2,Saturday,5,1,Promotion
2025-02-02,Electronics,Chennai,29,248.5,7206.5,22,32.0,0,2,Sunday,6,1,No Promotion
2025-02-02,Clothing,Chennai,51,45.38,2314.38,33,37.1,0,2,Sunday,6,1,No Promotion
2025-02-02,Groceries,Mumbai,163,12.15,1980.45,91,40.0,0,2,Sunday,6,1,No Promotion
2025-02-02,Furniture,Hyderabad,4,368.32,1473.28,2,26.9,0,2,Sunday,6,1,No Promotion
2025-02-02,Toys,Bengaluru,41,31.11,1275.51,20,19.2,0,2,Sunday,6,1,No Promotion
2025-02-03,Electronics,Mumbai,22,245.8,5407.6,11,38.2,0,2,Monday,0,0,No Promotion
2025-02-03,Clothing,Chennai,56,44.97,2518.3199999999997,26,28.4,0,2,Monday,0,0,No Promotion
2025-02-03,Groceries,Hyderabad,114,10.88,1240.3200000000002,67,43.6,0,2,Monday,0,0,No Promotion
2025-02-03,Furniture,Bengaluru,3,380.57,1141.71,1,46.3,0,2,Monday,0,0,No Promotion
2025-02-03,Toys,Chennai,28,29.59,828.52,12,17.9,0,2,Monday,0,0,No Promotion
2025-02-04,Electronics,Mumbai,19,262.52,4987.879999999999,12,52.2,0,2,Tuesday,1,0,No Promotion
2025-02-04,Clothing,Chennai,57,43.82,2497.7400000000002,36,24.4,0,2,Tuesday,1,0,No Promotion
2025-02-04,Groceries,Mumbai,132,12.88,1700.16,66,42.8,0,2,Tuesday,1,0,No Promotion
2025-02-04,Furniture,Hyderabad,7,383.27,2682.89,5,26.4,0,2,Tuesday,1,0,No Promotion
2025-02-04,Toys,Delhi,29,30.7,890.3,26,39.9,0,2,Tuesday,1,0,No Promotion
2025-02-05,Electronics,Bengaluru,15,241.28,3619.2,7,36.0,0,2,Wednesday,2,0,No Promotion
2025-02-05,Clothing,Chennai,47,44.52,2092.44,21,25.4,0,2,Wednesday,2,0,No Promotion
2025-02-05,Groceries,Mumbai,129,12.68,1635.72,75,45.1,0,2,Wednesday,2,0,No Promotion
2025-02-05,Furniture,Hyderabad,4,363.33,1453.32,2,26.6,0,2,Wednesday,2,0,No Promotion
2025-02-05,Toys,Mumbai,26,31.26,812.76,18,25.3,0,2,Wednesday,2,0,No Promotion
2025-02-06,Electronics,Bengaluru,19,253.89,4823.91,8,34.2,0,2,Thursday,3,0,No Promotion
2025-02-06,Clothing,Mumbai,43,42.49,1827.0700000000002,31,45.9,0,2,Thursday,3,0,No Promotion
2025-02-06,Groceries,Mumbai,126,12.99,1636.74,62,45.6,0,2,Thursday,3,0,No Promotion
2025-02-06,Furniture,Delhi,8,393.84,3150.72,3,33.0,0,2,Thursday,3,0,No Promotion
2025-02-06,Toys,Mumbai,33,30.76,1015.08,22,35.3,0,2,Thursday,3,0,No Promotion
2025-02-07,Electronics,Delhi,20,242.52,4850.400000000001,8,49.3,0,2,Friday,4,0,No Promotion
2025-02-07,Clothing,Mumbai,51,44.36,2262.36,24,25.2,0,2,Friday,4,0,No Promotion
2025-02-07,Groceries,Mumbai,124,12.35,1531.3999999999999,55,27.7,0,2,Friday,4,0,No Promotion
2025-02-07,Furniture,Chennai,2,362.71,725.42,1,43.0,0,2,Friday,4,0,No Promotion
2025-02-07,Toys,Delhi,27,30.34,819.18,12,32.4,0,2,Friday,4,0,No Promotion
2025-02-08,Electronics,Bengaluru,27,243.04,6562.08,11,29.0,0,2,Saturday,5,1,No Promotion
2025-02-08,Clothing,Delhi,49,45.25,2217.25,22,40.5,0,2,Saturday,5,1,No Promotion
2025-02-08,Groceries,Chennai,172,10.63,1828.3600000000001,100,29.3,0,2,Saturday,5,1,No Promotion
2025-02-08,Furniture,Bengaluru,6,390.87,2345.2200000000003,3,35.3,0,2,Saturday,5,1,No Promotion
2025-02-08,Toys,Bengaluru,34,31.66,1076.44,25,53.0,0,2,Saturday,5,1,No Promotion
2025-02-09,Electronics,Bengaluru,15,276.41,4146.150000000001,9,46.6,0,2,Sunday,6,1,No Promotion
2025-02-09,Clothing,Hyderabad,47,45.97,2160.59,26,38.1,0,2,Sunday,6,1,No Promotion
2025-02-09,Groceries,Bengaluru,168,11.8,1982.4,98,27.3,0,2,Sunday,6,1,No Promotion
2025-02-09,Furniture,Delhi,7,380.52,2663.64,4,37.5,0,2,Sunday,6,1,No Promotion
2025-02-09,Toys,Bengaluru,29,31.24,905.9599999999999,17,30.8,0,2,Sunday,6,1,No Promotion
2025-02-10,Electronics,Bengaluru,23,241.03,5543.69,11,46.1,0,2,Monday,0,0,No Promotion
2025-02-10,Clothing,Mumbai,53,44.73,2370.69,40,30.0,0,2,Monday,0,0,No Promotion
2025-02-10,Groceries,Chennai,131,11.94,1564.1399999999999,116,41.1,0,2,Monday,0,0,No Promotion
2025-02-10,Furniture,Chennai,3,358.92,1076.76,1,36.1,0,2,Monday,0,0,No Promotion
2025-02-10,Toys,Bengaluru,21,28.4,596.4,10,32.0,0,2,Monday,0,0,No Promotion
2025-02-11,Electronics,Delhi,22,257.53,5665.66,9,24.7,0,2,Tuesday,1,0,No Promotion
2025-02-11,Clothing,Mumbai,40,44.43,1777.2,24,49.9,0,2,Tuesday,1,0,No Promotion
2025-02-11,Groceries,Chennai,154,12.14,1869.5600000000002,122,50.3,0,2,Tuesday,1,0,No Promotion
2025-02-11,Furniture,Hyderabad,10,387.91,3879.1000000000004,4,36.9,0,2,Tuesday,1,0,No Promotion
2025-02-11,Toys,Delhi,28,30.21,845.88,18,32.8,0,2,Tuesday,1,0,No Promotion
2025-02-12,Electronics,Mumbai,33,234.03,7722.99,21,32.0,1,2,Wednesday,2,0,Promotion
2025-02-12,Clothing,Mumbai,55,47.28,2600.4,42,16.9,1,2,Wednesday,2,0,Promotion
2025-02-12,Groceries,Delhi,203,12.5,2537.5,127,25.6,1,2,Wednesday,2,0,Promotion
2025-02-12,Furniture,Chennai,14,390.82,5471.48,7,16.5,1,2,Wednesday,2,0,Promotion
2025-02-12,Toys,Bengaluru,42,29.53,1240.26,23,55.1,1,2,Wednesday,2,0,Promotion
2025-02-13,Electronics,Mumbai,17,239.94,4078.98,9,33.3,0,2,Thursday,3,0,No Promotion
2025-02-13,Clothing,Chennai,40,43.16,1726.3999999999999,18,32.5,0,2,Thursday,3,0,No Promotion
2025-02-13,Groceries,Delhi,137,11.91,1631.67,94,29.3,0,2,Thursday,3,0,No Promotion
2025-02-13,Furniture,Bengaluru,2,430.5,861.0,1,35.9,0,2,Thursday,3,0,No Promotion
2025-02-13,Toys,Hyderabad,29,29.22,847.38,12,21.1,0,2,Thursday,3,0,No Promotion
2025-02-14,Electronics,Hyderabad,23,233.17,5362.91,10,36.8,0,2,Friday,4,0,No Promotion
2025-02-14,Clothing,Hyderabad,32,45.25,1448.0,19,20.7,0,2,Friday,4,0,No Promotion
2025-02-14,Groceries,Hyderabad,106,12.44,1318.6399999999999,96,42.3,0,2,Friday,4,0,No Promotion
2025-02-14,Furniture,Chennai,9,377.42,3396.78,5,25.7,0,2,Friday,4,0,No Promotion
2025-02-14,Toys,Chennai,28,29.61,829.0799999999999,13,41.4,0,2,Friday,4,0,No Promotion
2025-02-15,Electronics,Chennai,26,280.96,7304.959999999999,13,19.4,0,2,Saturday,5,1,No Promotion
2025-02-15,Clothing,Chennai,50,42.11,2105.5,33,43.3,0,2,Saturday,5,1,No Promotion
2025-02-15,Groceries,Delhi,207,11.7,2421.8999999999996,146,28.7,0,2,Saturday,5,1,No Promotion
2025-02-15,Furniture,Mumbai,5,402.85,2014.25,4,30.1,0,2,Saturday,5,1,No Promotion
2025-02-15,Toys,Hyderabad,37,31.23,1155.51,25,38.7,0,2,Saturday,5,1,No Promotion
2025-02-16,Electronics,Bengaluru,20,271.95,5439.0,12,41.9,0,2,Sunday,6,1,No Promotion
2025-02-16,Clothing,Hyderabad,75,41.35,3101.25,37,11.2,0,2,Sunday,6,1,No Promotion
2025-02-16,Groceries,Chennai,153,11.98,1832.94,92,25.4,0,2,Sunday,6,1,No Promotion
2025-02-16,Furniture,Delhi,8,376.0,3008.0,6,30.3,0,2,Sunday,6,1,No Promotion
2025-02-16,Toys,Chennai,40,27.73,1109.2,35,37.3,0,2,Sunday,6,1,No Promotion
2025-02-17,Electronics,Bengaluru,18,248.19,4467.42,9,31.4,0,2,Monday,0,0,No Promotion
2025-02-17,Clothing,Bengaluru,45,43.86,1973.7,34,12.1,0,2,Monday,0,0,No Promotion
2025-02-17,Groceries,Mumbai,135,12.79,1726.6499999999999,57,32.7,0,2,Monday,0,0,No Promotion
2025-02-17,Furniture,Chennai,1,368.5,368.5,1,39.5,0,2,Monday,0,0,No Promotion
2025-02-17,Toys,Bengaluru,22,29.35,645.7,9,36.3,0,2,Monday,0,0,No Promotion
2025-02-18,Electronics,Chennai,20,262.52,5250.4,14,29.4,0,2,Tuesday,1,0,No Promotion
2025-02-18,Clothing,Bengaluru,42,47.79,2007.18,21,36.0,0,2,Tuesday,1,0,No Promotion
2025-02-18,Groceries,Delhi,145,11.34,1644.3,74,43.6,0,2,Tuesday,1,0,No Promotion
2025-02-18,Furniture,Bengaluru,12,375.42,4505.04,9,31.3,0,2,Tuesday,1,0,No Promotion
2025-02-18,Toys,Delhi,30,33.59,1007.7,12,48.1,0,2,Tuesday,1,0,No Promotion
2025-02-19,Electronics,Bengaluru,21,261.18,5484.78,9,30.5,0,2,Wednesday,2,0,No Promotion
2025-02-19,Clothing,Bengaluru,44,47.6,2094.4,31,44.4,0,2,Wednesday,2,0,No Promotion
2025-02-19,Groceries,Chennai,141,12.03,1696.23,58,37.2,0,2,Wednesday,2,0,No Promotion
2025-02-19,Furniture,Hyderabad,10,398.41,3984.1000000000004,4,16.0,0,2,Wednesday,2,0,No Promotion
2025-02-19,Toys,Delhi,25,30.11,752.75,20,12.3,0,2,Wednesday,2,0,No Promotion
2025-02-20,Electronics,Bengaluru,26,240.47,6252.22,13,14.8,0,2,Thursday,3,0,No Promotion
2025-02-20,Clothing,Hyderabad,45,41.65,1874.25,33,11.9,0,2,Thursday,3,0,No Promotion
2025-02-20,Groceries,Chennai,137,10.33,1415.21,73,39.6,0,2,Thursday,3,0,No Promotion
2025-02-20,Furniture,Mumbai,4,399.62,1598.48,2,53.7,0,2,Thursday,3,0,No Promotion
2025-02-20,Toys,Mumbai,24,31.24,749.76,12,32.0,0,2,Thursday,3,0,No Promotion
2025-02-21,Electronics,Delhi,11,264.95,2914.45,6,38.4,0,2,Friday,4,0,No Promotion
2025-02-21,Clothing,Delhi,37,47.43,1754.91,24,30.6,0,2,Friday,4,0,No Promotion
2025-02-21,Groceries,Bengaluru,145,11.7,1696.5,73,22.4,0,2,Friday,4,0,No Promotion
2025-02-21,Furniture,Chennai,6,376.32,2257.92,3,32.4,0,2,Friday,4,0,No Promotion
2025-02-21,Toys,Bengaluru,25,32.62,815.4999999999999,12,32.4,0,2,Friday,4,0,No Promotion
2025-02-22,Electronics,Mumbai,28,267.55,7491.400000000001,12,39.2,0,2,Saturday,5,1,No Promotion
2025-02-22,Clothing,Hyderabad,64,44.31,2835.84,26,35.4,0,2,Saturday,5,1,No Promotion
2025-02-22,Groceries,Delhi,155,12.16,1884.8,128,32.5,0,2,Saturday,5,1,No Promotion
2025-02-22,Furniture,Bengaluru,8,355.63,2845.04,3,36.8,0,2,Saturday,5,1,No Promotion
2025-02-22,Toys,Chennai,32,29.65,948.8,28,42.5,0,2,Saturday,5,1,No Promotion
2025-02-23,Electronics,Chennai,25,229.7,5742.5,22,26.7,0,2,Sunday,6,1,No Promotion
2025-02-23,Clothing,Chennai,50,40.77,2038.5000000000002,44,40.4,0,2,Sunday,6,1,No Promotion
2025-02-23,Groceries,Bengaluru,230,11.52,2649.6,117,26.7,0,2,Sunday,6,1,No Promotion
2025-02-23,Furniture,Hyderabad,4,367.23,1468.92,2,38.2,0,2,Sunday,6,1,No Promotion
2025-02-23,Toys,Hyderabad,45,28.88,1299.6,25,41.8,0,2,Sunday,6,1,No Promotion
2025-02-24,Electronics,Bengaluru,16,236.94,3791.04,8,43.9,0,2,Monday,0,0,No Promotion
2025-02-24,Clothing,Mumbai,31,41.53,1287.43,15,37.0,0,2,Monday,0,0,No Promotion
2025-02-24,Groceries,Mumbai,176,12.06,2122.56,91,25.7,0,2,Monday,0,0,No Promotion
2025-02-24,Furniture,Hyderabad,10,348.35,3483.5,5,43.5,0,2,Monday,0,0,No Promotion
2025-02-24,Toys,Chennai,28,29.55,827.4,19,43.0,0,2,Monday,0,0,No Promotion
2025-02-25,Electronics,Delhi,26,224.72,5842.72,15,41.8,0,2,Tuesday,1,0,No Promotion
2025-02-25,Clothing,Chennai,41,43.2,1771.2,17,31.9,0,2,Tuesday,1,0,No Promotion
2025-02-25,Groceries,Hyderabad,130,11.27,1465.1,107,12.2,0,2,Tuesday,1,0,No Promotion
2025-02-25,Furniture,Bengaluru,5,390.83,1954.1499999999999,3,34.7,0,2,Tuesday,1,0,No Promotion
2025-02-25,Toys,Mumbai,23,30.49,701.27,19,29.2,0,2,Tuesday,1,0,No Promotion
2025-02-26,Electronics,Bengaluru,20,253.55,5071.0,10,40.4,0,2,Wednesday,2,0,No Promotion
2025-02-26,Clothing,Delhi,42,45.06,1892.52,22,31.2,0,2,Wednesday,2,0,No Promotion
2025-02-26,Groceries,Chennai,137,12.95,1774.1499999999999,89,41.1,0,2,Wednesday,2,0,No Promotion
2025-02-26,Furniture,Delhi,8,370.8,2966.4,3,35.2,0,2,Wednesday,2,0,No Promotion
2025-02-26,Toys,Hyderabad,38,26.8,1018.4,28,38.1,0,2,Wednesday,2,0,No Promotion
2025-02-27,Electronics,Hyderabad,13,250.94,3262.22,6,53.5,0,2,Thursday,3,0,No Promotion
2025-02-27,Clothing,Chennai,48,47.65,2287.2,25,32.3,0,2,Thursday,3,0,No Promotion
2025-02-27,Groceries,Chennai,110,11.83,1301.3,51,26.7,0,2,Thursday,3,0,No Promotion
2025-02-27,Furniture,Chennai,3,371.77,1115.31,2,30.2,0,2,Thursday,3,0,No Promotion
2025-02-27,Toys,Mumbai,30,32.72,981.5999999999999,23,33.7,0,2,Thursday,3,0,No Promotion
2025-02-28,Electronics,Delhi,20,232.63,4652.6,10,57.4,0,2,Friday,4,0,No Promotion
2025-02-28,Clothing,Delhi,63,44.49,2802.8700000000003,41,32.4,0,2,Friday,4,0,No Promotion
2025-02-28,Groceries,Delhi,144,11.23,1617.1200000000001,76,37.2,0,2,Friday,4,0,No Promotion
2025-02-28,Furniture,Mumbai,7,376.71,2636.97,6,28.7,0,2,Friday,4,0,No Promotion
2025-02-28,Toys,Chennai,26,29.26,760.76,16,49.3,0,2,Friday,4,0,No Promotion
2025-03-01,Electronics,Hyderabad,27,261.6,7063.200000000001,14,30.4,0,3,Saturday,5,1,No Promotion
2025-03-01,Clothing,Bengaluru,63,46.6,2935.8,29,49.0,0,3,Saturday,5,1,No Promotion
2025-03-01,Groceries,Bengaluru,195,11.65,2271.75,80,33.4,0,3,Saturday,5,1,No Promotion
2025-03-01,Furniture,Delhi,13,378.23,4916.99,6,29.8,0,3,Saturday,5,1,No Promotion
2025-03-01,Toys,Hyderabad,35,31.14,1089.9,17,36.2,0,3,Saturday,5,1,No Promotion
2025-03-02,Electronics,Delhi,22,262.58,5776.759999999999,11,21.4,0,3,Sunday,6,1,No Promotion
2025-03-02,Clothing,Chennai,70,44.04,3082.7999999999997,33,34.9,0,3,Sunday,6,1,No Promotion
2025-03-02,Groceries,Chennai,219,12.16,2663.04,138,13.1,0,3,Sunday,6,1,No Promotion
2025-03-02,Furniture,Bengaluru,12,352.98,4235.76,5,35.4,0,3,Sunday,6,1,No Promotion
2025-03-02,Toys,Delhi,35,29.3,1025.5,15,35.5,0,3,Sunday,6,1,No Promotion
2025-03-03,Electronics,Chennai,18,255.33,4595.9400000000005,11,37.9,0,3,Monday,0,0,No Promotion
2025-03-03,Clothing,Bengaluru,53,46.63,2471.3900000000003,34,43.1,0,3,Monday,0,0,No Promotion
2025-03-03,Groceries,Hyderabad,158,10.7,1690.6,75,33.2,0,3,Monday,0,0,No Promotion
2025-03-03,Furniture,Mumbai,8,379.47,3035.76,5,37.2,0,3,Monday,0,0,No Promotion
2025-03-03,Toys,Delhi,37,28.87,1068.19,22,40.7,0,3,Monday,0,0,No Promotion
2025-03-04,Electronics,Delhi,16,263.64,4218.24,12,41.3,0,3,Tuesday,1,0,No Promotion
2025-03-04,Clothing,Delhi,47,43.06,2023.8200000000002,32,35.5,0,3,Tuesday,1,0,No Promotion
2025-03-04,Groceries,Bengaluru,161,12.31,1981.91,112,49.0,0,3,Tuesday,1,0,No Promotion
2025-03-04,Furniture,Mumbai,4,370.35,1481.4,4,36.9,0,3,Tuesday,1,0,No Promotion
2025-03-04,Toys,Chennai,32,28.35,907.2,23,22.4,0,3,Tuesday,1,0,No Promotion
2025-03-05,Electronics,Mumbai,30,256.84,7705.199999999999,13,49.6,0,3,Wednesday,2,0,No Promotion
2025-03-05,Clothing,Hyderabad,44,47.25,2079.0,24,39.1,0,3,Wednesday,2,0,No Promotion
2025-03-05,Groceries,Hyderabad,119,11.63,1383.97,54,33.6,0,3,Wednesday,2,0,No Promotion
2025-03-05,Furniture,Chennai,3,398.96,1196.8799999999999,1,19.0,0,3,Wednesday,2,0,No Promotion
2025-03-05,Toys,Mumbai,30,31.1,933.0,22,35.9,0,3,Wednesday,2,0,No Promotion
2025-03-06,Electronics,Mumbai,14,223.89,3134.46,9,7.8,0,3,Thursday,3,0,No Promotion
2025-03-06,Clothing,Delhi,39,43.1,1680.9,17,31.4,0,3,Thursday,3,0,No Promotion
2025-03-06,Groceries,Mumbai,147,12.55,1844.8500000000001,124,34.5,0,3,Thursday,3,0,No Promotion
2025-03-06,Furniture,Mumbai,5,380.09,1900.4499999999998,3,46.2,0,3,Thursday,3,0,No Promotion
2025-03-06,Toys,Chennai,34,31.58,1073.72,15,43.8,0,3,Thursday,3,0,No Promotion
2025-03-07,Electronics,Bengaluru,23,228.46,5254.58,10,32.4,0,3,Friday,4,0,No Promotion
2025-03-07,Clothing,Bengaluru,50,44.55,2227.5,43,41.7,0,3,Friday,4,0,No Promotion
2025-03-07,Groceries,Hyderabad,154,12.69,1954.26,111,47.7,0,3,Friday,4,0,No Promotion
2025-03-07,Furniture,Chennai,13,367.34,4775.42,6,42.2,0,3,Friday,4,0,No Promotion
2025-03-07,Toys,Delhi,28,31.03,868.84,16,23.2,0,3,Friday,4,0,No Promotion
2025-03-08,Electronics,Mumbai,32,261.97,8383.04,19,36.2,0,3,Saturday,5,1,No Promotion
2025-03-08,Clothing,Hyderabad,59,45.4,2678.6,42,20.8,0,3,Saturday,5,1,No Promotion
2025-03-08,Groceries,Mumbai,181,11.69,2115.89,117,23.8,0,3,Saturday,5,1,No Promotion
2025-03-08,Furniture,Bengaluru,13,369.93,4809.09,9,37.9,0,3,Saturday,5,1,No Promotion
2025-03-08,Toys,Bengaluru,25,27.04,676.0,22,36.0,0,3,Saturday,5,1,No Promotion
2025-03-09,Electronics,Hyderabad,24,249.61,5990.64,12,27.0,0,3,Sunday,6,1,No Promotion
2025-03-09,Clothing,Hyderabad,57,43.55,2482.35,36,32.6,0,3,Sunday,6,1,No Promotion
2025-03-09,Groceries,Hyderabad,184,11.45,2106.7999999999997,79,23.0,0,3,Sunday,6,1,No Promotion
2025-03-09,Furniture,Bengaluru,16,366.14,5858.24,9,49.5,0,3,Sunday,6,1,No Promotion
2025-03-09,Toys,Bengaluru,33,30.14,994.62,22,48.0,0,3,Sunday,6,1,No Promotion
2025-03-10,Electronics,Delhi,31,256.83,7961.73,20,30.9,1,3,Monday,0,0,Promotion
2025-03-10,Clothing,Hyderabad,58,44.6,2586.8,35,48.1,1,3,Monday,0,0,Promotion
2025-03-10,Groceries,Mumbai,182,11.82,2151.2400000000002,84,45.4,1,3,Monday,0,0,Promotion
2025-03-10,Furniture,Mumbai,10,392.51,3925.1,7,48.2,1,3,Monday,0,0,Promotion
2025-03-10,Toys,Hyderabad,43,29.42,1265.0600000000002,30,28.2,1,3,Monday,0,0,Promotion
2025-03-11,Electronics,Bengaluru,25,275.85,6896.250000000001,17,34.0,0,3,Tuesday,1,0,No Promotion
2025-03-11,Clothing,Mumbai,48,44.75,2148.0,39,23.7,0,3,Tuesday,1,0,No Promotion
2025-03-11,Groceries,Bengaluru,132,11.29,1490.28,60,42.6,0,3,Tuesday,1,0,No Promotion
2025-03-11,Furniture,Delhi,9,398.86,3589.7400000000002,5,34.7,0,3,Tuesday,1,0,No Promotion
2025-03-11,Toys,Delhi,22,28.95,636.9,12,23.9,0,3,Tuesday,1,0,No Promotion
2025-03-12,Electronics,Hyderabad,24,261.77,6282.48,10,24.3,0,3,Wednesday,2,0,No Promotion
2025-03-12,Clothing,Bengaluru,46,43.02,1978.92,32,38.0,0,3,Wednesday,2,0,No Promotion
2025-03-12,Groceries,Hyderabad,148,12.11,1792.28,74,29.3,0,3,Wednesday,2,0,No Promotion
2025-03-12,Furniture,Bengaluru,6,347.73,2086.38,3,18.6,0,3,Wednesday,2,0,No Promotion
2025-03-12,Toys,Mumbai,38,32.16,1222.08,17,40.8,0,3,Wednesday,2,0,No Promotion
2025-03-13,Electronics,Hyderabad,19,250.54,4760.26,15,47.9,0,3,Thursday,3,0,No Promotion
2025-03-13,Clothing,Bengaluru,51,41.16,2099.16,22,44.0,0,3,Thursday,3,0,No Promotion
2025-03-13,Groceries,Delhi,121,12.64,1529.44,97,40.8,0,3,Thursday,3,0,No Promotion
2025-03-13,Furniture,Bengaluru,6,413.86,2483.16,3,39.9,0,3,Thursday,3,0,No Promotion
2025-03-13,Toys,Delhi,37,32.04,1185.48,25,31.1,0,3,Thursday,3,0,No Promotion
2025-03-14,Electronics,Chennai,27,264.18,7132.860000000001,21,22.0,0,3,Friday,4,0,No Promotion
2025-03-14,Clothing,Mumbai,44,43.41,1910.04,29,28.8,0,3,Friday,4,0,No Promotion
2025-03-14,Groceries,Hyderabad,118,12.23,1443.14,96,31.5,0,3,Friday,4,0,No Promotion
2025-03-14,Furniture,Bengaluru,11,395.77,4353.469999999999,6,28.4,0,3,Friday,4,0,No Promotion
2025-03-14,Toys,Bengaluru,23,29.03,667.69,14,22.4,0,3,Friday,4,0,No Promotion
2025-03-15,Electronics,Mumbai,17,232.96,3960.32,8,45.8,0,3,Saturday,5,1,No Promotion
2025-03-15,Clothing,Hyderabad,54,44.37,2395.98,24,48.9,0,3,Saturday,5,1,No Promotion
2025-03-15,Groceries,Bengaluru,192,11.77,2259.84,99,38.3,0,3,Saturday,5,1,No Promotion
2025-03-15,Furniture,Bengaluru,8,378.53,3028.24,7,24.5,0,3,Saturday,5,1,No Promotion
2025-03-15,Toys,Chennai,41,32.12,1316.9199999999998,19,21.3,0,3,Saturday,5,1,No Promotion
2025-03-16,Electronics,Delhi,27,257.92,6963.84,11,45.9,0,3,Sunday,6,1,No Promotion
2025-03-16,Clothing,Delhi,53,45.05,2387.6499999999996,36,49.3,0,3,Sunday,6,1,No Promotion
2025-03-16,Groceries,Delhi,147,11.39,1674.3300000000002,61,9.4,0,3,Sunday,6,1,No Promotion
2025-03-16,Furniture,Hyderabad,13,354.44,4607.72,9,43.6,0,3,Sunday,6,1,No Promotion
2025-03-16,Toys,Chennai,39,28.8,1123.2,23,34.9,0,3,Sunday,6,1,No Promotion
2025-03-17,Electronics,Bengaluru,24,243.7,5848.799999999999,14,28.6,0,3,Monday,0,0,No Promotion
2025-03-17,Clothing,Hyderabad,45,43.5,1957.5,26,48.2,0,3,Monday,0,0,No Promotion
2025-03-17,Groceries,Delhi,165,12.88,2125.2000000000003,74,53.1,0,3,Monday,0,0,No Promotion
2025-03-17,Furniture,Chennai,10,368.52,3685.2,5,30.3,0,3,Monday,0,0,No Promotion
2025-03-17,Toys,Mumbai,23,28.54,656.42,20,35.2,0,3,Monday,0,0,No Promotion
2025-03-18,Electronics,Delhi,16,247.33,3957.28,7,26.7,0,3,Tuesday,1,0,No Promotion
2025-03-18,Clothing,Hyderabad,48,47.01,2256.48,27,41.5,0,3,Tuesday,1,0,No Promotion
2025-03-18,Groceries,Bengaluru,127,12.05,1530.3500000000001,83,25.6,0,3,Tuesday,1,0,No Promotion
2025-03-18,Furniture,Delhi,6,391.91,2351.46,4,35.4,0,3,Tuesday,1,0,No Promotion
2025-03-18,Toys,Chennai,32,31.71,1014.72,19,45.5,0,3,Tuesday,1,0,No Promotion
2025-03-19,Electronics,Bengaluru,20,253.79,5075.8,9,12.8,0,3,Wednesday,2,0,No Promotion
2025-03-19,Clothing,Bengaluru,41,43.34,1776.94,25,17.0,0,3,Wednesday,2,0,No Promotion
2025-03-19,Groceries,Bengaluru,156,11.8,1840.8000000000002,122,30.4,0,3,Wednesday,2,0,No Promotion
2025-03-19,Furniture,Hyderabad,10,418.15,4181.5,8,49.6,0,3,Wednesday,2,0,No Promotion
2025-03-19,Toys,Delhi,26,30.8,800.8000000000001,18,41.3,0,3,Wednesday,2,0,No Promotion
2025-03-20,Electronics,Delhi,30,261.36,7840.8,17,29.6,1,3,Thursday,3,0,Promotion
2025-03-20,Clothing,Hyderabad,70,46.89,3282.3,33,39.5,1,3,Thursday,3,0,Promotion
2025-03-20,Groceries,Mumbai,218,12.22,2663.96,123,36.7,1,3,Thursday,3,0,Promotion
2025-03-20,Furniture,Mumbai,7,386.72,2707.04,4,46.3,1,3,Thursday,3,0,Promotion
2025-03-20,Toys,Hyderabad,30,29.89,896.7,19,46.5,1,3,Thursday,3,0,Promotion
2025-03-21,Electronics,Chennai,16,260.13,4162.08,8,44.4,0,3,Friday,4,0,No Promotion
2025-03-21,Clothing,Chennai,44,45.7,2010.8000000000002,27,30.0,0,3,Friday,4,0,No Promotion
2025-03-21,Groceries,Bengaluru,134,11.52,1543.6799999999998,68,41.1,0,3,Friday,4,0,No Promotion
2025-03-21,Furniture,Mumbai,10,397.16,3971.6000000000004,7,54.8,0,3,Friday,4,0,No Promotion
2025-03-21,Toys,Hyderabad,31,29.68,920.08,13,27.6,0,3,Friday,4,0,No Promotion
2025-03-22,Electronics,Mumbai,29,259.35,7521.150000000001,19,17.0,0,3,Saturday,5,1,No Promotion
2025-03-22,Clothing,Bengaluru,65,44.5,2892.5,29,43.6,0,3,Saturday,5,1,No Promotion
2025-03-22,Groceries,Chennai,222,12.4,2752.8,171,26.4,0,3,Saturday,5,1,No Promotion
2025-03-22,Furniture,Chennai,12,385.6,4627.200000000001,5,35.3,0,3,Saturday,5,1,No Promotion
2025-03-22,Toys,Bengaluru,34,29.95,1018.3,24,44.2,0,3,Saturday,5,1,No Promotion
2025-03-23,Electronics,Hyderabad,28,246.98,6915.44,13,46.1,0,3,Sunday,6,1,No Promotion
2025-03-23,Clothing,Chennai,63,46.15,2907.45,28,39.0,0,3,Sunday,6,1,No Promotion
2025-03-23,Groceries,Bengaluru,183,11.54,2111.8199999999997,92,33.0,0,3,Sunday,6,1,No Promotion
2025-03-23,Furniture,Mumbai,11,412.83,4541.13,8,50.0,0,3,Sunday,6,1,No Promotion
2025-03-23,Toys,Hyderabad,37,30.16,1115.92,19,37.6,0,3,Sunday,6,1,No Promotion
2025-03-24,Electronics,Delhi,29,230.73,6691.17,14,35.4,0,3,Monday,0,0,No Promotion
2025-03-24,Clothing,Delhi,43,46.91,2017.1299999999999,29,47.2,0,3,Monday,0,0,No Promotion
2025-03-24,Groceries,Delhi,150,12.51,1876.5,70,41.5,0,3,Monday,0,0,No Promotion
2025-03-24,Furniture,Mumbai,10,384.22,3842.2000000000003,5,31.2,0,3,Monday,0,0,No Promotion
2025-03-24,Toys,Hyderabad,30,31.06,931.8,13,42.4,0,3,Monday,0,0,No Promotion
2025-03-25,Electronics,Bengaluru,21,235.37,4942.77,11,44.2,0,3,Tuesday,1,0,No Promotion
2025-03-25,Clothing,Mumbai,47,47.3,2223.1,25,55.2,0,3,Tuesday,1,0,No Promotion
2025-03-25,Groceries,Chennai,139,12.4,1723.6000000000001,68,39.7,0,3,Tuesday,1,0,No Promotion
2025-03-25,Furniture,Delhi,9,408.13,3673.17,6,5.8,0,3,Tuesday,1,0,No Promotion
2025-03-25,Toys,Chennai,22,28.95,636.9,15,49.5,0,3,Tuesday,1,0,No Promotion
2025-03-26,Electronics,Bengaluru,22,254.98,5609.5599999999995,13,44.3,0,3,Wednesday,2,0,No Promotion
2025-03-26,Clothing,Hyderabad,43,43.4,1866.2,33,46.6,0,3,Wednesday,2,0,No Promotion
2025-03-26,Groceries,Hyderabad,146,12.5,1825.0,99,30.0,0,3,Wednesday,2,0,No Promotion
2025-03-26,Furniture,Bengaluru,10,387.61,3876.1000000000004,4,44.0,0,3,Wednesday,2,0,No Promotion
2025-03-26,Toys,Hyderabad,26,30.49,792.74,12,43.2,0,3,Wednesday,2,0,No Promotion
2025-03-27,Electronics,Delhi,21,249.81,5246.01,9,39.5,0,3,Thursday,3,0,No Promotion
2025-03-27,Clothing,Chennai,59,48.96,2888.64,41,61.0,0,3,Thursday,3,0,No Promotion
2025-03-27,Groceries,Hyderabad,145,11.73,1700.8500000000001,87,38.2,0,3,Thursday,3,0,No Promotion
2025-03-27,Furniture,Delhi,3,386.22,1158.66,2,35.5,0,3,Thursday,3,0,No Promotion
2025-03-27,Toys,Chennai,33,30.09,992.97,22,36.6,0,3,Thursday,3,0,No Promotion
2025-03-28,Electronics,Chennai,28,249.41,6983.48,17,55.9,0,3,Friday,4,0,No Promotion
2025-03-28,Clothing,Delhi,60,44.26,2655.6,43,42.3,0,3,Friday,4,0,No Promotion
2025-03-28,Groceries,Bengaluru,130,11.03,1433.8999999999999,91,37.0,0,3,Friday,4,0,No Promotion
2025-03-28,Furniture,Delhi,9,383.74,3453.66,5,33.3,0,3,Friday,4,0,No Promotion
2025-03-28,Toys,Mumbai,23,30.79,708.17,16,51.8,0,3,Friday,4,0,No Promotion
2025-03-29,Electronics,Hyderabad,44,230.91,10160.039999999999,19,42.2,1,3,Saturday,5,1,Promotion
2025-03-29,Clothing,Chennai,71,49.97,3547.87,28,35.7,1,3,Saturday,5,1,Promotion
2025-03-29,Groceries,Chennai,216,11.86,2561.7599999999998,90,22.7,1,3,Saturday,5,1,Promotion
2025-03-29,Furniture,Bengaluru,15,362.7,5440.5,9,50.8,1,3,Saturday,5,1,Promotion
2025-03-29,Toys,Mumbai,48,31.48,1511.04,32,24.4,1,3,Saturday,5,1,Promotion
2025-03-30,Electronics,Bengaluru,25,235.21,5880.25,11,45.3,0,3,Sunday,6,1,No Promotion
2025-03-30,Clothing,Mumbai,64,43.48,2782.72,44,22.5,0,3,Sunday,6,1,No Promotion
2025-03-30,Groceries,Delhi,196,11.06,2167.76,87,53.8,0,3,Sunday,6,1,No Promotion
2025-03-30,Furniture,Bengaluru,12,351.77,4221.24,6,22.8,0,3,Sunday,6,1,No Promotion
2025-03-30,Toys,Delhi,33,30.94,1021.0200000000001,17,45.7,0,3,Sunday,6,1,No Promotion
2025-03-31,Electronics,Delhi,23,240.93,5541.39,13,40.0,0,3,Monday,0,0,No Promotion
2025-03-31,Clothing,Delhi,45,47.95,2157.75,28,13.3,0,3,Monday,0,0,No Promotion
2025-03-31,Groceries,Hyderabad,127,11.79,1497.33,77,47.1,0,3,Monday,0,0,No Promotion
2025-03-31,Furniture,Delhi,7,359.65,2517.5499999999997,4,14.3,0,3,Monday,0,0,No Promotion
2025-03-31,Toys,Bengaluru,28,29.23,818.44,18,19.4,0,3,Monday,0,0,No Promotion
2025-04-01,Electronics,Chennai,17,259.18,4406.06,11,40.9,0,4,Tuesday,1,0,No Promotion
2025-04-01,Clothing,Mumbai,56,43.35,2427.6,29,31.0,0,4,Tuesday,1,0,No Promotion
2025-04-01,Groceries,Chennai,131,11.95,1565.4499999999998,90,39.3,0,4,Tuesday,1,0,No Promotion
2025-04-01,Furniture,Bengaluru,3,384.68,1154.04,2,27.5,0,4,Tuesday,1,0,No Promotion
2025-04-01,Toys,Hyderabad,30,29.54,886.1999999999999,14,21.7,0,4,Tuesday,1,0,No Promotion
2025-04-02,Electronics,Chennai,29,247.54,7178.66,26,26.8,0,4,Wednesday,2,0,No Promotion
2025-04-02,Clothing,Chennai,43,46.32,1991.76,27,33.7,0,4,Wednesday,2,0,No Promotion
2025-04-02,Groceries,Delhi,144,10.93,1573.92,105,32.7,0,4,Wednesday,2,0,No Promotion
2025-04-02,Furniture,Bengaluru,8,418.0,3344.0,6,40.8,0,4,Wednesday,2,0,No Promotion
2025-04-02,Toys,Chennai,34,30.99,1053.6599999999999,23,41.1,0,4,Wednesday,2,0,No Promotion
2025-04-03,Electronics,Hyderabad,20,260.04,5200.8,8,32.6,1,4,Thursday,3,0,Promotion
2025-04-03,Clothing,Hyderabad,83,42.24,3505.92,38,39.8,1,4,Thursday,3,0,Promotion
2025-04-03,Groceries,Chennai,176,12.17,2141.92,95,36.1,1,4,Thursday,3,0,Promotion
2025-04-03,Furniture,Delhi,9,357.78,3220.0199999999995,4,25.6,1,4,Thursday,3,0,Promotion
2025-04-03,Toys,Bengaluru,33,29.31,967.2299999999999,15,49.6,1,4,Thursday,3,0,Promotion
2025-04-04,Electronics,Bengaluru,13,247.65,3219.4500000000003,8,46.1,0,4,Friday,4,0,No Promotion
2025-04-04,Clothing,Mumbai,45,45.63,2053.35,21,42.5,0,4,Friday,4,0,No Promotion
2025-04-04,Groceries,Delhi,151,12.11,1828.61,83,31.5,0,4,Friday,4,0,No Promotion
2025-04-04,Furniture,Chennai,9,374.94,3374.46,5,36.4,0,4,Friday,4,0,No Promotion
2025-04-04,Toys,Bengaluru,31,32.29,1000.99,18,25.2,0,4,Friday,4,0,No Promotion
2025-04-05,Electronics,Bengaluru,24,249.48,5987.5199999999995,11,41.3,0,4,Saturday,5,1,No Promotion
2025-04-05,Clothing,Chennai,56,46.69,2614.64,30,33.5,0,4,Saturday,5,1,No Promotion
2025-04-05,Groceries,Chennai,183,10.98,2009.3400000000001,139,34.3,0,4,Saturday,5,1,No Promotion
2025-04-05,Furniture,Mumbai,10,377.75,3777.5,6,28.8,0,4,Saturday,5,1,No Promotion
2025-04-05,Toys,Bengaluru,38,29.7,1128.6,17,31.0,0,4,Saturday,5,1,No Promotion
2025-04-06,Electronics,Bengaluru,33,257.44,8495.52,14,31.5,0,4,Sunday,6,1,No Promotion
2025-04-06,Clothing,Hyderabad,60,44.18,2650.8,47,34.1,0,4,Sunday,6,1,No Promotion
2025-04-06,Groceries,Bengaluru,217,11.76,2551.92,128,30.1,0,4,Sunday,6,1,No Promotion
2025-04-06,Furniture,Mumbai,12,432.88,5194.5599999999995,8,33.9,0,4,Sunday,6,1,No Promotion
2025-04-06,Toys,Chennai,40,28.53,1141.2,17,37.6,0,4,Sunday,6,1,No Promotion
2025-04-07,Electronics,Chennai,14,263.44,3688.16,9,45.2,0,4,Monday,0,0,No Promotion
2025-04-07,Clothing,Chennai,47,45.88,2156.36,29,34.2,0,4,Monday,0,0,No Promotion
2025-04-07,Groceries,Delhi,157,11.66,1830.6200000000001,69,29.7,0,4,Monday,0,0,No Promotion
2025-04-07,Furniture,Chennai,6,405.42,2432.52,3,31.4,0,4,Monday,0,0,No Promotion
2025-04-07,Toys,Hyderabad,32,29.95,958.4,14,29.1,0,4,Monday,0,0,No Promotion
2025-04-08,Electronics,Bengaluru,16,252.57,4041.12,14,37.5,0,4,Tuesday,1,0,No Promotion
2025-04-08,Clothing,Bengaluru,62,44.61,2765.82,26,34.6,0,4,Tuesday,1,0,No Promotion
2025-04-08,Groceries,Chennai,141,11.35,1600.35,83,39.5,0,4,Tuesday,1,0,No Promotion
2025-04-08,Furniture,Hyderabad,8,389.42,3115.36,4,56.7,0,4,Tuesday,1,0,No Promotion
2025-04-08,Toys,Bengaluru,27,28.88,779.76,16,35.2,0,4,Tuesday,1,0,No Promotion
2025-04-09,Electronics,Mumbai,17,244.75,4160.75,10,28.3,0,4,Wednesday,2,0,No Promotion
2025-04-09,Clothing,Chennai,52,40.22,2091.44,40,40.0,0,4,Wednesday,2,0,No Promotion
2025-04-09,Groceries,Mumbai,141,12.04,1697.6399999999999,89,10.6,0,4,Wednesday,2,0,No Promotion
2025-04-09,Furniture,Delhi,8,373.79,2990.32,5,47.6,0,4,Wednesday,2,0,No Promotion
2025-04-09,Toys,Hyderabad,25,28.38,709.5,13,39.1,0,4,Wednesday,2,0,No Promotion
2025-04-10,Electronics,Hyderabad,18,260.12,4682.16,10,55.0,0,4,Thursday,3,0,No Promotion
2025-04-10,Clothing,Hyderabad,47,43.8,2058.6,29,44.6,0,4,Thursday,3,0,No Promotion
2025-04-10,Groceries,Hyderabad,158,11.48,1813.8400000000001,105,27.4,0,4,Thursday,3,0,No Promotion
2025-04-10,Furniture,Mumbai,6,383.54,2301.2400000000002,3,39.6,0,4,Thursday,3,0,No Promotion
2025-04-10,Toys,Mumbai,26,32.19,836.9399999999999,13,30.0,0,4,Thursday,3,0,No Promotion
2025-04-11,Electronics,Hyderabad,19,276.04,5244.76,13,35.2,0,4,Friday,4,0,No Promotion
2025-04-11,Clothing,Bengaluru,50,48.34,2417.0,21,44.9,0,4,Friday,4,0,No Promotion
2025-04-11,Groceries,Chennai,148,11.99,1774.52,69,27.7,0,4,Friday,4,0,No Promotion
2025-04-11,Furniture,Hyderabad,9,379.39,3414.5099999999998,5,36.5,0,4,Friday,4,0,No Promotion
2025-04-11,Toys,Mumbai,33,30.28,999.24,29,20.7,0,4,Friday,4,0,No Promotion
2025-04-12,Electronics,Bengaluru,25,248.93,6223.25,10,34.7,0,4,Saturday,5,1,No Promotion
2025-04-12,Clothing,Hyderabad,46,43.34,1993.64,26,39.3,0,4,Saturday,5,1,No Promotion
2025-04-12,Groceries,Chennai,153,12.43,1901.79,97,20.6,0,4,Saturday,5,1,No Promotion
2025-04-12,Furniture,Mumbai,9,385.61,3470.4900000000002,5,41.0,0,4,Saturday,5,1,No Promotion
2025-04-12,Toys,Bengaluru,32,32.17,1029.44,21,35.2,0,4,Saturday,5,1,No Promotion
2025-04-13,Electronics,Hyderabad,33,259.95,8578.35,15,33.2,0,4,Sunday,6,1,No Promotion
2025-04-13,Clothing,Delhi,67,41.94,2809.98,34,48.2,0,4,Sunday,6,1,No Promotion
2025-04-13,Groceries,Chennai,202,12.12,2448.24,108,44.7,0,4,Sunday,6,1,No Promotion
2025-04-13,Furniture,Mumbai,7,385.29,2697.03,3,31.7,0,4,Sunday,6,1,No Promotion
2025-04-13,Toys,Chennai,31,34.36,1065.16,27,43.2,0,4,Sunday,6,1,No Promotion
2025-04-14,Electronics,Delhi,31,250.64,7769.839999999999,14,36.4,0,4,Monday,0,0,No Promotion
2025-04-14,Clothing,Hyderabad,48,42.21,2026.08,29,37.4,0,4,Monday,0,0,No Promotion
2025-04-14,Groceries,Hyderabad,156,11.28,1759.6799999999998,135,42.8,0,4,Monday,0,0,No Promotion
2025-04-14,Furniture,Mumbai,5,394.3,1971.5,2,35.0,0,4,Monday,0,0,No Promotion
2025-04-14,Toys,Delhi,31,30.18,935.58,13,30.3,0,4,Monday,0,0,No Promotion
2025-04-15,Electronics,Delhi,23,239.84,5516.32,10,37.8,0,4,Tuesday,1,0,No Promotion
2025-04-15,Clothing,Hyderabad,54,45.02,2431.0800000000004,24,31.7,0,4,Tuesday,1,0,No Promotion
2025-04-15,Groceries,Hyderabad,126,12.27,1546.02,63,36.2,0,4,Tuesday,1,0,No Promotion
2025-04-15,Furniture,Mumbai,6,388.17,2329.02,3,3.3,0,4,Tuesday,1,0,No Promotion
2025-04-15,Toys,Hyderabad,35,31.79,1112.6499999999999,16,41.2,0,4,Tuesday,1,0,No Promotion
2025-04-16,Electronics,Mumbai,27,240.3,6488.1,13,22.0,1,4,Wednesday,2,0,Promotion
2025-04-16,Clothing,Chennai,60,45.38,2722.8,33,29.4,1,4,Wednesday,2,0,Promotion
2025-04-16,Groceries,Hyderabad,174,11.76,2046.24,106,46.4,1,4,Wednesday,2,0,Promotion
2025-04-16,Furniture,Chennai,8,404.94,3239.52,7,30.1,1,4,Wednesday,2,0,Promotion
2025-04-16,Toys,Mumbai,47,28.55,1341.8500000000001,33,40.3,1,4,Wednesday,2,0,Promotion
2025-04-17,Electronics,Mumbai,25,272.48,6812.0,12,29.1,0,4,Thursday,3,0,No Promotion
2025-04-17,Clothing,Chennai,54,44.93,2426.22,46,28.8,0,4,Thursday,3,0,No Promotion
2025-04-17,Groceries,Chennai,180,10.95,1970.9999999999998,140,48.7,0,4,Thursday,3,0,No Promotion
2025-04-17,Furniture,Bengaluru,4,378.29,1513.16,2,25.2,0,4,Thursday,3,0,No Promotion
2025-04-17,Toys,Hyderabad,23,32.65,750.9499999999999,13,36.7,0,4,Thursday,3,0,No Promotion
2025-04-18,Electronics,Bengaluru,20,234.98,4699.599999999999,11,45.9,0,4,Friday,4,0,No Promotion
2025-04-18,Clothing,Hyderabad,40,48.63,1945.2,25,28.3,0,4,Friday,4,0,No Promotion
2025-04-18,Groceries,Bengaluru,135,12.91,1742.85,66,38.0,0,4,Friday,4,0,No Promotion
2025-04-18,Furniture,Delhi,6,354.54,2127.2400000000002,3,30.7,0,4,Friday,4,0,No Promotion
2025-04-18,Toys,Bengaluru,24,30.66,735.84,10,28.5,0,4,Friday,4,0,No Promotion
2025-04-19,Electronics,Delhi,23,217.88,5011.24,12,47.9,0,4,Saturday,5,1,No Promotion
2025-04-19,Clothing,Chennai,64,46.02,2945.28,49,33.9,0,4,Saturday,5,1,No Promotion
2025-04-19,Groceries,Chennai,166,12.52,2078.3199999999997,144,42.9,0,4,Saturday,5,1,No Promotion
2025-04-19,Furniture,Mumbai,11,338.79,3726.69,4,35.3,0,4,Saturday,5,1,No Promotion
2025-04-19,Toys,Delhi,34,29.05,987.7,16,16.5,0,4,Saturday,5,1,No Promotion
2025-04-20,Electronics,Delhi,21,249.38,5236.98,8,38.3,0,4,Sunday,6,1,No Promotion
2025-04-20,Clothing,Delhi,71,49.3,3500.2999999999997,58,34.5,0,4,Sunday,6,1,No Promotion
2025-04-20,Groceries,Hyderabad,198,11.88,2352.2400000000002,81,23.6,0,4,Sunday,6,1,No Promotion
2025-04-20,Furniture,Delhi,11,375.98,4135.780000000001,7,23.8,0,4,Sunday,6,1,No Promotion
2025-04-20,Toys,Mumbai,41,30.12,1234.92,19,45.5,0,4,Sunday,6,1,No Promotion
2025-04-21,Electronics,Delhi,17,249.76,4245.92,13,18.2,0,4,Monday,0,0,No Promotion
2025-04-21,Clothing,Delhi,60,46.99,2819.4,31,33.3,0,4,Monday,0,0,No Promotion
2025-04-21,Groceries,Chennai,161,11.11,1788.7099999999998,82,29.5,0,4,Monday,0,0,No Promotion
2025-04-21,Furniture,Delhi,10,371.36,3713.6000000000004,7,54.9,0,4,Monday,0,0,No Promotion
2025-04-21,Toys,Mumbai,40,29.72,1188.8,25,24.3,0,4,Monday,0,0,No Promotion
2025-04-22,Electronics,Delhi,23,245.18,5639.14,9,20.4,0,4,Tuesday,1,0,No Promotion
2025-04-22,Clothing,Mumbai,47,44.24,2079.28,21,26.7,0,4,Tuesday,1,0,No Promotion
2025-04-22,Groceries,Mumbai,135,12.45,1680.75,76,42.2,0,4,Tuesday,1,0,No Promotion
2025-04-22,Furniture,Mumbai,8,381.44,3051.52,4,41.7,0,4,Tuesday,1,0,No Promotion
2025-04-22,Toys,Bengaluru,27,31.38,847.26,23,35.3,0,4,Tuesday,1,0,No Promotion
2025-04-23,Electronics,Chennai,19,227.38,4320.22,8,44.5,0,4,Wednesday,2,0,No Promotion
2025-04-23,Clothing,Bengaluru,45,45.36,2041.2,19,39.6,0,4,Wednesday,2,0,No Promotion
2025-04-23,Groceries,Bengaluru,154,11.52,1774.08,110,35.6,0,4,Wednesday,2,0,No Promotion
2025-04-23,Furniture,Hyderabad,11,354.26,3896.8599999999997,5,33.7,0,4,Wednesday,2,0,No Promotion
2025-04-23,Toys,Bengaluru,39,29.85,1164.15,25,47.2,0,4,Wednesday,2,0,No Promotion
2025-04-24,Electronics,Hyderabad,23,233.23,5364.29,12,14.7,0,4,Thursday,3,0,No Promotion
2025-04-24,Clothing,Chennai,45,42.73,1922.85,30,31.7,0,4,Thursday,3,0,No Promotion
2025-04-24,Groceries,Bengaluru,126,11.0,1386.0,55,42.7,0,4,Thursday,3,0,No Promotion
2025-04-24,Furniture,Hyderabad,8,402.24,3217.92,5,44.2,0,4,Thursday,3,0,No Promotion
2025-04-24,Toys,Bengaluru,28,26.24,734.7199999999999,21,33.9,0,4,Thursday,3,0,No Promotion
2025-04-25,Electronics,Hyderabad,19,238.75,4536.25,17,26.6,0,4,Friday,4,0,No Promotion
2025-04-25,Clothing,Bengaluru,50,45.32,2266.0,27,47.2,0,4,Friday,4,0,No Promotion
2025-04-25,Groceries,Bengaluru,151,12.71,1919.21,90,38.9,0,4,Friday,4,0,No Promotion
2025-04-25,Furniture,Delhi,0,392.68,0.0,1,42.1,0,4,Friday,4,0,No Promotion
2025-04-25,Toys,Delhi,32,31.26,1000.32,29,39.4,0,4,Friday,4,0,No Promotion
2025-04-26,Electronics,Delhi,31,275.59,8543.289999999999,19,31.6,0,4,Saturday,5,1,No Promotion
2025-04-26,Clothing,Bengaluru,75,44.9,3367.5,51,39.5,0,4,Saturday,5,1,No Promotion
2025-04-26,Groceries,Delhi,167,13.08,2184.36,107,39.4,0,4,Saturday,5,1,No Promotion
2025-04-26,Furniture,Delhi,9,398.77,3588.93,5,36.3,0,4,Saturday,5,1,No Promotion
2025-04-26,Toys,Delhi,35,30.03,1051.05,25,34.5,0,4,Saturday,5,1,No Promotion
2025-04-27,Electronics,Delhi,24,248.56,5965.4400000000005,12,45.7,0,4,Sunday,6,1,No Promotion
2025-04-27,Clothing,Chennai,58,49.12,2848.96,25,26.1,0,4,Sunday,6,1,No Promotion
2025-04-27,Groceries,Chennai,177,11.8,2088.6,142,35.4,0,4,Sunday,6,1,No Promotion
2025-04-27,Furniture,Mumbai,13,398.36,5178.68,5,25.3,0,4,Sunday,6,1,No Promotion
2025-04-27,Toys,Bengaluru,28,28.63,801.64,15,25.2,0,4,Sunday,6,1,No Promotion
2025-04-28,Electronics,Delhi,32,258.65,8276.8,25,52.8,1,4,Monday,0,0,Promotion
2025-04-28,Clothing,Hyderabad,72,45.73,3292.56,39,21.5,1,4,Monday,0,0,Promotion
2025-04-28,Groceries,Chennai,223,12.29,2740.6699999999996,115,45.4,1,4,Monday,0,0,Promotion
2025-04-28,Furniture,Hyderabad,9,403.14,3628.2599999999998,5,32.7,1,4,Monday,0,0,Promotion
2025-04-28,Toys,Mumbai,42,30.03,1261.26,19,41.2,1,4,Monday,0,0,Promotion
2025-04-29,Electronics,Mumbai,25,248.31,6207.75,13,29.5,0,4,Tuesday,1,0,No Promotion
2025-04-29,Clothing,Bengaluru,50,44.12,2206.0,21,20.2,0,4,Tuesday,1,0,No Promotion
2025-04-29,Groceries,Delhi,136,11.95,1625.1999999999998,54,40.0,0,4,Tuesday,1,0,No Promotion
2025-04-29,Furniture,Hyderabad,8,421.58,3372.64,4,39.6,0,4,Tuesday,1,0,No Promotion
2025-04-29,Toys,Mumbai,28,30.68,859.04,15,44.8,0,4,Tuesday,1,0,No Promotion
2025-04-30,Electronics,Chennai,16,259.22,4147.52,13,38.3,0,4,Wednesday,2,0,No Promotion
2025-04-30,Clothing,Mumbai,46,47.66,2192.3599999999997,19,40.0,0,4,Wednesday,2,0,No Promotion
2025-04-30,Groceries,Hyderabad,140,12.14,1699.6000000000001,116,58.7,0,4,Wednesday,2,0,No Promotion
2025-04-30,Furniture,Bengaluru,12,399.97,4799.64,7,37.6,0,4,Wednesday,2,0,No Promotion
2025-04-30,Toys,Mumbai,30,30.4,912.0,12,25.1,0,4,Wednesday,2,0,No Promotion
2025-05-01,Electronics,Chennai,27,254.55,6872.85,22,23.6,0,5,Thursday,3,0,No Promotion
2025-05-01,Clothing,Delhi,50,42.12,2106.0,23,34.4,0,5,Thursday,3,0,No Promotion
2025-05-01,Groceries,Chennai,159,11.86,1885.74,90,49.2,0,5,Thursday,3,0,No Promotion
2025-05-01,Furniture,Hyderabad,7,375.95,2631.65,4,28.9,0,5,Thursday,3,0,No Promotion
2025-05-01,Toys,Chennai,24,30.04,720.96,11,43.6,0,5,Thursday,3,0,No Promotion
2025-05-02,Electronics,Hyderabad,26,247.11,6424.860000000001,11,26.2,0,5,Friday,4,0,No Promotion
2025-05-02,Clothing,Bengaluru,53,44.13,2338.8900000000003,28,34.5,0,5,Friday,4,0,No Promotion
2025-05-02,Groceries,Mumbai,116,12.59,1460.44,84,33.9,0,5,Friday,4,0,No Promotion
2025-05-02,Furniture,Hyderabad,11,376.94,4146.34,5,33.9,0,5,Friday,4,0,No Promotion
2025-05-02,Toys,Mumbai,34,30.8,1047.2,18,46.2,0,5,Friday,4,0,No Promotion
2025-05-03,Electronics,Chennai,25,246.24,6156.0,13,0.1,0,5,Saturday,5,1,No Promotion
2025-05-03,Clothing,Hyderabad,59,44.23,2609.5699999999997,41,37.4,0,5,Saturday,5,1,No Promotion
2025-05-03,Groceries,Bengaluru,153,12.07,1846.71,66,20.6,0,5,Saturday,5,1,No Promotion
2025-05-03,Furniture,Hyderabad,9,404.49,3640.41,7,31.8,0,5,Saturday,5,1,No Promotion
2025-05-03,Toys,Chennai,33,30.09,992.97,16,29.9,0,5,Saturday,5,1,No Promotion
2025-05-04,Electronics,Mumbai,31,264.86,8210.66,14,22.1,1,5,Sunday,6,1,Promotion
2025-05-04,Clothing,Chennai,84,44.66,3751.4399999999996,46,35.2,1,5,Sunday,6,1,Promotion
2025-05-04,Groceries,Hyderabad,273,11.42,3117.66,241,44.2,1,5,Sunday,6,1,Promotion
2025-05-04,Furniture,Delhi,9,372.18,3349.62,4,25.4,1,5,Sunday,6,1,Promotion
2025-05-04,Toys,Hyderabad,51,30.83,1572.33,33,44.8,1,5,Sunday,6,1,Promotion
2025-05-05,Electronics,Chennai,20,257.15,5143.0,9,26.8,0,5,Monday,0,0,No Promotion
2025-05-05,Clothing,Hyderabad,47,47.8,2246.6,22,25.2,0,5,Monday,0,0,No Promotion
2025-05-05,Groceries,Mumbai,149,12.21,1819.2900000000002,131,37.8,0,5,Monday,0,0,No Promotion
2025-05-05,Furniture,Hyderabad,10,395.78,3957.7999999999997,5,30.1,0,5,Monday,0,0,No Promotion
2025-05-05,Toys,Delhi,30,30.91,927.3,13,45.9,0,5,Monday,0,0,No Promotion
2025-05-06,Electronics,Chennai,19,248.53,4722.07,13,38.4,0,5,Tuesday,1,0,No Promotion
2025-05-06,Clothing,Hyderabad,51,45.63,2327.13,28,42.7,0,5,Tuesday,1,0,No Promotion
2025-05-06,Groceries,Chennai,165,11.99,1978.3500000000001,71,14.2,0,5,Tuesday,1,0,No Promotion
2025-05-06,Furniture,Bengaluru,9,374.25,3368.25,6,45.7,0,5,Tuesday,1,0,No Promotion
2025-05-06,Toys,Hyderabad,27,34.22,923.9399999999999,14,39.0,0,5,Tuesday,1,0,No Promotion
2025-05-07,Electronics,Bengaluru,20,249.99,4999.8,13,27.4,0,5,Wednesday,2,0,No Promotion
2025-05-07,Clothing,Delhi,46,45.73,2103.58,36,36.5,0,5,Wednesday,2,0,No Promotion
2025-05-07,Groceries,Bengaluru,129,12.69,1637.01,72,40.6,0,5,Wednesday,2,0,No Promotion
2025-05-07,Furniture,Chennai,10,397.07,3970.7,5,40.3,0,5,Wednesday,2,0,No Promotion
2025-05-07,Toys,Delhi,30,30.86,925.8,17,28.2,0,5,Wednesday,2,0,No Promotion
2025-05-08,Electronics,Bengaluru,15,245.56,3683.4,10,31.9,0,5,Thursday,3,0,No Promotion
2025-05-08,Clothing,Mumbai,48,46.04,2209.92,24,31.2,0,5,Thursday,3,0,No Promotion
2025-05-08,Groceries,Bengaluru,155,11.55,1790.25,89,31.0,0,5,Thursday,3,0,No Promotion
2025-05-08,Furniture,Chennai,5,388.01,1940.05,2,34.8,0,5,Thursday,3,0,No Promotion
2025-05-08,Toys,Chennai,34,33.28,1131.52,14,32.7,0,5,Thursday,3,0,No Promotion
2025-05-09,Electronics,Bengaluru,15,259.91,3898.6500000000005,9,31.3,0,5,Friday,4,0,No Promotion
2025-05-09,Clothing,Bengaluru,55,45.04,2477.2,49,36.2,0,5,Friday,4,0,No Promotion
2025-05-09,Groceries,Hyderabad,173,11.33,1960.09,71,36.6,0,5,Friday,4,0,No Promotion
2025-05-09,Furniture,Hyderabad,14,365.53,5117.42,11,32.9,0,5,Friday,4,0,No Promotion
2025-05-09,Toys,Hyderabad,34,31.33,1065.22,18,36.8,0,5,Friday,4,0,No Promotion
2025-05-10,Electronics,Mumbai,23,263.93,6070.39,10,45.9,0,5,Saturday,5,1,No Promotion
2025-05-10,Clothing,Bengaluru,47,43.63,2050.61,40,43.0,0,5,Saturday,5,1,No Promotion
2025-05-10,Groceries,Chennai,211,12.44,2624.8399999999997,187,27.8,0,5,Saturday,5,1,No Promotion
2025-05-10,Furniture,Delhi,8,365.49,2923.92,4,37.4,0,5,Saturday,5,1,No Promotion
2025-05-10,Toys,Bengaluru,38,30.57,1161.66,34,27.8,0,5,Saturday,5,1,No Promotion
2025-05-11,Electronics,Bengaluru,27,232.92,6288.839999999999,22,32.8,0,5,Sunday,6,1,No Promotion
2025-05-11,Clothing,Delhi,57,47.06,2682.42,26,35.2,0,5,Sunday,6,1,No Promotion
2025-05-11,Groceries,Hyderabad,146,13.11,1914.06,65,19.9,0,5,Sunday,6,1,No Promotion
2025-05-11,Furniture,Hyderabad,10,397.85,3978.5,7,44.7,0,5,Sunday,6,1,No Promotion
2025-05-11,Toys,Delhi,28,29.75,833.0,14,34.4,0,5,Sunday,6,1,No Promotion
2025-05-12,Electronics,Bengaluru,17,247.5,4207.5,9,55.6,0,5,Monday,0,0,No Promotion
2025-05-12,Clothing,Delhi,50,43.07,2153.5,21,38.6,0,5,Monday,0,0,No Promotion
2025-05-12,Groceries,Delhi,156,12.35,1926.6,116,50.8,0,5,Monday,0,0,No Promotion
2025-05-12,Furniture,Delhi,5,421.3,2106.5,4,30.9,0,5,Monday,0,0,No Promotion
2025-05-12,Toys,Bengaluru,39,28.98,1130.22,29,31.3,0,5,Monday,0,0,No Promotion
2025-05-13,Electronics,Delhi,20,250.74,5014.8,15,35.5,0,5,Tuesday,1,0,No Promotion
2025-05-13,Clothing,Bengaluru,53,43.76,2319.2799999999997,23,38.4,0,5,Tuesday,1,0,No Promotion
2025-05-13,Groceries,Chennai,145,12.46,1806.7,83,32.1,0,5,Tuesday,1,0,No Promotion
2025-05-13,Furniture,Chennai,6,389.25,2335.5,3,36.8,0,5,Tuesday,1,0,No Promotion
2025-05-13,Toys,Mumbai,28,30.35,849.8000000000001,13,36.4,0,5,Tuesday,1,0,No Promotion
2025-05-14,Electronics,Bengaluru,22,257.59,5666.98,19,39.9,0,5,Wednesday,2,0,No Promotion
2025-05-14,Clothing,Bengaluru,57,46.78,2666.46,42,31.7,0,5,Wednesday,2,0,No Promotion
2025-05-14,Groceries,Hyderabad,138,12.08,1667.04,86,26.7,0,5,Wednesday,2,0,No Promotion
2025-05-14,Furniture,Chennai,8,349.48,2795.84,5,60.3,0,5,Wednesday,2,0,No Promotion
2025-05-14,Toys,Hyderabad,23,28.67,659.4100000000001,10,37.5,0,5,Wednesday,2,0,No Promotion
2025-05-15,Electronics,Chennai,24,260.61,6254.64,11,59.7,0,5,Thursday,3,0,No Promotion
2025-05-15,Clothing,Bengaluru,49,46.36,2271.64,32,29.1,0,5,Thursday,3,0,No Promotion
2025-05-15,Groceries,Chennai,151,11.34,1712.34,75,32.7,0,5,Thursday,3,0,No Promotion
2025-05-15,Furniture,Chennai,3,388.24,1164.72,2,46.4,0,5,Thursday,3,0,No Promotion
2025-05-15,Toys,Delhi,28,27.89,780.9200000000001,14,32.1,0,5,Thursday,3,0,No Promotion
2025-05-16,Electronics,Bengaluru,23,233.05,5360.150000000001,10,26.4,0,5,Friday,4,0,No Promotion
2025-05-16,Clothing,Bengaluru,56,44.13,2471.28,31,47.4,0,5,Friday,4,0,No Promotion
2025-05-16,Groceries,Chennai,149,11.88,1770.1200000000001,70,38.2,0,5,Friday,4,0,No Promotion
2025-05-16,Furniture,Mumbai,11,392.94,4322.34,7,22.1,0,5,Friday,4,0,No Promotion
2025-05-16,Toys,Bengaluru,28,29.39,822.9200000000001,14,27.7,0,5,Friday,4,0,No Promotion
2025-05-17,Electronics,Chennai,29,244.03,7076.87,12,34.6,0,5,Saturday,5,1,No Promotion
2025-05-17,Clothing,Mumbai,47,40.89,1921.83,22,41.7,0,5,Saturday,5,1,No Promotion
2025-05-17,Groceries,Bengaluru,158,11.64,1839.1200000000001,103,54.3,0,5,Saturday,5,1,No Promotion
2025-05-17,Furniture,Chennai,8,387.75,3102.0,6,39.5,0,5,Saturday,5,1,No Promotion
2025-05-17,Toys,Delhi,33,29.43,971.1899999999999,13,51.6,0,5,Saturday,5,1,No Promotion
2025-05-18,Electronics,Chennai,20,239.8,4796.0,17,20.2,0,5,Sunday,6,1,No Promotion
2025-05-18,Clothing,Bengaluru,54,45.92,2479.6800000000003,31,35.0,0,5,Sunday,6,1,No Promotion
2025-05-18,Groceries,Mumbai,157,11.6,1821.2,117,41.9,0,5,Sunday,6,1,No Promotion
2025-05-18,Furniture,Bengaluru,7,413.44,2894.08,4,38.8,0,5,Sunday,6,1,No Promotion
2025-05-18,Toys,Bengaluru,46,29.23,1344.58,19,33.5,0,5,Sunday,6,1,No Promotion
2025-05-19,Electronics,Hyderabad,21,244.45,5133.45,16,45.0,0,5,Monday,0,0,No Promotion
2025-05-19,Clothing,Bengaluru,48,43.97,2110.56,27,20.6,0,5,Monday,0,0,No Promotion
2025-05-19,Groceries,Mumbai,186,12.58,2339.88,75,40.3,0,5,Monday,0,0,No Promotion
2025-05-19,Furniture,Bengaluru,7,390.67,2734.69,3,46.1,0,5,Monday,0,0,No Promotion
2025-05-19,Toys,Delhi,32,31.47,1007.04,17,36.5,0,5,Monday,0,0,No Promotion
2025-05-20,Electronics,Hyderabad,24,262.27,6294.48,15,23.0,0,5,Tuesday,1,0,No Promotion
2025-05-20,Clothing,Hyderabad,46,45.16,2077.3599999999997,22,31.7,0,5,Tuesday,1,0,No Promotion
2025-05-20,Groceries,Chennai,165,11.3,1864.5000000000002,72,39.8,0,5,Tuesday,1,0,No Promotion
2025-05-20,Furniture,Delhi,8,372.6,2980.8,5,13.1,0,5,Tuesday,1,0,No Promotion
2025-05-20,Toys,Hyderabad,27,31.82,859.14,21,32.4,0,5,Tuesday,1,0,No Promotion
2025-05-21,Electronics,Mumbai,23,255.37,5873.51,13,38.1,0,5,Wednesday,2,0,No Promotion
2025-05-21,Clothing,Chennai,38,42.16,1602.08,22,56.0,0,5,Wednesday,2,0,No Promotion
2025-05-21,Groceries,Mumbai,161,11.2,1803.1999999999998,128,54.6,0,5,Wednesday,2,0,No Promotion
2025-05-21,Furniture,Delhi,10,377.87,3778.7,7,28.6,0,5,Wednesday,2,0,No Promotion
2025-05-21,Toys,Bengaluru,28,30.71,859.88,14,46.1,0,5,Wednesday,2,0,No Promotion
2025-05-22,Electronics,Mumbai,21,250.09,5251.89,14,36.3,0,5,Thursday,3,0,No Promotion
2025-05-22,Clothing,Chennai,50,44.84,2242.0,22,16.3,0,5,Thursday,3,0,No Promotion
2025-05-22,Groceries,Bengaluru,151,13.14,1984.14,98,45.0,0,5,Thursday,3,0,No Promotion
2025-05-22,Furniture,Hyderabad,8,401.6,3212.8,6,35.3,0,5,Thursday,3,0,No Promotion
2025-05-22,Toys,Bengaluru,26,32.37,841.6199999999999,14,34.7,0,5,Thursday,3,0,No Promotion
2025-05-23,Electronics,Delhi,29,240.58,6976.820000000001,19,37.8,0,5,Friday,4,0,No Promotion
2025-05-23,Clothing,Bengaluru,46,45.75,2104.5,31,36.0,0,5,Friday,4,0,No Promotion
2025-05-23,Groceries,Bengaluru,162,12.96,2099.52,69,27.2,0,5,Friday,4,0,No Promotion
2025-05-23,Furniture,Delhi,5,403.31,2016.55,4,41.4,0,5,Friday,4,0,No Promotion
2025-05-23,Toys,Hyderabad,28,28.51,798.2800000000001,12,36.7,0,5,Friday,4,0,No Promotion
2025-05-24,Electronics,Delhi,46,250.73,11533.58,22,47.8,1,5,Saturday,5,1,Promotion
2025-05-24,Clothing,Bengaluru,86,44.81,3853.6600000000003,53,16.0,1,5,Saturday,5,1,Promotion
2025-05-24,Groceries,Hyderabad,244,11.48,2801.12,109,39.5,1,5,Saturday,5,1,Promotion
2025-05-24,Furniture,Hyderabad,8,407.48,3259.84,4,29.3,1,5,Saturday,5,1,Promotion
2025-05-24,Toys,Delhi,49,29.4,1440.6,23,31.6,1,5,Saturday,5,1,Promotion
2025-05-25,Electronics,Mumbai,32,232.72,7447.04,14,17.9,0,5,Sunday,6,1,No Promotion
2025-05-25,Clothing,Mumbai,64,42.48,2718.72,50,33.2,0,5,Sunday,6,1,No Promotion
2025-05-25,Groceries,Bengaluru,186,13.02,2421.72,106,28.7,0,5,Sunday,6,1,No Promotion
2025-05-25,Furniture,Mumbai,10,340.98,3409.8,7,52.9,0,5,Sunday,6,1,No Promotion
2025-05-25,Toys,Delhi,30,28.95,868.5,23,34.4,0,5,Sunday,6,1,No Promotion
2025-05-26,Electronics,Chennai,23,241.71,5559.33,18,42.9,0,5,Monday,0,0,No Promotion
2025-05-26,Clothing,Hyderabad,35,42.7,1494.5,16,4.5,0,5,Monday,0,0,No Promotion
2025-05-26,Groceries,Bengaluru,163,12.61,2055.43,101,33.9,0,5,Monday,0,0,No Promotion
2025-05-26,Furniture,Bengaluru,13,370.51,4816.63,6,38.9,0,5,Monday,0,0,No Promotion
2025-05-26,Toys,Delhi,24,30.12,722.88,12,23.8,0,5,Monday,0,0,No Promotion
2025-05-27,Electronics,Bengaluru,21,248.85,5225.849999999999,15,35.3,0,5,Tuesday,1,0,No Promotion
2025-05-27,Clothing,Chennai,53,40.49,2145.9700000000003,24,42.4,0,5,Tuesday,1,0,No Promotion
2025-05-27,Groceries,Hyderabad,129,11.57,1492.53,66,42.9,0,5,Tuesday,1,0,No Promotion
2025-05-27,Furniture,Delhi,10,360.28,3602.7999999999997,8,15.3,0,5,Tuesday,1,0,No Promotion
2025-05-27,Toys,Bengaluru,30,31.13,933.9,19,21.6,0,5,Tuesday,1,0,No Promotion
2025-05-28,Electronics,Delhi,24,249.67,5992.08,22,45.6,0,5,Wednesday,2,0,No Promotion
2025-05-28,Clothing,Mumbai,39,43.28,1687.92,28,31.8,0,5,Wednesday,2,0,No Promotion
2025-05-28,Groceries,Chennai,89,11.73,1043.97,41,48.4,0,5,Wednesday,2,0,No Promotion
2025-05-28,Furniture,Hyderabad,4,395.95,1583.8,2,9.4,0,5,Wednesday,2,0,No Promotion
2025-05-28,Toys,Chennai,29,29.28,849.12,24,35.3,0,5,Wednesday,2,0,No Promotion
2025-05-29,Electronics,Mumbai,20,241.67,4833.4,16,29.1,0,5,Thursday,3,0,No Promotion
2025-05-29,Clothing,Bengaluru,53,46.48,2463.44,27,39.6,0,5,Thursday,3,0,No Promotion
2025-05-29,Groceries,Delhi,148,11.9,1761.2,119,35.8,0,5,Thursday,3,0,No Promotion
2025-05-29,Furniture,Delhi,7,367.79,2574.53,3,32.6,0,5,Thursday,3,0,No Promotion
2025-05-29,Toys,Chennai,32,29.56,945.92,15,43.3,0,5,Thursday,3,0,No Promotion
2025-05-30,Electronics,Hyderabad,17,266.28,4526.759999999999,7,24.6,0,5,Friday,4,0,No Promotion
2025-05-30,Clothing,Hyderabad,44,43.58,1917.52,21,15.2,0,5,Friday,4,0,No Promotion
2025-05-30,Groceries,Chennai,163,11.93,1944.59,129,43.7,0,5,Friday,4,0,No Promotion
2025-05-30,Furniture,Chennai,10,402.71,4027.1,6,26.7,0,5,Friday,4,0,No Promotion
2025-05-30,Toys,Bengaluru,39,29.8,1162.2,17,24.8,0,5,Friday,4,0,No Promotion
2025-05-31,Electronics,Mumbai,34,250.69,8523.46,21,34.3,0,5,Saturday,5,1,No Promotion
2025-05-31,Clothing,Delhi,62,43.09,2671.5800000000004,52,43.9,0,5,Saturday,5,1,No Promotion
2025-05-31,Groceries,Delhi,194,11.93,2314.42,127,40.5,0,5,Saturday,5,1,No Promotion
2025-05-31,Furniture,Hyderabad,10,349.28,3492.7999999999997,5,42.7,0,5,Saturday,5,1,No Promotion
2025-05-31,Toys,Chennai,41,30.08,1233.28,20,34.2,0,5,Saturday,5,1,No Promotion
2025-06-01,Electronics,Mumbai,28,263.83,7387.24,24,30.3,0,6,Sunday,6,1,No Promotion
2025-06-01,Clothing,Mumbai,67,43.37,2905.79,30,26.9,0,6,Sunday,6,1,No Promotion
2025-06-01,Groceries,Bengaluru,155,12.45,1929.75,76,26.4,0,6,Sunday,6,1,No Promotion
2025-06-01,Furniture,Hyderabad,8,358.57,2868.56,7,30.7,0,6,Sunday,6,1,No Promotion
2025-06-01,Toys,Bengaluru,46,26.79,1232.34,19,37.4,0,6,Sunday,6,1,No Promotion
2025-06-02,Electronics,Bengaluru,21,267.31,5613.51,11,32.0,0,6,Monday,0,0,No Promotion
2025-06-02,Clothing,Mumbai,46,42.34,1947.64,28,31.3,0,6,Monday,0,0,No Promotion
2025-06-02,Groceries,Delhi,164,10.88,1784.3200000000002,76,28.7,0,6,Monday,0,0,No Promotion
2025-06-02,Furniture,Bengaluru,9,375.98,3383.82,6,43.7,0,6,Monday,0,0,No Promotion
2025-06-02,Toys,Delhi,22,32.26,709.7199999999999,20,45.4,0,6,Monday,0,0,No Promotion
2025-06-03,Electronics,Chennai,26,266.05,6917.3,15,23.9,0,6,Tuesday,1,0,No Promotion
2025-06-03,Clothing,Delhi,49,44.7,2190.3,37,41.2,0,6,Tuesday,1,0,No Promotion
2025-06-03,Groceries,Mumbai,165,12.5,2062.5,80,35.0,0,6,Tuesday,1,0,No Promotion
2025-06-03,Furniture,Mumbai,8,385.91,3087.28,5,34.6,0,6,Tuesday,1,0,No Promotion
2025-06-03,Toys,Delhi,33,31.02,1023.66,14,28.8,0,6,Tuesday,1,0,No Promotion
2025-06-04,Electronics,Bengaluru,17,239.74,4075.58,14,26.1,0,6,Wednesday,2,0,No Promotion
2025-06-04,Clothing,Chennai,39,46.8,1825.1999999999998,21,28.0,0,6,Wednesday,2,0,No Promotion
2025-06-04,Groceries,Hyderabad,186,12.93,2404.98,97,25.4,0,6,Wednesday,2,0,No Promotion
2025-06-04,Furniture,Hyderabad,8,339.23,2713.84,7,29.4,0,6,Wednesday,2,0,No Promotion
2025-06-04,Toys,Bengaluru,27,29.66,800.82,23,43.1,0,6,Wednesday,2,0,No Promotion
2025-06-05,Electronics,Bengaluru,25,260.41,6510.250000000001,15,41.0,0,6,Thursday,3,0,No Promotion
2025-06-05,Clothing,Bengaluru,50,41.6,2080.0,26,25.6,0,6,Thursday,3,0,No Promotion
2025-06-05,Groceries,Hyderabad,142,12.28,1743.76,67,48.9,0,6,Thursday,3,0,No Promotion
2025-06-05,Furniture,Bengaluru,8,393.34,3146.72,4,36.2,0,6,Thursday,3,0,No Promotion
2025-06-05,Toys,Hyderabad,31,27.46,851.26,26,26.9,0,6,Thursday,3,0,No Promotion
2025-06-06,Electronics,Delhi,21,239.31,5025.51,12,34.75,0,6,Friday,4,0,No Promotion
2025-06-06,Clothing,Hyderabad,49,47.24,2314.76,20,31.3,0,6,Friday,4,0,No Promotion
2025-06-06,Groceries,Chennai,129,13.03,1680.87,63,21.8,0,6,Friday,4,0,No Promotion
2025-06-06,Furniture,Bengaluru,4,377.61,1510.44,3,28.1,0,6,Friday,4,0,No Promotion
2025-06-06,Toys,Mumbai,37,29.61,1095.57,29,37.8,0,6,Friday,4,0,No Promotion
2025-06-07,Electronics,Chennai,29,240.48,6973.92,15,27.8,0,6,Saturday,5,1,No Promotion
2025-06-07,Clothing,Bengaluru,72,44.52,3205.44,31,25.7,0,6,Saturday,5,1,No Promotion
2025-06-07,Groceries,Delhi,160,11.78,1884.8,77,31.7,0,6,Saturday,5,1,No Promotion
2025-06-07,Furniture,Bengaluru,6,356.26,2137.56,3,30.4,0,6,Saturday,5,1,No Promotion
2025-06-07,Toys,Chennai,42,30.3,1272.6000000000001,20,23.8,0,6,Saturday,5,1,No Promotion
2025-06-08,Electronics,Mumbai,28,247.04,6917.12,15,22.0,0,6,Sunday,6,1,No Promotion
2025-06-08,Clothing,Delhi,54,42.58,2299.3199999999997,24,39.5,0,6,Sunday,6,1,No Promotion
2025-06-08,Groceries,Chennai,220,12.03,2646.6,168,35.2,0,6,Sunday,6,1,No Promotion
2025-06-08,Furniture,Chennai,3,374.84,1124.52,2,15.6,0,6,Sunday,6,1,No Promotion
2025-06-08,Toys,Hyderabad,38,31.88,1211.44,26,39.5,0,6,Sunday,6,1,No Promotion
2025-06-09,Electronics,Mumbai,19,262.64,4990.16,10,29.6,0,6,Monday,0,0,No Promotion
2025-06-09,Clothing,Hyderabad,48,44.55,2138.3999999999996,37,32.6,0,6,Monday,0,0,No Promotion
2025-06-09,Groceries,Mumbai,179,12.9,2309.1,76,36.2,0,6,Monday,0,0,No Promotion
2025-06-09,Furniture,Hyderabad,10,345.5,3455.0,4,25.1,0,6,Monday,0,0,No Promotion
2025-06-09,Toys,Mumbai,33,30.8,1016.4,22,27.1,0,6,Monday,0,0,No Promotion
2025-06-10,Electronics,Hyderabad,19,247.69,4706.11,11,35.5,0,6,Tuesday,1,0,No Promotion
2025-06-10,Clothing,Bengaluru,48,47.26,2268.48,31,44.4,0,6,Tuesday,1,0,No Promotion
2025-06-10,Groceries,Delhi,144,11.33,1631.52,68,46.3,0,6,Tuesday,1,0,No Promotion
2025-06-10,Furniture,Mumbai,4,386.79,1547.16,2,38.2,0,6,Tuesday,1,0,No Promotion
2025-06-10,Toys,Delhi,24,32.34,776.1600000000001,11,34.8,0,6,Tuesday,1,0,No Promotion
2025-06-11,Electronics,Delhi,24,248.21,5957.04,13,23.2,0,6,Wednesday,2,0,No Promotion
2025-06-11,Clothing,Mumbai,41,44.36,1818.76,24,46.0,0,6,Wednesday,2,0,No Promotion
2025-06-11,Groceries,Mumbai,155,12.94,2005.6999999999998,65,47.5,0,6,Wednesday,2,0,No Promotion
2025-06-11,Furniture,Chennai,6,381.6,2289.6000000000004,4,40.3,0,6,Wednesday,2,0,No Promotion
2025-06-11,Toys,Hyderabad,33,32.95,1087.3500000000001,18,38.6,0,6,Wednesday,2,0,No Promotion
2025-06-12,Electronics,Chennai,18,251.66,4529.88,8,26.5,0,6,Thursday,3,0,No Promotion
2025-06-12,Clothing,Hyderabad,46,41.05,1888.3,41,52.4,0,6,Thursday,3,0,No Promotion
2025-06-12,Groceries,Hyderabad,164,11.99,1966.3600000000001,72,28.4,0,6,Thursday,3,0,No Promotion
2025-06-12,Furniture,Hyderabad,3,381.12,1143.3600000000001,2,51.7,0,6,Thursday,3,0,No Promotion
2025-06-12,Toys,Delhi,29,29.04,842.16,15,8.3,0,6,Thursday,3,0,No Promotion
2025-06-13,Electronics,Delhi,24,280.51,6732.24,12,22.8,0,6,Friday,4,0,No Promotion
2025-06-13,Clothing,Delhi,47,44.81,2106.07,25,39.2,0,6,Friday,4,0,No Promotion
2025-06-13,Groceries,Hyderabad,132,10.81,1426.92,79,13.3,0,6,Friday,4,0,No Promotion
2025-06-13,Furniture,Chennai,12,387.78,4653.36,7,36.5,0,6,Friday,4,0,No Promotion
2025-06-13,Toys,Mumbai,35,29.36,1027.6,31,24.7,0,6,Friday,4,0,No Promotion
2025-06-14,Electronics,Delhi,28,258.0,7224.0,25,29.7,0,6,Saturday,5,1,No Promotion
2025-06-14,Clothing,Delhi,57,46.48,2649.3599999999997,32,11.3,0,6,Saturday,5,1,No Promotion
2025-06-14,Groceries,Chennai,182,11.87,2160.3399999999997,81,40.9,0,6,Saturday,5,1,No Promotion
2025-06-14,Furniture,Chennai,11,383.99,4223.89,5,39.5,0,6,Saturday,5,1,No Promotion
2025-06-14,Toys,Delhi,37,31.03,1148.1100000000001,15,33.7,0,6,Saturday,5,1,No Promotion
2025-06-15,Electronics,Delhi,29,238.48,6915.92,12,46.6,0,6,Sunday,6,1,No Promotion
2025-06-15,Clothing,Mumbai,56,43.56,2439.36,40,44.6,0,6,Sunday,6,1,No Promotion
2025-06-15,Groceries,Bengaluru,212,12.45,2639.3999999999996,90,30.2,0,6,Sunday,6,1,No Promotion
2025-06-15,Furniture,Mumbai,12,373.75,4485.0,10,28.8,0,6,Sunday,6,1,No Promotion
2025-06-15,Toys,Chennai,36,30.26,1089.3600000000001,25,22.8,0,6,Sunday,6,1,No Promotion
2025-06-16,Electronics,Hyderabad,19,270.09,5131.709999999999,10,31.2,0,6,Monday,0,0,No Promotion
2025-06-16,Clothing,Chennai,52,43.93,2284.36,39,33.0,0,6,Monday,0,0,No Promotion
2025-06-16,Groceries,Delhi,145,11.64,1687.8000000000002,62,44.8,0,6,Monday,0,0,No Promotion
2025-06-16,Furniture,Chennai,8,366.02,2928.16,4,42.1,0,6,Monday,0,0,No Promotion
2025-06-16,Toys,Delhi,20,28.41,568.2,8,44.4,0,6,Monday,0,0,No Promotion
2025-06-17,Electronics,Chennai,28,258.99,7251.72,20,40.9,1,6,Tuesday,1,0,Promotion
2025-06-17,Clothing,Delhi,77,44.86,3454.22,49,27.8,1,6,Tuesday,1,0,Promotion
2025-06-17,Groceries,Bengaluru,221,11.81,2610.01,130,37.7,1,6,Tuesday,1,0,Promotion
2025-06-17,Furniture,Chennai,12,384.43,4613.16,6,39.5,1,6,Tuesday,1,0,Promotion
2025-06-17,Toys,Chennai,42,28.66,1203.72,19,33.1,1,6,Tuesday,1,0,Promotion
2025-06-18,Electronics,Mumbai,18,258.8,4658.400000000001,9,31.8,0,6,Wednesday,2,0,No Promotion
2025-06-18,Clothing,Chennai,53,45.54,2413.62,42,33.5,0,6,Wednesday,2,0,No Promotion
2025-06-18,Groceries,Delhi,154,11.18,1721.72,121,36.4,0,6,Wednesday,2,0,No Promotion
2025-06-18,Furniture,Chennai,6,368.01,2208.06,4,32.2,0,6,Wednesday,2,0,No Promotion
2025-06-18,Toys,Bengaluru,27,30.37,819.99,15,45.4,0,6,Wednesday,2,0,No Promotion
2025-06-19,Electronics,Delhi,15,253.82,3807.2999999999997,10,48.1,0,6,Thursday,3,0,No Promotion
2025-06-19,Clothing,Bengaluru,57,48.07,2739.9900000000002,51,34.7,0,6,Thursday,3,0,No Promotion
2025-06-19,Groceries,Chennai,141,12.63,1780.8300000000002,73,43.0,0,6,Thursday,3,0,No Promotion
2025-06-19,Furniture,Bengaluru,5,375.42,1877.1000000000001,3,45.0,0,6,Thursday,3,0,No Promotion
2025-06-19,Toys,Mumbai,35,28.76,1006.6,19,34.8,0,6,Thursday,3,0,No Promotion
2025-06-20,Electronics,Bengaluru,31,241.27,7479.37,22,37.2,1,6,Friday,4,0,Promotion
2025-06-20,Clothing,Delhi,66,44.61,2944.2599999999998,28,30.4,1,6,Friday,4,0,Promotion
2025-06-20,Groceries,Chennai,260,11.47,2982.2000000000003,181,47.5,1,6,Friday,4,0,Promotion
2025-06-20,Furniture,Chennai,7,353.21,2472.47,4,60.4,1,6,Friday,4,0,Promotion
2025-06-20,Toys,Bengaluru,47,32.79,1541.1299999999999,19,35.3,1,6,Friday,4,0,Promotion
2025-06-21,Electronics,Hyderabad,23,250.62,5764.26,9,44.9,0,6,Saturday,5,1,No Promotion
2025-06-21,Clothing,Mumbai,67,41.04,2749.68,42,34.6,0,6,Saturday,5,1,No Promotion
2025-06-21,Groceries,Mumbai,172,11.99,2062.28,104,11.9,0,6,Saturday,5,1,No Promotion
2025-06-21,Furniture,Bengaluru,16,360.58,5769.28,7,47.5,0,6,Saturday,5,1,No Promotion
2025-06-21,Toys,Bengaluru,41,31.09,1274.69,27,58.6,0,6,Saturday,5,1,No Promotion
2025-06-22,Electronics,Delhi,35,257.77,9021.949999999999,27,36.4,1,6,Sunday,6,1,Promotion
2025-06-22,Clothing,Chennai,97,43.75,4243.75,44,34.3,1,6,Sunday,6,1,Promotion
2025-06-22,Groceries,Mumbai,243,12.18,2959.74,197,31.9,1,6,Sunday,6,1,Promotion
2025-06-22,Furniture,Chennai,16,411.07,6577.12,11,50.8,1,6,Sunday,6,1,Promotion
2025-06-22,Toys,Bengaluru,54,29.92,1615.68,28,37.7,1,6,Sunday,6,1,Promotion
2025-06-23,Electronics,Hyderabad,23,248.44,5714.12,13,23.5,0,6,Monday,0,0,No Promotion
2025-06-23,Clothing,Hyderabad,45,42.36,1906.2,27,36.8,0,6,Monday,0,0,No Promotion
2025-06-23,Groceries,Bengaluru,116,12.49,1448.84,69,31.3,0,6,Monday,0,0,No Promotion
2025-06-23,Furniture,Hyderabad,8,359.21,2873.68,7,29.1,0,6,Monday,0,0,No Promotion
2025-06-23,Toys,Chennai,24,34.12,818.8799999999999,10,36.1,0,6,Monday,0,0,No Promotion
2025-06-24,Electronics,Mumbai,25,226.72,5668.0,11,39.9,0,6,Tuesday,1,0,No Promotion
2025-06-24,Clothing,Mumbai,49,41.31,2024.19,32,30.9,0,6,Tuesday,1,0,No Promotion
2025-06-24,Groceries,Mumbai,159,12.96,2060.6400000000003,108,36.9,0,6,Tuesday,1,0,No Promotion
2025-06-24,Furniture,Mumbai,8,358.9,2871.2,5,58.4,0,6,Tuesday,1,0,No Promotion
2025-06-24,Toys,Delhi,26,30.44,791.44,20,35.0,0,6,Tuesday,1,0,No Promotion
2025-06-25,Electronics,Hyderabad,14,268.55,3759.7000000000003,8,27.3,0,6,Wednesday,2,0,No Promotion
2025-06-25,Clothing,Bengaluru,43,50.94,2190.42,23,24.7,0,6,Wednesday,2,0,No Promotion
2025-06-25,Groceries,Bengaluru,139,12.18,1693.02,61,36.6,0,6,Wednesday,2,0,No Promotion
2025-06-25,Furniture,Bengaluru,10,385.34,3853.3999999999996,5,30.8,0,6,Wednesday,2,0,No Promotion
2025-06-25,Toys,Mumbai,36,29.98,1079.28,22,44.9,0,6,Wednesday,2,0,No Promotion
2025-06-26,Electronics,Mumbai,23,241.0,5543.0,12,35.9,0,6,Thursday,3,0,No Promotion
2025-06-26,Clothing,Chennai,42,42.2,1772.4,35,33.2,0,6,Thursday,3,0,No Promotion
2025-06-26,Groceries,Mumbai,149,11.25,1676.25,72,22.8,0,6,Thursday,3,0,No Promotion
2025-06-26,Furniture,Bengaluru,13,373.11,4850.43,5,49.2,0,6,Thursday,3,0,No Promotion
2025-06-26,Toys,Hyderabad,38,29.63,1125.94,23,35.3,0,6,Thursday,3,0,No Promotion
2025-06-27,Electronics,Mumbai,22,243.69,5361.18,9,53.2,0,6,Friday,4,0,No Promotion
2025-06-27,Clothing,Bengaluru,47,43.46,2042.6200000000001,32,37.3,0,6,Friday,4,0,No Promotion
2025-06-27,Groceries,Hyderabad,131,11.74,1537.94,57,36.9,0,6,Friday,4,0,No Promotion
2025-06-27,Furniture,Delhi,6,386.73,2320.38,3,46.5,0,6,Friday,4,0,No Promotion
2025-06-27,Toys,Bengaluru,34,32.26,1096.84,31,43.3,0,6,Friday,4,0,No Promotion
2025-06-28,Electronics,Mumbai,28,253.81,7106.68,18,16.6,0,6,Saturday,5,1,No Promotion
2025-06-28,Clothing,Bengaluru,60,44.04,2642.4,39,21.8,0,6,Saturday,5,1,No Promotion
2025-06-28,Groceries,Mumbai,172,11.09,1907.48,150,11.4,0,6,Saturday,5,1,No Promotion
2025-06-28,Furniture,Mumbai,9,380.84,3427.56,5,40.7,0,6,Saturday,5,1,No Promotion
2025-06-28,Toys,Hyderabad,37,30.32,1121.84,28,49.9,0,6,Saturday,5,1,No Promotion
2025-06-29,Electronics,Delhi,28,262.52,7350.5599999999995,12,34.9,0,6,Sunday,6,1,No Promotion
2025-06-29,Clothing,Bengaluru,61,45.19,2756.5899999999997,33,24.6,0,6,Sunday,6,1,No Promotion
2025-06-29,Groceries,Hyderabad,180,12.73,2291.4,114,46.4,0,6,Sunday,6,1,No Promotion
2025-06-29,Furniture,Mumbai,11,364.03,4004.33,7,29.1,0,6,Sunday,6,1,No Promotion
2025-06-29,Toys,Chennai,46,31.65,1455.8999999999999,30,35.4,0,6,Sunday,6,1,No Promotion
2025-06-30,Electronics,Bengaluru,19,255.08,4846.52,8,51.0,0,6,Monday,0,0,No Promotion
2025-06-30,Clothing,Chennai,53,40.98,2171.94,26,30.6,0,6,Monday,0,0,No Promotion
2025-06-30,Groceries,Bengaluru,145,12.82,1858.9,82,38.6,0,6,Monday,0,0,No Promotion
2025-06-30,Furniture,Bengaluru,6,375.02,2250.12,3,39.6,0,6,Monday,0,0,No Promotion
2025-06-30,Toys,Bengaluru,27,30.24,816.4799999999999,20,34.7,0,6,Monday,0,0,No Promotion
2025-07-01,Electronics,Delhi,24,235.79,5658.96,15,43.7,0,7,Tuesday,1,0,No Promotion
2025-07-01,Clothing,Bengaluru,44,44.9,1975.6,30,30.8,0,7,Tuesday,1,0,No Promotion
2025-07-01,Groceries,Chennai,133,11.02,1465.6599999999999,68,30.3,0,7,Tuesday,1,0,No Promotion
2025-07-01,Furniture,Bengaluru,9,389.57,3506.13,4,18.4,0,7,Tuesday,1,0,No Promotion
2025-07-01,Toys,Mumbai,22,33.93,746.46,9,34.6,0,7,Tuesday,1,0,No Promotion
2025-07-02,Electronics,Mumbai,22,248.59,5468.9800000000005,14,45.8,0,7,Wednesday,2,0,No Promotion
2025-07-02,Clothing,Mumbai,46,43.2,1987.2,39,35.8,0,7,Wednesday,2,0,No Promotion
2025-07-02,Groceries,Bengaluru,127,12.43,1578.61,52,29.5,0,7,Wednesday,2,0,No Promotion
2025-07-02,Furniture,Bengaluru,2,373.9,747.8,1,40.6,0,7,Wednesday,2,0,No Promotion
2025-07-02,Toys,Mumbai,27,29.56,798.12,15,41.3,0,7,Wednesday,2,0,No Promotion
2025-07-03,Electronics,Hyderabad,19,263.52,5006.879999999999,13,49.9,0,7,Thursday,3,0,No Promotion
2025-07-03,Clothing,Mumbai,43,47.87,2058.41,37,27.4,0,7,Thursday,3,0,No Promotion
2025-07-03,Groceries,Bengaluru,131,12.53,1641.4299999999998,78,36.2,0,7,Thursday,3,0,No Promotion
2025-07-03,Furniture,Delhi,4,387.71,1550.84,2,33.9,0,7,Thursday,3,0,No Promotion
2025-07-03,Toys,Hyderabad,31,31.37,972.47,13,54.6,0,7,Thursday,3,0,No Promotion
2025-07-04,Electronics,Delhi,18,237.21,4269.78,12,32.8,0,7,Friday,4,0,No Promotion
2025-07-04,Clothing,Delhi,41,44.85,1838.8500000000001,26,30.1,0,7,Friday,4,0,No Promotion
2025-07-04,Groceries,Hyderabad,107,11.86,1269.02,48,23.9,0,7,Friday,4,0,No Promotion
2025-07-04,Furniture,Delhi,15,369.07,5536.05,7,31.0,0,7,Friday,4,0,No Promotion
2025-07-04,Toys,Chennai,33,29.79,983.0699999999999,14,24.3,0,7,Friday,4,0,No Promotion
2025-07-05,Electronics,Bengaluru,22,253.25,5571.5,10,37.5,0,7,Saturday,5,1,No Promotion
2025-07-05,Clothing,Delhi,51,43.23,2204.73,43,31.2,0,7,Saturday,5,1,No Promotion
2025-07-05,Groceries,Hyderabad,154,12.78,1968.12,93,38.2,0,7,Saturday,5,1,No Promotion
2025-07-05,Furniture,Hyderabad,10,387.81,3878.1,7,54.6,0,7,Saturday,5,1,No Promotion
2025-07-05,Toys,Mumbai,33,32.5,1072.5,19,35.6,0,7,Saturday,5,1,No Promotion
2025-07-06,Electronics,Bengaluru,34,258.5,8789.0,25,36.7,1,7,Sunday,6,1,Promotion
2025-07-06,Clothing,Mumbai,71,49.8,3535.7999999999997,57,38.0,1,7,Sunday,6,1,Promotion
2025-07-06,Groceries,Delhi,201,11.98,2407.98,161,19.5,1,7,Sunday,6,1,Promotion
2025-07-06,Furniture,Mumbai,14,345.71,4839.94,11,38.7,1,7,Sunday,6,1,Promotion
2025-07-06,Toys,Mumbai,39,28.04,1093.56,25,37.3,1,7,Sunday,6,1,Promotion
2025-07-07,Electronics,Hyderabad,18,248.69,4476.42,10,33.1,0,7,Monday,0,0,No Promotion
2025-07-07,Clothing,Hyderabad,43,44.58,1916.9399999999998,30,35.0,0,7,Monday,0,0,No Promotion
2025-07-07,Groceries,Chennai,147,12.14,1784.5800000000002,76,31.7,0,7,Monday,0,0,No Promotion
2025-07-07,Furniture,Bengaluru,3,405.78,1217.34,2,48.8,0,7,Monday,0,0,No Promotion
2025-07-07,Toys,Mumbai,21,29.63,622.23,9,21.3,0,7,Monday,0,0,No Promotion
2025-07-08,Electronics,Hyderabad,22,267.08,5875.759999999999,11,31.6,0,7,Tuesday,1,0,No Promotion
2025-07-08,Clothing,Delhi,44,49.01,2156.44,29,36.8,0,7,Tuesday,1,0,No Promotion
2025-07-08,Groceries,Delhi,143,11.22,1604.46,70,36.8,0,7,Tuesday,1,0,No Promotion
2025-07-08,Furniture,Chennai,6,378.16,2268.96,3,41.7,0,7,Tuesday,1,0,No Promotion
2025-07-08,Toys,Chennai,29,30.42,882.1800000000001,12,47.4,0,7,Tuesday,1,0,No Promotion
2025-07-09,Electronics,Hyderabad,23,230.32,5297.36,9,29.6,0,7,Wednesday,2,0,No Promotion
2025-07-09,Clothing,Delhi,40,46.69,1867.6,22,33.9,0,7,Wednesday,2,0,No Promotion
2025-07-09,Groceries,Bengaluru,113,11.63,1314.19,55,28.4,0,7,Wednesday,2,0,No Promotion
2025-07-09,Furniture,Chennai,10,358.79,3587.9,5,40.8,0,7,Wednesday,2,0,No Promotion
2025-07-09,Toys,Delhi,24,33.2,796.8000000000001,11,32.4,0,7,Wednesday,2,0,No Promotion
2025-07-10,Electronics,Bengaluru,17,256.15,4354.549999999999,7,46.3,0,7,Thursday,3,0,No Promotion
2025-07-10,Clothing,Bengaluru,42,52.18,2191.56,29,37.9,0,7,Thursday,3,0,No Promotion
2025-07-10,Groceries,Mumbai,161,12.66,2038.26,124,20.7,0,7,Thursday,3,0,No Promotion
2025-07-10,Furniture,Bengaluru,6,351.55,2109.3,3,10.9,0,7,Thursday,3,0,No Promotion
2025-07-10,Toys,Chennai,29,30.78,892.62,17,32.7,0,7,Thursday,3,0,No Promotion
2025-07-11,Electronics,Bengaluru,25,240.84,6021.0,13,41.1,1,7,Friday,4,0,Promotion
2025-07-11,Clothing,Mumbai,50,43.76,2188.0,28,36.7,1,7,Friday,4,0,Promotion
2025-07-11,Groceries,Hyderabad,162,12.74,2063.88,127,31.9,1,7,Friday,4,0,Promotion
2025-07-11,Furniture,Delhi,9,350.23,3152.07,8,51.5,1,7,Friday,4,0,Promotion
2025-07-11,Toys,Delhi,38,27.77,1055.26,28,48.5,1,7,Friday,4,0,Promotion
2025-07-12,Electronics,Hyderabad,24,246.87,5924.88,12,38.8,0,7,Saturday,5,1,No Promotion
2025-07-12,Clothing,Chennai,51,43.39,2212.89,24,41.6,0,7,Saturday,5,1,No Promotion
2025-07-12,Groceries,Hyderabad,135,11.31,1526.8500000000001,60,41.2,0,7,Saturday,5,1,No Promotion
2025-07-12,Furniture,Mumbai,12,393.62,4723.4400000000005,5,44.4,0,7,Saturday,5,1,No Promotion
2025-07-12,Toys,Chennai,36,30.43,1095.48,17,22.7,0,7,Saturday,5,1,No Promotion
2025-07-13,Electronics,Bengaluru,24,244.14,5859.36,18,48.8,1,7,Sunday,6,1,Promotion
2025-07-13,Clothing,Bengaluru,85,47.36,4025.6,69,48.7,1,7,Sunday,6,1,Promotion
2025-07-13,Groceries,Hyderabad,203,11.54,2342.62,82,29.9,1,7,Sunday,6,1,Promotion
2025-07-13,Furniture,Hyderabad,14,371.98,5207.72,10,33.3,1,7,Sunday,6,1,Promotion
2025-07-13,Toys,Bengaluru,42,34.98,1469.1599999999999,17,32.7,1,7,Sunday,6,1,Promotion
2025-07-14,Electronics,Bengaluru,16,244.69,3915.04,10,39.5,0,7,Monday,0,0,No Promotion
2025-07-14,Clothing,Chennai,49,43.3,2121.7,31,23.8,0,7,Monday,0,0,No Promotion
2025-07-14,Groceries,Chennai,137,12.59,1724.83,92,32.6,0,7,Monday,0,0,No Promotion
2025-07-14,Furniture,Delhi,8,370.19,2961.52,4,43.6,0,7,Monday,0,0,No Promotion
2025-07-14,Toys,Chennai,24,29.27,702.48,15,51.1,0,7,Monday,0,0,No Promotion
2025-07-15,Electronics,Hyderabad,15,253.35,3800.25,7,51.4,0,7,Tuesday,1,0,No Promotion
2025-07-15,Clothing,Mumbai,34,40.7,1383.8000000000002,20,22.0,0,7,Tuesday,1,0,No Promotion
2025-07-15,Groceries,Delhi,112,11.44,1281.28,50,34.5,0,7,Tuesday,1,0,No Promotion
2025-07-15,Furniture,Bengaluru,4,372.07,1488.28,2,28.1,0,7,Tuesday,1,0,No Promotion
2025-07-15,Toys,Mumbai,24,28.83,691.92,11,33.7,0,7,Tuesday,1,0,No Promotion
2025-07-16,Electronics,Hyderabad,13,253.3,3292.9,9,40.8,0,7,Wednesday,2,0,No Promotion
2025-07-16,Clothing,Hyderabad,35,43.89,1536.15,25,28.8,0,7,Wednesday,2,0,No Promotion
2025-07-16,Groceries,Chennai,118,12.7,1498.6,56,41.7,0,7,Wednesday,2,0,No Promotion
2025-07-16,Furniture,Delhi,5,395.9,1979.5,4,51.0,0,7,Wednesday,2,0,No Promotion
2025-07-16,Toys,Mumbai,18,29.02,522.36,8,29.6,0,7,Wednesday,2,0,No Promotion
2025-07-17,Electronics,Bengaluru,14,261.71,3663.9399999999996,6,34.4,0,7,Thursday,3,0,No Promotion
2025-07-17,Clothing,Hyderabad,46,44.61,2052.06,41,41.5,0,7,Thursday,3,0,No Promotion
2025-07-17,Groceries,Chennai,145,11.47,1663.15,60,42.2,0,7,Thursday,3,0,No Promotion
2025-07-17,Furniture,Hyderabad,9,350.86,3157.7400000000002,5,40.4,0,7,Thursday,3,0,No Promotion
2025-07-17,Toys,Bengaluru,25,32.31,807.75,13,49.8,0,7,Thursday,3,0,No Promotion
2025-07-18,Electronics,Hyderabad,18,249.16,4484.88,7,25.9,0,7,Friday,4,0,No Promotion
2025-07-18,Clothing,Delhi,37,46.32,1713.84,19,40.3,0,7,Friday,4,0,No Promotion
2025-07-18,Groceries,Delhi,117,11.63,1360.71,56,32.8,0,7,Friday,4,0,No Promotion
2025-07-18,Furniture,Bengaluru,8,375.62,3004.96,4,19.0,0,7,Friday,4,0,No Promotion
2025-07-18,Toys,Bengaluru,20,28.35,567.0,11,35.3,0,7,Friday,4,0,No Promotion
2025-07-19,Electronics,Delhi,23,255.55,5877.650000000001,12,39.4,0,7,Saturday,5,1,No Promotion
2025-07-19,Clothing,Hyderabad,49,45.69,2238.81,29,20.3,0,7,Saturday,5,1,No Promotion
2025-07-19,Groceries,Hyderabad,145,11.51,1668.95,122,40.2,0,7,Saturday,5,1,No Promotion
2025-07-19,Furniture,Hyderabad,5,374.33,1871.6499999999999,2,32.4,0,7,Saturday,5,1,No Promotion
2025-07-19,Toys,Bengaluru,38,30.39,1154.82,17,33.0,0,7,Saturday,5,1,No Promotion
2025-07-20,Electronics,Mumbai,25,236.65,5916.25,20,31.2,0,7,Sunday,6,1,No Promotion
2025-07-20,Clothing,Mumbai,49,44.84,2197.1600000000003,22,20.7,0,7,Sunday,6,1,No Promotion
2025-07-20,Groceries,Hyderabad,138,11.93,1646.34,55,25.2,0,7,Sunday,6,1,No Promotion
2025-07-20,Furniture,Mumbai,8,335.84,2686.72,4,29.2,0,7,Sunday,6,1,No Promotion
2025-07-20,Toys,Mumbai,28,29.5,826.0,15,20.9,0,7,Sunday,6,1,No Promotion
2025-07-21,Electronics,Chennai,17,232.87,3958.79,8,37.3,0,7,Monday,0,0,No Promotion
2025-07-21,Clothing,Delhi,41,43.44,1781.04,24,50.5,0,7,Monday,0,0,No Promotion
2025-07-21,Groceries,Chennai,133,11.93,1586.69,115,22.0,0,7,Monday,0,0,No Promotion
2025-07-21,Furniture,Mumbai,0,356.3,0.0,1,42.8,0,7,Monday,0,0,No Promotion
2025-07-21,Toys,Bengaluru,22,30.13,662.86,9,38.2,0,7,Monday,0,0,No Promotion
2025-07-22,Electronics,Delhi,19,243.64,4629.16,11,29.0,0,7,Tuesday,1,0,No Promotion
2025-07-22,Clothing,Bengaluru,45,42.68,1920.6,22,42.8,0,7,Tuesday,1,0,No Promotion
2025-07-22,Groceries,Delhi,113,11.88,1342.44,53,35.4,0,7,Tuesday,1,0,No Promotion
2025-07-22,Furniture,Delhi,8,372.69,2981.52,5,40.1,0,7,Tuesday,1,0,No Promotion
2025-07-22,Toys,Chennai,25,30.14,753.5,21,13.9,0,7,Tuesday,1,0,No Promotion
2025-07-23,Electronics,Hyderabad,27,245.72,6634.44,24,36.9,1,7,Wednesday,2,0,Promotion
2025-07-23,Clothing,Delhi,60,42.26,2535.6,30,24.3,1,7,Wednesday,2,0,Promotion
2025-07-23,Groceries,Mumbai,152,12.02,1827.04,68,47.1,1,7,Wednesday,2,0,Promotion
2025-07-23,Furniture,Delhi,7,393.08,2751.56,4,24.1,1,7,Wednesday,2,0,Promotion
2025-07-23,Toys,Hyderabad,33,29.61,977.13,13,36.3,1,7,Wednesday,2,0,Promotion
2025-07-24,Electronics,Delhi,26,274.04,7125.040000000001,19,27.5,0,7,Thursday,3,0,No Promotion
2025-07-24,Clothing,Chennai,40,46.29,1851.6,30,27.2,0,7,Thursday,3,0,No Promotion
2025-07-24,Groceries,Hyderabad,122,12.76,1556.72,68,53.3,0,7,Thursday,3,0,No Promotion
2025-07-24,Furniture,Mumbai,4,380.51,1522.04,2,33.6,0,7,Thursday,3,0,No Promotion
2025-07-24,Toys,Chennai,29,31.39,910.3100000000001,18,25.9,0,7,Thursday,3,0,No Promotion
2025-07-25,Electronics,Bengaluru,18,246.99,4445.82,8,55.0,0,7,Friday,4,0,No Promotion
2025-07-25,Clothing,Hyderabad,35,43.82,1533.7,18,48.2,0,7,Friday,4,0,No Promotion
2025-07-25,Groceries,Bengaluru,140,13.11,1835.3999999999999,99,26.0,0,7,Friday,4,0,No Promotion
2025-07-25,Furniture,Mumbai,6,390.08,2340.48,4,39.4,0,7,Friday,4,0,No Promotion
2025-07-25,Toys,Chennai,17,28.94,491.98,10,42.4,0,7,Friday,4,0,No Promotion
2025-07-26,Electronics,Chennai,22,254.34,5595.4800000000005,15,35.2,0,7,Saturday,5,1,No Promotion
2025-07-26,Clothing,Delhi,50,45.4,2270.0,27,35.2,0,7,Saturday,5,1,No Promotion
2025-07-26,Groceries,Mumbai,182,12.41,2258.62,115,34.5,0,7,Saturday,5,1,No Promotion
2025-07-26,Furniture,Bengaluru,3,383.9,1151.6999999999998,2,28.5,0,7,Saturday,5,1,No Promotion
2025-07-26,Toys,Delhi,25,31.11,777.75,12,46.2,0,7,Saturday,5,1,No Promotion
2025-07-27,Electronics,Chennai,29,244.43,7088.47,13,20.6,0,7,Sunday,6,1,No Promotion
2025-07-27,Clothing,Chennai,57,43.93,2504.0099999999998,26,37.4,0,7,Sunday,6,1,No Promotion
2025-07-27,Groceries,Delhi,172,12.5,2150.0,78,34.1,0,7,Sunday,6,1,No Promotion
2025-07-27,Furniture,Bengaluru,7,394.12,2758.84,4,20.5,0,7,Sunday,6,1,No Promotion
2025-07-27,Toys,Delhi,33,30.05,991.65,23,45.2,0,7,Sunday,6,1,No Promotion
2025-07-28,Electronics,Chennai,22,236.95,5212.9,12,45.7,0,7,Monday,0,0,No Promotion
2025-07-28,Clothing,Hyderabad,51,45.13,2301.63,25,34.9,0,7,Monday,0,0,No Promotion
2025-07-28,Groceries,Chennai,122,13.09,1596.98,68,32.7,0,7,Monday,0,0,No Promotion
2025-07-28,Furniture,Bengaluru,3,370.15,1110.4499999999998,2,25.0,0,7,Monday,0,0,No Promotion
2025-07-28,Toys,Bengaluru,22,32.58,716.76,12,33.6,0,7,Monday,0,0,No Promotion
2025-07-29,Electronics,Hyderabad,16,247.1,3953.6,14,51.5,0,7,Tuesday,1,0,No Promotion
2025-07-29,Clothing,Chennai,51,44.86,2287.86,25,43.9,0,7,Tuesday,1,0,No Promotion
2025-07-29,Groceries,Chennai,152,11.65,1770.8,78,50.8,0,7,Tuesday,1,0,No Promotion
2025-07-29,Furniture,Chennai,4,375.31,1501.24,2,36.5,0,7,Tuesday,1,0,No Promotion
2025-07-29,Toys,Chennai,28,32.08,898.24,15,20.6,0,7,Tuesday,1,0,No Promotion
2025-07-30,Electronics,Delhi,20,241.98,4839.599999999999,9,26.3,0,7,Wednesday,2,0,No Promotion
2025-07-30,Clothing,Hyderabad,48,39.27,1884.96,29,30.3,0,7,Wednesday,2,0,No Promotion
2025-07-30,Groceries,Delhi,130,12.33,1602.9,56,34.2,0,7,Wednesday,2,0,No Promotion
2025-07-30,Furniture,Mumbai,8,346.09,2768.72,4,29.4,0,7,Wednesday,2,0,No Promotion
2025-07-30,Toys,Chennai,20,30.86,617.2,9,48.2,0,7,Wednesday,2,0,No Promotion
2025-07-31,Electronics,Chennai,20,280.21,5604.2,11,51.9,0,7,Thursday,3,0,No Promotion
2025-07-31,Clothing,Mumbai,48,44.98,2159.04,28,26.2,0,7,Thursday,3,0,No Promotion
2025-07-31,Groceries,Mumbai,161,12.46,2006.0600000000002,105,16.7,0,7,Thursday,3,0,No Promotion
2025-07-31,Furniture,Bengaluru,7,403.83,2826.81,3,38.7,0,7,Thursday,3,0,No Promotion
2025-07-31,Toys,Bengaluru,25,30.69,767.25,22,17.3,0,7,Thursday,3,0,No Promotion
2025-08-01,Electronics,Mumbai,26,265.69,6907.94,11,30.8,0,8,Friday,4,0,No Promotion
2025-08-01,Clothing,Delhi,54,45.7,2467.8,24,39.0,0,8,Friday,4,0,No Promotion
2025-08-01,Groceries,Hyderabad,168,12.93,2172.24,117,43.0,0,8,Friday,4,0,No Promotion
2025-08-01,Furniture,Hyderabad,5,393.81,1969.05,2,29.2,0,8,Friday,4,0,No Promotion
2025-08-01,Toys,Delhi,33,32.92,1086.3600000000001,19,52.2,0,8,Friday,4,0,No Promotion
2025-08-02,Electronics,Bengaluru,24,237.59,5702.16,10,37.8,0,8,Saturday,5,1,No Promotion
2025-08-02,Clothing,Delhi,65,43.97,2858.0499999999997,37,43.7,0,8,Saturday,5,1,No Promotion
2025-08-02,Groceries,Delhi,193,12.57,2426.01,97,33.4,0,8,Saturday,5,1,No Promotion
2025-08-02,Furniture,Bengaluru,14,378.08,5293.12,6,26.4,0,8,Saturday,5,1,No Promotion
2025-08-02,Toys,Chennai,35,28.84,1009.4,14,42.6,0,8,Saturday,5,1,No Promotion
2025-08-03,Electronics,Delhi,22,258.23,5681.06,13,27.3,0,8,Sunday,6,1,No Promotion
2025-08-03,Clothing,Bengaluru,63,43.33,2729.79,31,48.1,0,8,Sunday,6,1,No Promotion
2025-08-03,Groceries,Chennai,173,12.45,2153.85,140,39.9,0,8,Sunday,6,1,No Promotion
2025-08-03,Furniture,Hyderabad,8,358.04,2864.32,6,13.0,0,8,Sunday,6,1,No Promotion
2025-08-03,Toys,Hyderabad,52,30.85,1604.2,44,33.2,0,8,Sunday,6,1,No Promotion
2025-08-04,Electronics,Chennai,25,260.55,6513.75,16,32.7,0,8,Monday,0,0,No Promotion
2025-08-04,Clothing,Chennai,48,45.7,2193.6000000000004,34,47.9,0,8,Monday,0,0,No Promotion
2025-08-04,Groceries,Mumbai,155,12.26,1900.3,64,48.9,0,8,Monday,0,0,No Promotion
2025-08-04,Furniture,Chennai,6,364.02,2184.12,4,30.1,0,8,Monday,0,0,No Promotion
2025-08-04,Toys,Delhi,29,30.39,881.3100000000001,14,58.1,0,8,Monday,0,0,No Promotion
2025-08-05,Electronics,Delhi,24,249.44,5986.5599999999995,11,49.8,0,8,Tuesday,1,0,No Promotion
2025-08-05,Clothing,Delhi,47,40.44,1900.6799999999998,26,34.2,0,8,Tuesday,1,0,No Promotion
2025-08-05,Groceries,Delhi,151,11.8,1781.8000000000002,77,20.6,0,8,Tuesday,1,0,No Promotion
2025-08-05,Furniture,Mumbai,9,378.11,3402.9900000000002,5,47.6,0,8,Tuesday,1,0,No Promotion
2025-08-05,Toys,Mumbai,25,28.58,714.5,22,40.1,0,8,Tuesday,1,0,No Promotion
2025-08-06,Electronics,Delhi,20,236.21,4724.2,17,26.7,0,8,Wednesday,2,0,No Promotion
2025-08-06,Clothing,Mumbai,44,44.63,1963.72,37,46.2,0,8,Wednesday,2,0,No Promotion
2025-08-06,Groceries,Bengaluru,179,11.31,2024.49,103,21.6,0,8,Wednesday,2,0,No Promotion
2025-08-06,Furniture,Mumbai,10,362.04,3620.4,5,31.3,0,8,Wednesday,2,0,No Promotion
2025-08-06,Toys,Chennai,31,29.69,920.39,15,35.3,0,8,Wednesday,2,0,No Promotion
2025-08-07,Electronics,Delhi,24,238.62,5726.88,11,23.2,0,8,Thursday,3,0,No Promotion
2025-08-07,Clothing,Delhi,42,46.31,1945.02,17,17.3,0,8,Thursday,3,0,No Promotion
2025-08-07,Groceries,Chennai,132,12.72,1679.0400000000002,95,41.9,0,8,Thursday,3,0,No Promotion
2025-08-07,Furniture,Bengaluru,6,358.56,2151.36,5,43.1,0,8,Thursday,3,0,No Promotion
2025-08-07,Toys,Hyderabad,33,32.32,1066.56,23,17.2,0,8,Thursday,3,0,No Promotion
2025-08-08,Electronics,Mumbai,27,233.32,6299.639999999999,20,36.7,1,8,Friday,4,0,Promotion
2025-08-08,Clothing,Bengaluru,69,44.91,3098.79,31,38.7,1,8,Friday,4,0,Promotion
2025-08-08,Groceries,Delhi,205,12.44,2550.2,123,46.4,1,8,Friday,4,0,Promotion
2025-08-08,Furniture,Delhi,8,346.51,2772.08,6,30.2,1,8,Friday,4,0,Promotion
2025-08-08,Toys,Hyderabad,37,29.84,1104.08,22,40.0,1,8,Friday,4,0,Promotion
2025-08-09,Electronics,Bengaluru,18,264.07,4753.26,8,30.3,0,8,Saturday,5,1,No Promotion
2025-08-09,Clothing,Mumbai,66,47.71,3148.86,37,31.6,0,8,Saturday,5,1,No Promotion
2025-08-09,Groceries,Bengaluru,170,12.44,2114.7999999999997,82,23.1,0,8,Saturday,5,1,No Promotion
2025-08-09,Furniture,Chennai,4,393.19,1572.76,2,40.0,0,8,Saturday,5,1,No Promotion
2025-08-09,Toys,Delhi,33,30.64,1011.12,20,29.8,0,8,Saturday,5,1,No Promotion
2025-08-10,Electronics,Hyderabad,25,245.91,6147.75,14,31.3,0,8,Sunday,6,1,No Promotion
2025-08-10,Clothing,Bengaluru,71,44.56,3163.76,45,40.5,0,8,Sunday,6,1,No Promotion
2025-08-10,Groceries,Chennai,177,12.0,2124.0,74,35.7,0,8,Sunday,6,1,No Promotion
2025-08-10,Furniture,Bengaluru,5,395.36,1976.8000000000002,3,35.1,0,8,Sunday,6,1,No Promotion
2025-08-10,Toys,Hyderabad,41,30.93,1268.1299999999999,33,36.9,0,8,Sunday,6,1,No Promotion
2025-08-11,Electronics,Delhi,24,251.76,6042.24,11,33.8,0,8,Monday,0,0,No Promotion
2025-08-11,Clothing,Bengaluru,58,48.24,2797.92,30,22.5,0,8,Monday,0,0,No Promotion
2025-08-11,Groceries,Hyderabad,152,11.04,1678.08,111,30.1,0,8,Monday,0,0,No Promotion
2025-08-11,Furniture,Mumbai,7,379.52,2656.64,3,36.7,0,8,Monday,0,0,No Promotion
2025-08-11,Toys,Delhi,26,29.22,759.72,21,41.3,0,8,Monday,0,0,No Promotion
2025-08-12,Electronics,Bengaluru,20,260.86,5217.200000000001,10,27.8,0,8,Tuesday,1,0,No Promotion
2025-08-12,Clothing,Delhi,46,43.88,2018.48,40,45.1,0,8,Tuesday,1,0,No Promotion
2025-08-12,Groceries,Hyderabad,169,11.65,1968.8500000000001,114,31.4,0,8,Tuesday,1,0,No Promotion
2025-08-12,Furniture,Mumbai,7,376.68,2636.76,4,33.3,0,8,Tuesday,1,0,No Promotion
2025-08-12,Toys,Bengaluru,32,29.27,936.64,20,45.1,0,8,Tuesday,1,0,No Promotion
2025-08-13,Electronics,Chennai,20,254.17,5083.4,15,26.1,0,8,Wednesday,2,0,No Promotion
2025-08-13,Clothing,Chennai,55,41.98,2308.8999999999996,23,21.6,0,8,Wednesday,2,0,No Promotion
2025-08-13,Groceries,Mumbai,178,11.24,2000.72,74,45.7,0,8,Wednesday,2,0,No Promotion
2025-08-13,Furniture,Mumbai,9,404.39,3639.5099999999998,4,37.8,0,8,Wednesday,2,0,No Promotion
2025-08-13,Toys,Chennai,33,30.49,1006.17,20,47.4,0,8,Wednesday,2,0,No Promotion
2025-08-14,Electronics,Delhi,27,237.1,6401.7,13,27.7,0,8,Thursday,3,0,No Promotion
2025-08-14,Clothing,Delhi,53,41.0,2173.0,42,36.6,0,8,Thursday,3,0,No Promotion
2025-08-14,Groceries,Delhi,141,12.72,1793.52,62,30.0,0,8,Thursday,3,0,No Promotion
2025-08-14,Furniture,Delhi,11,363.27,3995.97,5,20.8,0,8,Thursday,3,0,No Promotion
2025-08-14,Toys,Hyderabad,33,31.19,1029.27,16,33.8,0,8,Thursday,3,0,No Promotion
2025-08-15,Electronics,Mumbai,28,263.82,7386.96,16,45.0,0,8,Friday,4,0,No Promotion
2025-08-15,Clothing,Hyderabad,52,43.74,2274.48,23,38.5,0,8,Friday,4,0,No Promotion
2025-08-15,Groceries,Mumbai,129,11.55,1489.95,59,47.8,0,8,Friday,4,0,No Promotion
2025-08-15,Furniture,Bengaluru,9,381.87,3436.83,4,21.3,0,8,Friday,4,0,No Promotion
2025-08-15,Toys,Mumbai,30,28.86,865.8,16,32.4,0,8,Friday,4,0,No Promotion
2025-08-16,Electronics,Chennai,33,251.76,8308.08,27,35.9,0,8,Saturday,5,1,No Promotion
2025-08-16,Clothing,Bengaluru,75,43.15,3236.25,39,28.2,0,8,Saturday,5,1,No Promotion
2025-08-16,Groceries,Chennai,179,12.25,2192.75,84,13.9,0,8,Saturday,5,1,No Promotion
2025-08-16,Furniture,Delhi,9,393.54,3541.86,4,46.9,0,8,Saturday,5,1,No Promotion
2025-08-16,Toys,Mumbai,28,31.9,893.1999999999999,16,27.8,0,8,Saturday,5,1,No Promotion
2025-08-17,Electronics,Delhi,27,232.84,6286.68,18,36.5,0,8,Sunday,6,1,No Promotion
2025-08-17,Clothing,Mumbai,61,48.23,2942.0299999999997,46,39.3,0,8,Sunday,6,1,No Promotion
2025-08-17,Groceries,Hyderabad,155,11.47,1777.8500000000001,78,37.1,0,8,Sunday,6,1,No Promotion
2025-08-17,Furniture,Chennai,8,372.32,2978.56,7,35.2,0,8,Sunday,6,1,No Promotion
2025-08-17,Toys,Bengaluru,40,28.9,1156.0,29,36.2,0,8,Sunday,6,1,No Promotion
2025-08-18,Electronics,Delhi,20,245.16,4903.2,9,16.3,0,8,Monday,0,0,No Promotion
2025-08-18,Clothing,Bengaluru,61,50.18,3060.98,28,41.2,0,8,Monday,0,0,No Promotion
2025-08-18,Groceries,Delhi,151,12.03,1816.53,104,37.1,0,8,Monday,0,0,No Promotion
2025-08-18,Furniture,Chennai,4,367.57,1470.28,2,41.2,0,8,Monday,0,0,No Promotion
2025-08-18,Toys,Mumbai,33,32.47,1071.51,14,21.9,0,8,Monday,0,0,No Promotion
2025-08-19,Electronics,Chennai,26,255.12,6633.12,14,50.3,0,8,Tuesday,1,0,No Promotion
2025-08-19,Clothing,Hyderabad,61,49.68,3030.48,38,44.7,0,8,Tuesday,1,0,No Promotion
2025-08-19,Groceries,Chennai,155,11.3,1751.5,129,33.7,0,8,Tuesday,1,0,No Promotion
2025-08-19,Furniture,Hyderabad,6,383.03,2298.18,5,26.7,0,8,Tuesday,1,0,No Promotion
2025-08-19,Toys,Chennai,33,32.93,1086.69,25,42.8,0,8,Tuesday,1,0,No Promotion
2025-08-20,Electronics,Chennai,26,251.41,6536.66,15,26.1,0,8,Wednesday,2,0,No Promotion
2025-08-20,Clothing,Hyderabad,42,44.88,1884.96,24,33.2,0,8,Wednesday,2,0,No Promotion
2025-08-20,Groceries,Mumbai,140,11.97,1675.8000000000002,76,51.4,0,8,Wednesday,2,0,No Promotion
2025-08-20,Furniture,Hyderabad,9,383.36,3450.2400000000002,8,36.8,0,8,Wednesday,2,0,No Promotion
2025-08-20,Toys,Bengaluru,34,30.65,1042.1,17,53.0,0,8,Wednesday,2,0,No Promotion
2025-08-21,Electronics,Hyderabad,24,237.74,5705.76,13,42.0,0,8,Thursday,3,0,No Promotion
2025-08-21,Clothing,Bengaluru,46,44.51,2047.4599999999998,40,41.6,0,8,Thursday,3,0,No Promotion
2025-08-21,Groceries,Chennai,172,12.59,2165.48,137,13.2,0,8,Thursday,3,0,No Promotion
2025-08-21,Furniture,Chennai,9,384.93,3464.37,4,26.9,0,8,Thursday,3,0,No Promotion
2025-08-21,Toys,Bengaluru,32,31.14,996.48,17,56.2,0,8,Thursday,3,0,No Promotion
2025-08-22,Electronics,Chennai,29,249.49,7235.21,19,26.3,1,8,Friday,4,0,Promotion
2025-08-22,Clothing,Hyderabad,74,48.07,3557.18,44,45.6,1,8,Friday,4,0,Promotion
2025-08-22,Groceries,Chennai,197,11.71,2306.8700000000003,153,18.9,1,8,Friday,4,0,Promotion
2025-08-22,Furniture,Bengaluru,5,387.56,1937.8,3,38.5,1,8,Friday,4,0,Promotion
2025-08-22,Toys,Chennai,42,28.48,1196.16,28,56.2,1,8,Friday,4,0,Promotion
2025-08-23,Electronics,Mumbai,22,265.35,5837.700000000001,12,23.3,0,8,Saturday,5,1,No Promotion
2025-08-23,Clothing,Chennai,72,46.82,3371.04,36,44.1,0,8,Saturday,5,1,No Promotion
2025-08-23,Groceries,Hyderabad,217,11.1,2408.7,87,21.4,0,8,Saturday,5,1,No Promotion
2025-08-23,Furniture,Chennai,5,381.29,1906.45,2,23.1,0,8,Saturday,5,1,No Promotion
2025-08-23,Toys,Hyderabad,45,31.18,1403.1,21,49.1,0,8,Saturday,5,1,No Promotion
2025-08-24,Electronics,Chennai,22,247.34,5441.4800000000005,10,31.4,0,8,Sunday,6,1,No Promotion
2025-08-24,Clothing,Hyderabad,61,46.49,2835.8900000000003,39,45.6,0,8,Sunday,6,1,No Promotion
2025-08-24,Groceries,Hyderabad,198,11.79,2334.4199999999996,136,26.0,0,8,Sunday,6,1,No Promotion
2025-08-24,Furniture,Delhi,10,343.1,3431.0,5,28.1,0,8,Sunday,6,1,No Promotion
2025-08-24,Toys,Mumbai,41,29.1,1193.1000000000001,17,38.7,0,8,Sunday,6,1,No Promotion
2025-08-25,Electronics,Mumbai,24,246.96,5927.04,18,49.5,0,8,Monday,0,0,No Promotion
2025-08-25,Clothing,Bengaluru,52,44.22,2299.44,35,34.6,0,8,Monday,0,0,No Promotion
2025-08-25,Groceries,Bengaluru,139,12.2,1695.8,60,49.1,0,8,Monday,0,0,No Promotion
2025-08-25,Furniture,Hyderabad,1,352.88,352.88,1,31.2,0,8,Monday,0,0,No Promotion
2025-08-25,Toys,Chennai,25,30.14,753.5,12,33.5,0,8,Monday,0,0,No Promotion
2025-08-26,Electronics,Delhi,20,252.95,5059.0,12,15.3,0,8,Tuesday,1,0,No Promotion
2025-08-26,Clothing,Bengaluru,45,41.48,1866.6,29,29.2,0,8,Tuesday,1,0,No Promotion
2025-08-26,Groceries,Delhi,137,12.01,1645.37,105,16.2,0,8,Tuesday,1,0,No Promotion
2025-08-26,Furniture,Bengaluru,3,373.39,1120.17,2,32.9,0,8,Tuesday,1,0,No Promotion
2025-08-26,Toys,Hyderabad,32,28.8,921.6,14,45.4,0,8,Tuesday,1,0,No Promotion
2025-08-27,Electronics,Chennai,20,240.6,4812.0,18,42.4,0,8,Wednesday,2,0,No Promotion
2025-08-27,Clothing,Hyderabad,59,42.7,2519.3,27,39.7,0,8,Wednesday,2,0,No Promotion
2025-08-27,Groceries,Hyderabad,180,11.46,2062.8,86,33.5,0,8,Wednesday,2,0,No Promotion
2025-08-27,Furniture,Bengaluru,5,372.9,1864.5,3,39.7,0,8,Wednesday,2,0,No Promotion
2025-08-27,Toys,Mumbai,32,30.74,983.68,22,37.9,0,8,Wednesday,2,0,No Promotion
2025-08-28,Electronics,Bengaluru,20,248.35,4967.0,17,34.75,0,8,Thursday,3,0,No Promotion
2025-08-28,Clothing,Chennai,47,44.68,2099.96,42,35.4,0,8,Thursday,3,0,No Promotion
2025-08-28,Groceries,Bengaluru,136,11.7,1591.1999999999998,101,36.9,0,8,Thursday,3,0,No Promotion
2025-08-28,Furniture,Chennai,8,352.93,2823.44,3,32.5,0,8,Thursday,3,0,No Promotion
2025-08-28,Toys,Hyderabad,29,31.71,919.59,22,37.5,0,8,Thursday,3,0,No Promotion
2025-08-29,Electronics,Bengaluru,21,261.83,5498.429999999999,13,31.5,0,8,Friday,4,0,No Promotion
2025-08-29,Clothing,Hyderabad,51,43.39,2212.89,29,42.3,0,8,Friday,4,0,No Promotion
2025-08-29,Groceries,Hyderabad,99,11.2,1108.8,67,34.3,0,8,Friday,4,0,No Promotion
2025-08-29,Furniture,Hyderabad,10,369.42,3694.2000000000003,6,31.7,0,8,Friday,4,0,No Promotion
2025-08-29,Toys,Chennai,37,31.24,1155.8799999999999,32,35.3,0,8,Friday,4,0,No Promotion
2025-08-30,Electronics,Mumbai,23,245.11,5637.530000000001,18,38.5,0,8,Saturday,5,1,No Promotion
2025-08-30,Clothing,Chennai,70,44.71,3129.7000000000003,31,32.0,0,8,Saturday,5,1,No Promotion
2025-08-30,Groceries,Hyderabad,176,11.54,2031.04,85,40.5,0,8,Saturday,5,1,No Promotion
2025-08-30,Furniture,Bengaluru,12,363.8,4365.6,7,47.0,0,8,Saturday,5,1,No Promotion
2025-08-30,Toys,Chennai,39,27.34,1066.26,24,28.5,0,8,Saturday,5,1,No Promotion
2025-08-31,Electronics,Chennai,20,258.76,5175.2,13,30.8,0,8,Sunday,6,1,No Promotion
2025-08-31,Clothing,Bengaluru,57,46.92,2674.44,29,28.9,0,8,Sunday,6,1,No Promotion
2025-08-31,Groceries,Hyderabad,203,12.38,2513.1400000000003,153,32.3,0,8,Sunday,6,1,No Promotion
2025-08-31,Furniture,Chennai,11,405.94,4465.34,5,24.8,0,8,Sunday,6,1,No Promotion
2025-08-31,Toys,Bengaluru,38,29.71,1128.98,15,55.1,0,8,Sunday,6,1,No Promotion
2025-09-01,Electronics,Mumbai,21,235.31,4941.51,14,41.9,0,9,Monday,0,0,No Promotion
2025-09-01,Clothing,Chennai,61,47.66,2907.2599999999998,40,4.1,0,9,Monday,0,0,No Promotion
2025-09-01,Groceries,Mumbai,151,12.92,1950.92,81,25.6,0,9,Monday,0,0,No Promotion
2025-09-01,Furniture,Delhi,11,396.28,4359.08,8,50.3,0,9,Monday,0,0,No Promotion
2025-09-01,Toys,Mumbai,30,32.61,978.3,18,47.1,0,9,Monday,0,0,No Promotion
2025-09-02,Electronics,Delhi,24,246.88,5925.12,16,28.0,0,9,Tuesday,1,0,No Promotion
2025-09-02,Clothing,Chennai,46,46.16,2123.3599999999997,33,24.8,0,9,Tuesday,1,0,No Promotion
2025-09-02,Groceries,Mumbai,133,11.81,1570.73,56,32.8,0,9,Tuesday,1,0,No Promotion
2025-09-02,Furniture,Bengaluru,10,384.32,3843.2,5,27.1,0,9,Tuesday,1,0,No Promotion
2025-09-02,Toys,Hyderabad,29,30.75,891.75,15,32.5,0,9,Tuesday,1,0,No Promotion
2025-09-03,Electronics,Delhi,18,265.75,4783.5,8,38.2,0,9,Wednesday,2,0,No Promotion
2025-09-03,Clothing,Delhi,46,44.8,2060.7999999999997,33,42.6,0,9,Wednesday,2,0,No Promotion
2025-09-03,Groceries,Delhi,168,11.97,2010.96,150,18.2,0,9,Wednesday,2,0,No Promotion
2025-09-03,Furniture,Chennai,4,358.63,1434.52,2,19.8,0,9,Wednesday,2,0,No Promotion
2025-09-03,Toys,Mumbai,29,30.29,878.41,26,35.6,0,9,Wednesday,2,0,No Promotion
2025-09-04,Electronics,Bengaluru,34,246.61,8384.74,23,30.9,1,9,Thursday,3,0,Promotion
2025-09-04,Clothing,Mumbai,63,41.71,2627.73,50,23.0,1,9,Thursday,3,0,Promotion
2025-09-04,Groceries,Bengaluru,242,12.58,3044.36,110,39.5,1,9,Thursday,3,0,Promotion
2025-09-04,Furniture,Bengaluru,13,407.46,5296.98,9,39.6,1,9,Thursday,3,0,Promotion
2025-09-04,Toys,Bengaluru,54,28.51,1539.5400000000002,25,37.6,1,9,Thursday,3,0,Promotion
2025-09-05,Electronics,Delhi,20,276.27,5525.4,9,34.1,0,9,Friday,4,0,No Promotion
2025-09-05,Clothing,Mumbai,54,43.85,2367.9,30,38.4,0,9,Friday,4,0,No Promotion
2025-09-05,Groceries,Delhi,165,12.63,2083.9500000000003,106,47.6,0,9,Friday,4,0,No Promotion
2025-09-05,Furniture,Chennai,12,381.37,4576.4400000000005,9,48.8,0,9,Friday,4,0,No Promotion
2025-09-05,Toys,Hyderabad,26,33.13,861.3800000000001,13,52.8,0,9,Friday,4,0,No Promotion
2025-09-06,Electronics,Hyderabad,27,238.6,6442.2,12,44.7,0,9,Saturday,5,1,No Promotion
2025-09-06,Clothing,Delhi,53,43.69,2315.5699999999997,29,7.2,0,9,Saturday,5,1,No Promotion
2025-09-06,Groceries,Mumbai,197,11.69,2302.93,85,37.9,0,9,Saturday,5,1,No Promotion
2025-09-06,Furniture,Hyderabad,10,388.33,3883.2999999999997,4,30.9,0,9,Saturday,5,1,No Promotion
2025-09-06,Toys,Bengaluru,40,30.17,1206.8000000000002,19,42.3,0,9,Saturday,5,1,No Promotion
2025-09-07,Electronics,Delhi,32,249.19,7974.08,14,30.0,1,9,Sunday,6,1,Promotion
2025-09-07,Clothing,Mumbai,85,46.79,3977.15,45,32.5,1,9,Sunday,6,1,Promotion
2025-09-07,Groceries,Hyderabad,245,11.94,2925.2999999999997,141,30.1,1,9,Sunday,6,1,Promotion
2025-09-07,Furniture,Bengaluru,10,380.57,3805.7,5,27.7,1,9,Sunday,6,1,Promotion
2025-09-07,Toys,Hyderabad,50,30.42,1521.0,26,34.0,1,9,Sunday,6,1,Promotion
2025-09-08,Electronics,Hyderabad,20,253.84,5076.8,9,46.9,0,9,Monday,0,0,No Promotion
2025-09-08,Clothing,Mumbai,46,44.09,2028.14,24,30.4,0,9,Monday,0,0,No Promotion
2025-09-08,Groceries,Delhi,119,13.04,1551.76,83,52.2,0,9,Monday,0,0,No Promotion
2025-09-08,Furniture,Bengaluru,5,418.08,2090.4,3,34.4,0,9,Monday,0,0,No Promotion
2025-09-08,Toys,Bengaluru,33,26.59,877.47,20,27.6,0,9,Monday,0,0,No Promotion
2025-09-09,Electronics,Delhi,23,265.17,6098.910000000001,15,34.1,0,9,Tuesday,1,0,No Promotion
2025-09-09,Clothing,Chennai,51,43.18,2202.18,40,35.2,0,9,Tuesday,1,0,No Promotion
2025-09-09,Groceries,Hyderabad,147,13.34,1960.98,74,30.4,0,9,Tuesday,1,0,No Promotion
2025-09-09,Furniture,Hyderabad,12,362.17,4346.04,8,48.1,0,9,Tuesday,1,0,No Promotion
2025-09-09,Toys,Delhi,29,31.66,918.14,13,23.9,0,9,Tuesday,1,0,No Promotion
2025-09-10,Electronics,Chennai,24,249.48,5987.5199999999995,15,55.9,0,9,Wednesday,2,0,No Promotion
2025-09-10,Clothing,Hyderabad,50,39.2,1960.0000000000002,23,42.9,0,9,Wednesday,2,0,No Promotion
2025-09-10,Groceries,Delhi,116,12.06,1398.96,66,46.9,0,9,Wednesday,2,0,No Promotion
2025-09-10,Furniture,Hyderabad,4,413.13,1652.52,3,47.8,0,9,Wednesday,2,0,No Promotion
2025-09-10,Toys,Chennai,29,32.43,940.47,24,47.9,0,9,Wednesday,2,0,No Promotion
2025-09-11,Electronics,Delhi,24,249.05,5977.200000000001,12,20.0,0,9,Thursday,3,0,No Promotion
2025-09-11,Clothing,Mumbai,60,45.73,2743.7999999999997,29,2.6,0,9,Thursday,3,0,No Promotion
2025-09-11,Groceries,Delhi,153,11.66,1783.98,76,27.7,0,9,Thursday,3,0,No Promotion
2025-09-11,Furniture,Hyderabad,3,382.62,1147.8600000000001,2,30.0,0,9,Thursday,3,0,No Promotion
2025-09-11,Toys,Delhi,31,27.7,858.6999999999999,24,44.8,0,9,Thursday,3,0,No Promotion
2025-09-12,Electronics,Delhi,22,250.83,5518.26,10,31.7,0,9,Friday,4,0,No Promotion
2025-09-12,Clothing,Mumbai,65,44.65,2902.25,26,21.9,0,9,Friday,4,0,No Promotion
2025-09-12,Groceries,Chennai,174,12.53,2180.22,77,36.5,0,9,Friday,4,0,No Promotion
2025-09-12,Furniture,Bengaluru,10,388.42,3884.2000000000003,6,52.2,0,9,Friday,4,0,No Promotion
2025-09-12,Toys,Mumbai,31,29.51,914.8100000000001,26,27.6,0,9,Friday,4,0,No Promotion
2025-09-13,Electronics,Mumbai,28,234.37,6562.360000000001,24,28.6,0,9,Saturday,5,1,No Promotion
2025-09-13,Clothing,Mumbai,65,41.58,2702.7,37,38.6,0,9,Saturday,5,1,No Promotion
2025-09-13,Groceries,Chennai,222,12.68,2814.96,137,36.2,0,9,Saturday,5,1,No Promotion
2025-09-13,Furniture,Bengaluru,8,349.95,2799.6,6,28.1,0,9,Saturday,5,1,No Promotion
2025-09-13,Toys,Delhi,45,30.62,1377.9,35,26.5,0,9,Saturday,5,1,No Promotion
2025-09-14,Electronics,Bengaluru,28,221.56,6203.68,13,28.7,0,9,Sunday,6,1,No Promotion
2025-09-14,Clothing,Chennai,55,42.27,2324.8500000000004,24,39.7,0,9,Sunday,6,1,No Promotion
2025-09-14,Groceries,Chennai,214,11.31,2420.34,92,31.8,0,9,Sunday,6,1,No Promotion
2025-09-14,Furniture,Hyderabad,8,407.36,3258.88,4,28.6,0,9,Sunday,6,1,No Promotion
2025-09-14,Toys,Hyderabad,35,29.17,1020.95,27,27.7,0,9,Sunday,6,1,No Promotion
2025-09-15,Electronics,Hyderabad,25,245.1,6127.5,10,31.7,0,9,Monday,0,0,No Promotion
2025-09-15,Clothing,Bengaluru,58,47.66,2764.2799999999997,38,31.6,0,9,Monday,0,0,No Promotion
2025-09-15,Groceries,Hyderabad,108,12.07,1303.56,55,43.3,0,9,Monday,0,0,No Promotion
2025-09-15,Furniture,Hyderabad,7,401.73,2812.11,4,24.6,0,9,Monday,0,0,No Promotion
2025-09-15,Toys,Bengaluru,29,30.82,893.78,13,25.1,0,9,Monday,0,0,No Promotion
2025-09-16,Electronics,Hyderabad,22,234.86,5166.92,12,41.7,0,9,Tuesday,1,0,No Promotion
2025-09-16,Clothing,Delhi,44,47.06,2070.6400000000003,19,40.0,0,9,Tuesday,1,0,No Promotion
2025-09-16,Groceries,Chennai,131,11.67,1528.77,60,50.2,0,9,Tuesday,1,0,No Promotion
2025-09-16,Furniture,Delhi,4,383.56,1534.24,3,43.0,0,9,Tuesday,1,0,No Promotion
2025-09-16,Toys,Hyderabad,23,28.62,658.26,14,40.4,0,9,Tuesday,1,0,No Promotion
2025-09-17,Electronics,Delhi,22,259.05,5699.1,13,30.2,0,9,Wednesday,2,0,No Promotion
2025-09-17,Clothing,Mumbai,50,48.33,2416.5,32,18.9,0,9,Wednesday,2,0,No Promotion
2025-09-17,Groceries,Bengaluru,129,12.35,1593.1499999999999,62,22.7,0,9,Wednesday,2,0,No Promotion
2025-09-17,Furniture,Chennai,12,400.33,4803.96,5,36.3,0,9,Wednesday,2,0,No Promotion
2025-09-17,Toys,Hyderabad,30,32.15,964.5,26,43.1,0,9,Wednesday,2,0,No Promotion
2025-09-18,Electronics,Bengaluru,24,266.9,6405.599999999999,17,40.5,0,9,Thursday,3,0,No Promotion
2025-09-18,Clothing,Mumbai,52,49.72,2585.44,30,43.0,0,9,Thursday,3,0,No Promotion
2025-09-18,Groceries,Hyderabad,176,12.73,2240.48,109,28.1,0,9,Thursday,3,0,No Promotion
2025-09-18,Furniture,Chennai,10,367.18,3671.8,6,49.6,0,9,Thursday,3,0,No Promotion
2025-09-18,Toys,Delhi,22,31.04,682.88,11,23.2,0,9,Thursday,3,0,No Promotion
2025-09-19,Electronics,Chennai,26,220.9,5743.400000000001,21,34.7,0,9,Friday,4,0,No Promotion
2025-09-19,Clothing,Hyderabad,44,47.68,2097.92,24,39.0,0,9,Friday,4,0,No Promotion
2025-09-19,Groceries,Delhi,160,13.03,2084.7999999999997,69,34.2,0,9,Friday,4,0,No Promotion
2025-09-19,Furniture,Mumbai,12,374.44,4493.28,10,34.7,0,9,Friday,4,0,No Promotion
2025-09-19,Toys,Bengaluru,27,28.03,756.8100000000001,11,54.5,0,9,Friday,4,0,No Promotion
2025-09-20,Electronics,Hyderabad,27,266.63,7199.01,22,30.5,0,9,Saturday,5,1,No Promotion
2025-09-20,Clothing,Mumbai,60,43.09,2585.4,53,22.6,0,9,Saturday,5,1,No Promotion
2025-09-20,Groceries,Bengaluru,172,12.25,2107.0,105,28.1,0,9,Saturday,5,1,No Promotion
2025-09-20,Furniture,Mumbai,13,372.11,4837.43,8,37.6,0,9,Saturday,5,1,No Promotion
2025-09-20,Toys,Mumbai,43,28.97,1245.71,28,33.2,0,9,Saturday,5,1,No Promotion
2025-09-21,Electronics,Delhi,29,266.08,7716.32,13,17.6,0,9,Sunday,6,1,No Promotion
2025-09-21,Clothing,Delhi,70,41.28,2889.6,31,36.8,0,9,Sunday,6,1,No Promotion
2025-09-21,Groceries,Chennai,193,12.35,2383.5499999999997,112,34.8,0,9,Sunday,6,1,No Promotion
2025-09-21,Furniture,Delhi,17,359.48,6111.16,7,31.4,0,9,Sunday,6,1,No Promotion
2025-09-21,Toys,Bengaluru,40,31.84,1273.6,16,61.0,0,9,Sunday,6,1,No Promotion
2025-09-22,Electronics,Delhi,25,258.78,6469.499999999999,19,36.2,0,9,Monday,0,0,No Promotion
2025-09-22,Clothing,Mumbai,53,43.99,2331.4700000000003,26,21.7,0,9,Monday,0,0,No Promotion
2025-09-22,Groceries,Mumbai,146,12.53,1829.3799999999999,69,27.7,0,9,Monday,0,0,No Promotion
2025-09-22,Furniture,Chennai,8,357.55,2860.4,5,40.5,0,9,Monday,0,0,No Promotion
2025-09-22,Toys,Hyderabad,41,28.79,1180.3899999999999,18,16.0,0,9,Monday,0,0,No Promotion
2025-09-23,Electronics,Delhi,18,247.72,4458.96,8,50.8,0,9,Tuesday,1,0,No Promotion
2025-09-23,Clothing,Delhi,48,44.59,2140.32,34,30.1,0,9,Tuesday,1,0,No Promotion
2025-09-23,Groceries,Hyderabad,146,11.32,1652.72,111,13.9,0,9,Tuesday,1,0,No Promotion
2025-09-23,Furniture,Chennai,9,380.49,3424.41,5,38.0,0,9,Tuesday,1,0,No Promotion
2025-09-23,Toys,Mumbai,29,29.15,845.3499999999999,14,27.3,0,9,Tuesday,1,0,No Promotion
2025-09-24,Electronics,Bengaluru,15,236.8,3552.0,10,28.6,0,9,Wednesday,2,0,No Promotion
2025-09-24,Clothing,Bengaluru,51,47.09,2401.59,22,41.5,0,9,Wednesday,2,0,No Promotion
2025-09-24,Groceries,Delhi,179,10.8,1933.2,78,17.2,0,9,Wednesday,2,0,No Promotion
2025-09-24,Furniture,Delhi,9,361.85,3256.65,5,41.8,0,9,Wednesday,2,0,No Promotion
2025-09-24,Toys,Delhi,27,31.28,844.5600000000001,22,42.6,0,9,Wednesday,2,0,No Promotion
2025-09-25,Electronics,Delhi,28,264.04,7393.120000000001,21,27.9,0,9,Thursday,3,0,No Promotion
2025-09-25,Clothing,Mumbai,53,43.79,2320.87,23,26.6,0,9,Thursday,3,0,No Promotion
2025-09-25,Groceries,Bengaluru,146,12.71,1855.66,88,21.8,0,9,Thursday,3,0,No Promotion
2025-09-25,Furniture,Mumbai,8,377.01,3016.08,4,19.2,0,9,Thursday,3,0,No Promotion
2025-09-25,Toys,Chennai,31,27.99,867.6899999999999,26,42.8,0,9,Thursday,3,0,No Promotion
2025-09-26,Electronics,Chennai,29,254.14,7370.0599999999995,13,29.0,0,9,Friday,4,0,No Promotion
2025-09-26,Clothing,Hyderabad,38,44.94,1707.7199999999998,19,44.7,0,9,Friday,4,0,No Promotion
2025-09-26,Groceries,Mumbai,141,11.81,1665.21,125,35.1,0,9,Friday,4,0,No Promotion
2025-09-26,Furniture,Hyderabad,5,422.07,2110.35,4,42.2,0,9,Friday,4,0,No Promotion
2025-09-26,Toys,Mumbai,30,31.86,955.8,15,61.2,0,9,Friday,4,0,No Promotion
2025-09-27,Electronics,Delhi,24,250.55,6013.200000000001,10,34.8,0,9,Saturday,5,1,No Promotion
2025-09-27,Clothing,Chennai,65,46.73,3037.45,27,28.2,0,9,Saturday,5,1,No Promotion
2025-09-27,Groceries,Mumbai,178,12.16,2164.48,81,36.1,0,9,Saturday,5,1,No Promotion
2025-09-27,Furniture,Chennai,11,397.2,4369.2,6,22.7,0,9,Saturday,5,1,No Promotion
2025-09-27,Toys,Bengaluru,31,27.14,841.34,19,28.4,0,9,Saturday,5,1,No Promotion
2025-09-28,Electronics,Bengaluru,22,262.3,5770.6,14,26.9,0,9,Sunday,6,1,No Promotion
2025-09-28,Clothing,Bengaluru,52,46.46,2415.92,29,45.4,0,9,Sunday,6,1,No Promotion
2025-09-28,Groceries,Bengaluru,192,12.27,2355.84,161,48.2,0,9,Sunday,6,1,No Promotion
2025-09-28,Furniture,Delhi,7,359.08,2513.56,3,26.8,0,9,Sunday,6,1,No Promotion
2025-09-28,Toys,Delhi,43,31.82,1368.26,23,23.5,0,9,Sunday,6,1,No Promotion
2025-09-29,Electronics,Chennai,21,249.69,5243.49,18,63.1,0,9,Monday,0,0,No Promotion
2025-09-29,Clothing,Mumbai,57,44.49,2535.9300000000003,28,29.7,0,9,Monday,0,0,No Promotion
2025-09-29,Groceries,Chennai,176,12.26,2157.7599999999998,102,51.9,0,9,Monday,0,0,No Promotion
2025-09-29,Furniture,Chennai,5,379.34,1896.6999999999998,2,42.3,0,9,Monday,0,0,No Promotion
2025-09-29,Toys,Hyderabad,26,32.31,840.0600000000001,12,28.6,0,9,Monday,0,0,No Promotion
2025-09-30,Electronics,Mumbai,22,238.8,5253.6,9,23.0,1,9,Tuesday,1,0,Promotion
2025-09-30,Clothing,Bengaluru,66,47.04,3104.64,40,22.5,1,9,Tuesday,1,0,Promotion
2025-09-30,Groceries,Delhi,210,12.05,2530.5,167,32.9,1,9,Tuesday,1,0,Promotion
2025-09-30,Furniture,Mumbai,3,356.25,1068.75,2,32.2,1,9,Tuesday,1,0,Promotion
2025-09-30,Toys,Delhi,57,30.92,1762.44,51,41.7,1,9,Tuesday,1,0,Promotion
2025-10-01,Electronics,Hyderabad,22,253.56,5578.32,15,39.2,0,10,Wednesday,2,0,No Promotion
2025-10-01,Clothing,Mumbai,43,46.87,2015.4099999999999,27,39.9,0,10,Wednesday,2,0,No Promotion
2025-10-01,Groceries,Chennai,142,13.19,1872.98,84,24.0,0,10,Wednesday,2,0,No Promotion
2025-10-01,Furniture,Bengaluru,3,360.45,1081.35,2,37.7,0,10,Wednesday,2,0,No Promotion
2025-10-01,Toys,Hyderabad,35,30.03,1051.05,18,28.6,0,10,Wednesday,2,0,No Promotion
2025-10-02,Electronics,Hyderabad,24,251.35,6032.4,18,44.6,0,10,Thursday,3,0,No Promotion
2025-10-02,Clothing,Bengaluru,57,49.19,2803.83,25,30.9,0,10,Thursday,3,0,No Promotion
2025-10-02,Groceries,Mumbai,131,12.14,1590.3400000000001,57,38.0,0,10,Thursday,3,0,No Promotion
2025-10-02,Furniture,Chennai,1,387.57,387.57,1,34.8,0,10,Thursday,3,0,No Promotion
2025-10-02,Toys,Mumbai,34,29.36,998.24,17,32.2,0,10,Thursday,3,0,No Promotion
2025-10-03,Electronics,Delhi,30,243.91,7317.3,24,38.8,1,10,Friday,4,0,Promotion
2025-10-03,Clothing,Bengaluru,58,46.42,2692.36,25,38.8,1,10,Friday,4,0,Promotion
2025-10-03,Groceries,Mumbai,213,11.32,2411.16,90,31.4,1,10,Friday,4,0,Promotion
2025-10-03,Furniture,Delhi,11,369.19,4061.09,7,46.6,1,10,Friday,4,0,Promotion
2025-10-03,Toys,Hyderabad,44,30.55,1344.2,33,26.5,1,10,Friday,4,0,Promotion
2025-10-04,Electronics,Hyderabad,26,248.2,6453.2,11,43.4,0,10,Saturday,5,1,No Promotion
2025-10-04,Clothing,Bengaluru,57,46.66,2659.62,23,36.2,0,10,Saturday,5,1,No Promotion
2025-10-04,Groceries,Bengaluru,177,11.93,2111.61,107,26.3,0,10,Saturday,5,1,No Promotion
2025-10-04,Furniture,Delhi,8,341.67,2733.36,7,19.3,0,10,Saturday,5,1,No Promotion
2025-10-04,Toys,Chennai,50,29.55,1477.5,20,54.2,0,10,Saturday,5,1,No Promotion
2025-10-05,Electronics,Chennai,24,231.23,5549.5199999999995,17,27.9,0,10,Sunday,6,1,No Promotion
2025-10-05,Clothing,Hyderabad,50,47.25,2362.5,28,30.7,0,10,Sunday,6,1,No Promotion
2025-10-05,Groceries,Delhi,197,12.36,2434.92,104,35.3,0,10,Sunday,6,1,No Promotion
2025-10-05,Furniture,Chennai,4,405.54,1622.16,3,49.0,0,10,Sunday,6,1,No Promotion
2025-10-05,Toys,Chennai,38,27.53,1046.14,16,44.6,0,10,Sunday,6,1,No Promotion
2025-10-06,Electronics,Mumbai,22,264.66,5822.52,12,37.7,0,10,Monday,0,0,No Promotion
2025-10-06,Clothing,Chennai,50,44.76,2238.0,36,44.1,0,10,Monday,0,0,No Promotion
2025-10-06,Groceries,Bengaluru,154,11.6,1786.3999999999999,65,36.9,0,10,Monday,0,0,No Promotion
2025-10-06,Furniture,Bengaluru,8,411.73,3293.84,7,39.4,0,10,Monday,0,0,No Promotion
2025-10-06,Toys,Chennai,38,30.58,1162.04,19,33.7,0,10,Monday,0,0,No Promotion
2025-10-07,Electronics,Hyderabad,33,262.26,8654.58,15,43.9,1,10,Tuesday,1,0,Promotion
2025-10-07,Clothing,Bengaluru,58,43.8,2540.3999999999996,35,27.4,1,10,Tuesday,1,0,Promotion
2025-10-07,Groceries,Bengaluru,186,12.46,2317.56,76,30.6,1,10,Tuesday,1,0,Promotion
2025-10-07,Furniture,Chennai,14,382.02,5348.28,9,27.8,1,10,Tuesday,1,0,Promotion
2025-10-07,Toys,Chennai,50,29.85,1492.5,27,42.6,1,10,Tuesday,1,0,Promotion
2025-10-08,Electronics,Bengaluru,20,264.91,5298.200000000001,11,27.0,0,10,Wednesday,2,0,No Promotion
2025-10-08,Clothing,Bengaluru,45,45.29,2038.05,40,29.2,0,10,Wednesday,2,0,No Promotion
2025-10-08,Groceries,Mumbai,125,11.87,1483.75,58,41.0,0,10,Wednesday,2,0,No Promotion
2025-10-08,Furniture,Hyderabad,11,387.53,4262.83,8,29.1,0,10,Wednesday,2,0,No Promotion
2025-10-08,Toys,Delhi,25,31.46,786.5,14,17.5,0,10,Wednesday,2,0,No Promotion
2025-10-09,Electronics,Mumbai,31,251.21,7787.51,28,33.1,1,10,Thursday,3,0,Promotion
2025-10-09,Clothing,Bengaluru,61,44.61,2721.21,33,19.2,1,10,Thursday,3,0,Promotion
2025-10-09,Groceries,Hyderabad,171,12.15,2077.65,109,48.4,1,10,Thursday,3,0,Promotion
2025-10-09,Furniture,Mumbai,11,394.49,4339.39,5,29.4,1,10,Thursday,3,0,Promotion
2025-10-09,Toys,Bengaluru,44,27.23,1198.1200000000001,26,29.0,1,10,Thursday,3,0,Promotion
2025-10-10,Electronics,Bengaluru,22,249.14,5481.08,10,26.9,0,10,Friday,4,0,No Promotion
2025-10-10,Clothing,Delhi,51,47.0,2397.0,39,43.1,0,10,Friday,4,0,No Promotion
2025-10-10,Groceries,Delhi,180,11.55,2079.0,96,37.7,0,10,Friday,4,0,No Promotion
2025-10-10,Furniture,Chennai,7,362.15,2535.0499999999997,3,33.4,0,10,Friday,4,0,No Promotion
2025-10-10,Toys,Mumbai,35,29.49,1032.1499999999999,25,53.2,0,10,Friday,4,0,No Promotion
2025-10-11,Electronics,Mumbai,33,251.49,8299.17,28,20.0,1,10,Saturday,5,1,Promotion
2025-10-11,Clothing,Chennai,88,45.3,3986.3999999999996,52,31.2,1,10,Saturday,5,1,Promotion
2025-10-11,Groceries,Mumbai,275,11.83,3253.25,136,15.3,1,10,Saturday,5,1,Promotion
2025-10-11,Furniture,Delhi,16,365.43,5846.88,12,47.1,1,10,Saturday,5,1,Promotion
2025-10-11,Toys,Mumbai,39,30.27,1180.53,18,42.5,1,10,Saturday,5,1,Promotion
2025-10-12,Electronics,Hyderabad,30,246.21,7386.3,14,13.8,0,10,Sunday,6,1,No Promotion
2025-10-12,Clothing,Hyderabad,66,43.09,2843.94,46,37.7,0,10,Sunday,6,1,No Promotion
2025-10-12,Groceries,Mumbai,193,13.02,2512.86,134,27.8,0,10,Sunday,6,1,No Promotion
2025-10-12,Furniture,Mumbai,10,362.23,3622.3,7,39.0,0,10,Sunday,6,1,No Promotion
2025-10-12,Toys,Bengaluru,48,29.35,1408.8000000000002,31,26.9,0,10,Sunday,6,1,No Promotion
2025-10-13,Electronics,Hyderabad,22,267.1,5876.200000000001,13,39.9,0,10,Monday,0,0,No Promotion
2025-10-13,Clothing,Mumbai,42,40.23,1689.6599999999999,30,38.7,0,10,Monday,0,0,No Promotion
2025-10-13,Groceries,Mumbai,143,12.06,1724.5800000000002,58,33.4,0,10,Monday,0,0,No Promotion
2025-10-13,Furniture,Delhi,8,356.81,2854.48,4,32.5,0,10,Monday,0,0,No Promotion
2025-10-13,Toys,Bengaluru,33,30.43,1004.1899999999999,17,30.6,0,10,Monday,0,0,No Promotion
2025-10-14,Electronics,Chennai,24,269.35,6464.400000000001,20,31.9,0,10,Tuesday,1,0,No Promotion
2025-10-14,Clothing,Mumbai,43,45.17,1942.3100000000002,37,34.4,0,10,Tuesday,1,0,No Promotion
2025-10-14,Groceries,Hyderabad,169,12.45,2104.0499999999997,71,21.5,0,10,Tuesday,1,0,No Promotion
2025-10-14,Furniture,Delhi,9,389.21,3502.89,4,53.1,0,10,Tuesday,1,0,No Promotion
2025-10-14,Toys,Chennai,34,29.38,998.92,20,22.5,0,10,Tuesday,1,0,No Promotion
2025-10-15,Electronics,Mumbai,23,245.72,5651.56,11,28.7,0,10,Wednesday,2,0,No Promotion
2025-10-15,Clothing,Mumbai,50,43.49,2174.5,43,40.0,0,10,Wednesday,2,0,No Promotion
2025-10-15,Groceries,Bengaluru,118,11.35,1339.3,60,43.5,0,10,Wednesday,2,0,No Promotion
2025-10-15,Furniture,Bengaluru,3,370.5,1111.5,1,18.5,0,10,Wednesday,2,0,No Promotion
2025-10-15,Toys,Hyderabad,32,31.2,998.4,20,29.5,0,10,Wednesday,2,0,No Promotion
2025-10-16,Electronics,Hyderabad,26,245.93,6394.18,14,37.1,0,10,Thursday,3,0,No Promotion
2025-10-16,Clothing,Mumbai,52,45.38,2359.76,26,40.5,0,10,Thursday,3,0,No Promotion
2025-10-16,Groceries,Hyderabad,138,12.69,1751.22,65,35.0,0,10,Thursday,3,0,No Promotion
2025-10-16,Furniture,Delhi,10,369.11,3691.1000000000004,7,19.6,0,10,Thursday,3,0,No Promotion
2025-10-16,Toys,Mumbai,27,32.11,866.97,22,26.5,0,10,Thursday,3,0,No Promotion
2025-10-17,Electronics,Bengaluru,19,245.36,4661.84,15,37.7,0,10,Friday,4,0,No Promotion
2025-10-17,Clothing,Chennai,45,44.58,2006.1,24,30.2,0,10,Friday,4,0,No Promotion
2025-10-17,Groceries,Hyderabad,152,12.05,1831.6000000000001,96,39.2,0,10,Friday,4,0,No Promotion
2025-10-17,Furniture,Mumbai,5,365.2,1826.0,3,29.9,0,10,Friday,4,0,No Promotion
2025-10-17,Toys,Mumbai,34,30.55,1038.7,20,34.7,0,10,Friday,4,0,No Promotion
2025-10-18,Electronics,Hyderabad,23,282.91,6506.93,12,26.1,0,10,Saturday,5,1,No Promotion
2025-10-18,Clothing,Delhi,70,43.51,3045.7,35,31.7,0,10,Saturday,5,1,No Promotion
2025-10-18,Groceries,Bengaluru,148,11.86,1755.28,107,30.7,0,10,Saturday,5,1,No Promotion
2025-10-18,Furniture,Chennai,12,348.22,4178.64,6,43.4,0,10,Saturday,5,1,No Promotion
2025-10-18,Toys,Chennai,43,29.99,1289.57,18,39.1,0,10,Saturday,5,1,No Promotion
2025-10-19,Electronics,Chennai,30,257.27,7718.099999999999,21,43.4,0,10,Sunday,6,1,No Promotion
2025-10-19,Clothing,Hyderabad,78,43.91,3424.9799999999996,33,41.1,0,10,Sunday,6,1,No Promotion
2025-10-19,Groceries,Chennai,212,12.53,2656.3599999999997,112,34.5,0,10,Sunday,6,1,No Promotion
2025-10-19,Furniture,Hyderabad,10,365.3,3653.0,4,14.7,0,10,Sunday,6,1,No Promotion
2025-10-19,Toys,Chennai,33,29.1,960.3000000000001,13,34.3,0,10,Sunday,6,1,No Promotion
2025-10-20,Electronics,Delhi,22,229.96,5059.12,10,36.3,0,10,Monday,0,0,No Promotion
2025-10-20,Clothing,Bengaluru,55,44.22,2432.1,49,26.7,0,10,Monday,0,0,No Promotion
2025-10-20,Groceries,Delhi,144,12.22,1759.68,58,46.9,0,10,Monday,0,0,No Promotion
2025-10-20,Furniture,Hyderabad,10,382.53,3825.2999999999997,5,43.6,0,10,Monday,0,0,No Promotion
2025-10-20,Toys,Bengaluru,29,30.55,885.95,14,11.2,0,10,Monday,0,0,No Promotion
2025-10-21,Electronics,Chennai,23,249.49,5738.27,10,44.1,0,10,Tuesday,1,0,No Promotion
2025-10-21,Clothing,Mumbai,57,44.2,2519.4,36,53.0,0,10,Tuesday,1,0,No Promotion
2025-10-21,Groceries,Mumbai,167,12.19,2035.73,78,26.9,0,10,Tuesday,1,0,No Promotion
2025-10-21,Furniture,Chennai,6,374.09,2244.54,3,38.0,0,10,Tuesday,1,0,No Promotion
2025-10-21,Toys,Bengaluru,39,27.76,1082.64,26,39.0,0,10,Tuesday,1,0,No Promotion
2025-10-22,Electronics,Mumbai,28,245.84,6883.52,18,19.4,0,10,Wednesday,2,0,No Promotion
2025-10-22,Clothing,Chennai,56,46.57,2607.92,28,37.1,0,10,Wednesday,2,0,No Promotion
2025-10-22,Groceries,Delhi,131,12.19,1596.8899999999999,67,39.5,0,10,Wednesday,2,0,No Promotion
2025-10-22,Furniture,Chennai,7,386.27,2703.89,6,23.0,0,10,Wednesday,2,0,No Promotion
2025-10-22,Toys,Chennai,29,32.17,932.9300000000001,19,27.0,0,10,Wednesday,2,0,No Promotion
2025-10-23,Electronics,Mumbai,22,271.48,5972.56,17,47.0,0,10,Thursday,3,0,No Promotion
2025-10-23,Clothing,Mumbai,46,47.03,2163.38,25,36.6,0,10,Thursday,3,0,No Promotion
2025-10-23,Groceries,Delhi,139,11.94,1659.6599999999999,59,31.0,0,10,Thursday,3,0,No Promotion
2025-10-23,Furniture,Chennai,5,396.94,1984.7,2,43.2,0,10,Thursday,3,0,No Promotion
2025-10-23,Toys,Mumbai,25,30.39,759.75,20,43.7,0,10,Thursday,3,0,No Promotion
2025-10-24,Electronics,Mumbai,24,260.43,6250.32,15,24.5,0,10,Friday,4,0,No Promotion
2025-10-24,Clothing,Bengaluru,51,43.54,2220.54,25,27.3,0,10,Friday,4,0,No Promotion
2025-10-24,Groceries,Mumbai,125,11.9,1487.5,56,37.1,0,10,Friday,4,0,No Promotion
2025-10-24,Furniture,Mumbai,11,404.75,4452.25,6,39.1,0,10,Friday,4,0,No Promotion
2025-10-24,Toys,Chennai,32,28.32,906.24,19,42.4,0,10,Friday,4,0,No Promotion
2025-10-25,Electronics,Bengaluru,29,265.69,7705.01,12,30.1,0,10,Saturday,5,1,No Promotion
2025-10-25,Clothing,Delhi,58,43.07,2498.06,35,11.0,0,10,Saturday,5,1,No Promotion
2025-10-25,Groceries,Chennai,200,11.49,2298.0,110,35.1,0,10,Saturday,5,1,No Promotion
2025-10-25,Furniture,Delhi,5,378.15,1890.75,3,33.2,0,10,Saturday,5,1,No Promotion
2025-10-25,Toys,Chennai,36,31.27,1125.72,17,35.4,0,10,Saturday,5,1,No Promotion
2025-10-26,Electronics,Delhi,41,243.35,9977.35,22,27.8,1,10,Sunday,6,1,Promotion
2025-10-26,Clothing,Mumbai,93,44.37,4126.41,77,33.6,1,10,Sunday,6,1,Promotion
2025-10-26,Groceries,Bengaluru,253,12.24,3096.7200000000003,141,33.0,1,10,Sunday,6,1,Promotion
2025-10-26,Furniture,Delhi,4,374.73,1498.92,2,43.2,1,10,Sunday,6,1,Promotion
2025-10-26,Toys,Hyderabad,42,29.5,1239.0,34,39.2,1,10,Sunday,6,1,Promotion
2025-10-27,Electronics,Hyderabad,26,253.67,6595.42,15,28.3,0,10,Monday,0,0,No Promotion
2025-10-27,Clothing,Bengaluru,56,43.11,2414.16,33,45.0,0,10,Monday,0,0,No Promotion
2025-10-27,Groceries,Mumbai,124,11.77,1459.48,59,33.8,0,10,Monday,0,0,No Promotion
2025-10-27,Furniture,Hyderabad,6,389.44,2336.64,4,52.6,0,10,Monday,0,0,No Promotion
2025-10-27,Toys,Delhi,30,29.94,898.2,13,24.7,0,10,Monday,0,0,No Promotion
2025-10-28,Electronics,Bengaluru,23,253.67,5834.41,16,37.9,0,10,Tuesday,1,0,No Promotion
2025-10-28,Clothing,Mumbai,53,41.68,2209.04,21,49.5,0,10,Tuesday,1,0,No Promotion
2025-10-28,Groceries,Chennai,161,11.52,1854.72,79,28.8,0,10,Tuesday,1,0,No Promotion
2025-10-28,Furniture,Chennai,9,378.97,3410.7300000000005,4,50.8,0,10,Tuesday,1,0,No Promotion
2025-10-28,Toys,Mumbai,31,30.41,942.71,14,37.6,0,10,Tuesday,1,0,No Promotion
2025-10-29,Electronics,Mumbai,23,256.15,5891.45,11,32.6,0,10,Wednesday,2,0,No Promotion
2025-10-29,Clothing,Delhi,61,45.36,2766.96,26,43.2,0,10,Wednesday,2,0,No Promotion
2025-10-29,Groceries,Chennai,161,11.49,1849.89,137,25.2,0,10,Wednesday,2,0,No Promotion
2025-10-29,Furniture,Delhi,7,373.18,2612.26,5,25.7,0,10,Wednesday,2,0,No Promotion
2025-10-29,Toys,Delhi,40,30.09,1203.6,16,48.6,0,10,Wednesday,2,0,No Promotion
2025-10-30,Electronics,Delhi,20,245.28,4905.6,17,22.6,0,10,Thursday,3,0,No Promotion
2025-10-30,Clothing,Hyderabad,49,46.2,2263.8,35,18.3,0,10,Thursday,3,0,No Promotion
2025-10-30,Groceries,Bengaluru,151,11.88,1793.88,86,25.8,0,10,Thursday,3,0,No Promotion
2025-10-30,Furniture,Delhi,4,365.32,1461.28,4,66.1,0,10,Thursday,3,0,No Promotion
2025-10-30,Toys,Chennai,25,30.85,771.25,17,26.2,0,10,Thursday,3,0,No Promotion
2025-10-31,Electronics,Delhi,24,248.46,5963.04,15,43.2,0,10,Friday,4,0,No Promotion
2025-10-31,Clothing,Delhi,47,41.99,1973.5300000000002,20,32.9,0,10,Friday,4,0,No Promotion
2025-10-31,Groceries,Bengaluru,144,11.45,1648.8,76,26.5,0,10,Friday,4,0,No Promotion
2025-10-31,Furniture,Bengaluru,11,363.46,3998.06,8,29.7,0,10,Friday,4,0,No Promotion
2025-10-31,Toys,Delhi,35,30.25,1058.75,16,20.1,0,10,Friday,4,0,No Promotion
2025-11-01,Electronics,Mumbai,46,239.15,11000.9,21,25.8,0,11,Saturday,5,1,No Promotion
2025-11-01,Clothing,Hyderabad,93,47.77,4442.610000000001,57,25.9,0,11,Saturday,5,1,No Promotion
2025-11-01,Groceries,Hyderabad,241,11.14,2684.7400000000002,115,43.4,0,11,Saturday,5,1,No Promotion
2025-11-01,Furniture,Hyderabad,17,366.06,6223.02,7,39.7,0,11,Saturday,5,1,No Promotion
2025-11-01,Toys,Mumbai,53,29.46,1561.38,26,19.4,0,11,Saturday,5,1,No Promotion
2025-11-02,Electronics,Chennai,35,238.23,8338.05,24,15.7,0,11,Sunday,6,1,No Promotion
2025-11-02,Clothing,Mumbai,91,43.98,4002.18,51,33.1,0,11,Sunday,6,1,No Promotion
2025-11-02,Groceries,Mumbai,259,12.25,3172.75,130,32.9,0,11,Sunday,6,1,No Promotion
2025-11-02,Furniture,Bengaluru,15,377.25,5658.75,7,33.5,0,11,Sunday,6,1,No Promotion
2025-11-02,Toys,Delhi,59,29.74,1754.6599999999999,42,37.2,0,11,Sunday,6,1,No Promotion
2025-11-03,Electronics,Mumbai,23,241.38,5551.74,10,19.8,0,11,Monday,0,0,No Promotion
2025-11-03,Clothing,Chennai,59,45.22,2667.98,40,38.1,0,11,Monday,0,0,No Promotion
2025-11-03,Groceries,Mumbai,193,11.91,2298.63,92,40.6,0,11,Monday,0,0,No Promotion
2025-11-03,Furniture,Hyderabad,14,371.6,5202.400000000001,7,50.9,0,11,Monday,0,0,No Promotion
2025-11-03,Toys,Mumbai,29,29.03,841.87,17,43.8,0,11,Monday,0,0,No Promotion
2025-11-04,Electronics,Bengaluru,37,244.2,9035.4,17,45.0,0,11,Tuesday,1,0,No Promotion
2025-11-04,Clothing,Hyderabad,64,43.09,2757.76,36,41.2,0,11,Tuesday,1,0,No Promotion
2025-11-04,Groceries,Hyderabad,203,12.69,2576.0699999999997,123,46.3,0,11,Tuesday,1,0,No Promotion
2025-11-04,Furniture,Delhi,10,389.73,3897.3,4,51.8,0,11,Tuesday,1,0,No Promotion
2025-11-04,Toys,Hyderabad,51,28.71,1464.21,32,43.0,0,11,Tuesday,1,0,No Promotion
2025-11-05,Electronics,Bengaluru,26,246.57,6410.82,11,34.75,0,11,Wednesday,2,0,No Promotion
2025-11-05,Clothing,Chennai,64,45.24,2895.36,29,21.0,0,11,Wednesday,2,0,No Promotion
2025-11-05,Groceries,Delhi,212,10.35,2194.2,184,51.6,0,11,Wednesday,2,0,No Promotion
2025-11-05,Furniture,Delhi,11,390.85,4299.35,8,23.7,0,11,Wednesday,2,0,No Promotion
2025-11-05,Toys,Mumbai,42,28.01,1176.42,21,48.7,0,11,Wednesday,2,0,No Promotion
2025-11-06,Electronics,Hyderabad,23,233.55,5371.650000000001,11,38.4,0,11,Thursday,3,0,No Promotion
2025-11-06,Clothing,Chennai,76,43.54,3309.04,32,43.4,0,11,Thursday,3,0,No Promotion
2025-11-06,Groceries,Hyderabad,245,11.99,2937.55,171,40.4,0,11,Thursday,3,0,No Promotion
2025-11-06,Furniture,Hyderabad,17,368.57,6265.69,8,31.4,0,11,Thursday,3,0,No Promotion
2025-11-06,Toys,Mumbai,44,32.13,1413.72,36,43.0,0,11,Thursday,3,0,No Promotion
2025-11-07,Electronics,Delhi,30,252.28,7568.4,14,32.3,0,11,Friday,4,0,No Promotion
2025-11-07,Clothing,Mumbai,73,42.5,3102.5,42,53.2,0,11,Friday,4,0,No Promotion
2025-11-07,Groceries,Hyderabad,202,11.85,2393.7,85,26.0,0,11,Friday,4,0,No Promotion
2025-11-07,Furniture,Mumbai,14,363.36,5087.04,6,53.8,0,11,Friday,4,0,No Promotion
2025-11-07,Toys,Delhi,51,26.39,1345.89,22,53.8,0,11,Friday,4,0,No Promotion
2025-11-08,Electronics,Hyderabad,44,260.13,11445.72,18,27.9,0,11,Saturday,5,1,No Promotion
2025-11-08,Clothing,Bengaluru,88,45.55,4008.3999999999996,45,37.1,0,11,Saturday,5,1,No Promotion
2025-11-08,Groceries,Delhi,238,12.14,2889.32,96,40.0,0,11,Saturday,5,1,No Promotion
2025-11-08,Furniture,Hyderabad,22,358.64,7890.08,10,35.5,0,11,Saturday,5,1,No Promotion
2025-11-08,Toys,Chennai,45,32.01,1440.4499999999998,28,36.4,0,11,Saturday,5,1,No Promotion
2025-11-09,Electronics,Delhi,45,262.64,11818.8,28,29.8,0,11,Sunday,6,1,No Promotion
2025-11-09,Clothing,Bengaluru,67,41.96,2811.32,32,36.3,0,11,Sunday,6,1,No Promotion
2025-11-09,Groceries,Hyderabad,273,11.76,3210.48,117,46.4,0,11,Sunday,6,1,No Promotion
2025-11-09,Furniture,Mumbai,6,358.99,2153.94,3,26.3,0,11,Sunday,6,1,No Promotion
2025-11-09,Toys,Bengaluru,51,28.15,1435.6499999999999,21,33.9,0,11,Sunday,6,1,No Promotion
2025-11-10,Electronics,Hyderabad,45,234.49,10552.050000000001,39,22.5,1,11,Monday,0,0,Promotion
2025-11-10,Clothing,Bengaluru,102,44.35,4523.7,72,35.0,1,11,Monday,0,0,Promotion
2025-11-10,Groceries,Delhi,256,12.13,3105.28,209,37.1,1,11,Monday,0,0,Promotion
2025-11-10,Furniture,Mumbai,16,395.23,6323.68,11,38.0,1,11,Monday,0,0,Promotion
2025-11-10,Toys,Hyderabad,48,31.4,1507.1999999999998,19,19.0,1,11,Monday,0,0,Promotion
2025-11-11,Electronics,Delhi,36,245.72,8845.92,19,34.2,0,11,Tuesday,1,0,No Promotion
2025-11-11,Clothing,Bengaluru,74,43.82,3242.68,47,51.1,0,11,Tuesday,1,0,No Promotion
2025-11-11,Groceries,Hyderabad,185,12.37,2288.45,116,39.8,0,11,Tuesday,1,0,No Promotion
2025-11-11,Furniture,Hyderabad,12,349.02,4188.24,7,48.2,0,11,Tuesday,1,0,No Promotion
2025-11-11,Toys,Mumbai,31,31.19,966.89,14,46.8,0,11,Tuesday,1,0,No Promotion
2025-11-12,Electronics,Bengaluru,27,246.83,6664.410000000001,24,43.4,0,11,Wednesday,2,0,No Promotion
2025-11-12,Clothing,Mumbai,69,46.06,3178.1400000000003,31,45.1,0,11,Wednesday,2,0,No Promotion
2025-11-12,Groceries,Delhi,202,11.21,2264.42,112,34.5,0,11,Wednesday,2,0,No Promotion
2025-11-12,Furniture,Chennai,13,393.72,5118.360000000001,7,16.2,0,11,Wednesday,2,0,No Promotion
2025-11-12,Toys,Bengaluru,43,28.27,1215.61,37,43.8,0,11,Wednesday,2,0,No Promotion
2025-11-13,Electronics,Chennai,31,263.88,8180.28,23,16.0,0,11,Thursday,3,0,No Promotion
2025-11-13,Clothing,Bengaluru,73,41.24,3010.52,60,33.3,0,11,Thursday,3,0,No Promotion
2025-11-13,Groceries,Mumbai,151,12.59,1901.09,75,45.3,0,11,Thursday,3,0,No Promotion
2025-11-13,Furniture,Mumbai,11,390.21,4292.3099999999995,5,20.7,0,11,Thursday,3,0,No Promotion
2025-11-13,Toys,Hyderabad,43,29.51,1268.93,27,28.2,0,11,Thursday,3,0,No Promotion
2025-11-14,Electronics,Hyderabad,34,239.04,8127.36,19,23.1,0,11,Friday,4,0,No Promotion
2025-11-14,Clothing,Bengaluru,53,42.38,2246.1400000000003,38,40.6,0,11,Friday,4,0,No Promotion
2025-11-14,Groceries,Chennai,228,12.09,2756.52,159,22.9,0,11,Friday,4,0,No Promotion
2025-11-14,Furniture,Delhi,14,359.7,5035.8,6,38.0,0,11,Friday,4,0,No Promotion
2025-11-14,Toys,Chennai,52,29.0,1508.0,23,35.8,0,11,Friday,4,0,No Promotion
2025-11-15,Electronics,Bengaluru,33,261.26,8621.58,16,29.2,0,11,Saturday,5,1,No Promotion
2025-11-15,Clothing,Delhi,93,44.95,4180.35,68,36.7,0,11,Saturday,5,1,No Promotion
2025-11-15,Groceries,Chennai,255,11.44,2917.2,158,42.6,0,11,Saturday,5,1,No Promotion
2025-11-15,Furniture,Bengaluru,11,370.75,4078.25,6,48.8,0,11,Saturday,5,1,No Promotion
2025-11-15,Toys,Mumbai,59,30.81,1817.79,33,42.5,0,11,Saturday,5,1,No Promotion
2025-11-16,Electronics,Hyderabad,46,243.91,11219.86,28,33.8,0,11,Sunday,6,1,No Promotion
2025-11-16,Clothing,Bengaluru,106,42.57,4512.42,43,28.5,0,11,Sunday,6,1,No Promotion
2025-11-16,Groceries,Delhi,280,12.63,3536.4,196,24.8,0,11,Sunday,6,1,No Promotion
2025-11-16,Furniture,Delhi,22,368.07,8097.54,19,39.0,0,11,Sunday,6,1,No Promotion
2025-11-16,Toys,Hyderabad,52,32.4,1684.8,30,26.8,0,11,Sunday,6,1,No Promotion
2025-11-17,Electronics,Mumbai,28,240.1,6722.8,18,42.1,0,11,Monday,0,0,No Promotion
2025-11-17,Clothing,Chennai,69,48.25,3329.25,41,41.8,0,11,Monday,0,0,No Promotion
2025-11-17,Groceries,Mumbai,221,11.26,2488.46,178,29.9,0,11,Monday,0,0,No Promotion
2025-11-17,Furniture,Mumbai,9,371.21,3340.89,5,35.7,0,11,Monday,0,0,No Promotion
2025-11-17,Toys,Bengaluru,48,27.51,1320.48,20,47.5,0,11,Monday,0,0,No Promotion
2025-11-18,Electronics,Delhi,35,255.34,8936.9,25,42.4,1,11,Tuesday,1,0,Promotion
2025-11-18,Clothing,Hyderabad,93,46.49,4323.570000000001,61,24.9,1,11,Tuesday,1,0,Promotion
2025-11-18,Groceries,Hyderabad,242,11.63,2814.46,157,38.9,1,11,Tuesday,1,0,Promotion
2025-11-18,Furniture,Mumbai,17,352.12,5986.04,8,38.4,1,11,Tuesday,1,0,Promotion
2025-11-18,Toys,Mumbai,63,29.74,1873.62,47,45.9,1,11,Tuesday,1,0,Promotion
2025-11-19,Electronics,Mumbai,34,255.62,8691.08,22,26.4,0,11,Wednesday,2,0,No Promotion
2025-11-19,Clothing,Bengaluru,84,45.32,3806.88,46,43.8,0,11,Wednesday,2,0,No Promotion
2025-11-19,Groceries,Bengaluru,166,12.31,2043.46,68,37.8,0,11,Wednesday,2,0,No Promotion
2025-11-19,Furniture,Chennai,13,402.93,5238.09,7,42.5,0,11,Wednesday,2,0,No Promotion
2025-11-19,Toys,Chennai,54,29.09,1570.86,31,55.4,0,11,Wednesday,2,0,No Promotion
2025-11-20,Electronics,Chennai,37,245.07,9067.59,16,50.4,0,11,Thursday,3,0,No Promotion
2025-11-20,Clothing,Hyderabad,90,43.65,3928.5,40,35.8,0,11,Thursday,3,0,No Promotion
2025-11-20,Groceries,Hyderabad,174,12.6,2192.4,143,27.8,0,11,Thursday,3,0,No Promotion
2025-11-20,Furniture,Bengaluru,12,374.62,4495.4400000000005,8,21.4,0,11,Thursday,3,0,No Promotion
2025-11-20,Toys,Mumbai,52,30.68,1595.36,24,43.7,0,11,Thursday,3,0,No Promotion
2025-11-21,Electronics,Chennai,37,254.23,9406.51,18,28.6,0,11,Friday,4,0,No Promotion
2025-11-21,Clothing,Bengaluru,80,41.5,3320.0,47,55.8,0,11,Friday,4,0,No Promotion
2025-11-21,Groceries,Hyderabad,249,11.05,2751.4500000000003,180,29.3,0,11,Friday,4,0,No Promotion
2025-11-21,Furniture,Mumbai,8,389.24,3113.92,6,29.6,0,11,Friday,4,0,No Promotion
2025-11-21,Toys,Hyderabad,50,30.22,1511.0,43,34.7,0,11,Friday,4,0,No Promotion
2025-11-22,Electronics,Hyderabad,38,271.96,10334.48,18,25.4,0,11,Saturday,5,1,No Promotion
2025-11-22,Clothing,Mumbai,81,44.94,3640.14,56,34.8,0,11,Saturday,5,1,No Promotion
2025-11-22,Groceries,Bengaluru,304,11.32,3441.28,249,25.1,0,11,Saturday,5,1,No Promotion
2025-11-22,Furniture,Bengaluru,14,411.77,5764.78,6,34.2,0,11,Saturday,5,1,No Promotion
2025-11-22,Toys,Mumbai,63,29.63,1866.6899999999998,41,55.9,0,11,Saturday,5,1,No Promotion
2025-11-23,Electronics,Delhi,46,249.1,11458.6,35,18.4,0,11,Sunday,6,1,No Promotion
2025-11-23,Clothing,Hyderabad,76,42.31,3215.5600000000004,35,43.4,0,11,Sunday,6,1,No Promotion
2025-11-23,Groceries,Mumbai,283,11.63,3291.2900000000004,125,34.6,0,11,Sunday,6,1,No Promotion
2025-11-23,Furniture,Mumbai,8,385.23,3081.84,5,52.8,0,11,Sunday,6,1,No Promotion
2025-11-23,Toys,Hyderabad,58,31.46,1824.68,23,29.0,0,11,Sunday,6,1,No Promotion
2025-11-24,Electronics,Bengaluru,25,221.25,5531.25,12,29.0,0,11,Monday,0,0,No Promotion
2025-11-24,Clothing,Hyderabad,74,45.45,3363.3,52,64.7,0,11,Monday,0,0,No Promotion
2025-11-24,Groceries,Mumbai,193,12.01,2317.93,88,44.7,0,11,Monday,0,0,No Promotion
2025-11-24,Furniture,Delhi,8,359.16,2873.28,6,42.2,0,11,Monday,0,0,No Promotion
2025-11-24,Toys,Bengaluru,47,29.32,1378.04,40,22.5,0,11,Monday,0,0,No Promotion
2025-11-25,Electronics,Hyderabad,31,240.8,7464.8,28,32.4,0,11,Tuesday,1,0,No Promotion
2025-11-25,Clothing,Chennai,69,45.08,3110.52,28,37.8,0,11,Tuesday,1,0,No Promotion
2025-11-25,Groceries,Chennai,216,12.11,2615.7599999999998,115,36.4,0,11,Tuesday,1,0,No Promotion
2025-11-25,Furniture,Delhi,13,353.27,4592.51,8,42.0,0,11,Tuesday,1,0,No Promotion
2025-11-25,Toys,Delhi,47,28.36,1332.92,35,36.7,0,11,Tuesday,1,0,No Promotion
2025-11-26,Electronics,Chennai,28,244.1,6834.8,18,24.4,0,11,Wednesday,2,0,No Promotion
2025-11-26,Clothing,Mumbai,60,46.06,2763.6000000000004,25,43.8,0,11,Wednesday,2,0,No Promotion
2025-11-26,Groceries,Delhi,197,11.73,2310.81,84,32.0,0,11,Wednesday,2,0,No Promotion
2025-11-26,Furniture,Bengaluru,12,353.45,4241.4,8,42.9,0,11,Wednesday,2,0,No Promotion
2025-11-26,Toys,Hyderabad,51,30.53,1557.03,33,21.2,0,11,Wednesday,2,0,No Promotion
2025-11-27,Electronics,Hyderabad,32,235.3,7529.6,26,26.6,0,11,Thursday,3,0,No Promotion
2025-11-27,Clothing,Delhi,78,44.19,3446.8199999999997,55,42.0,0,11,Thursday,3,0,No Promotion
2025-11-27,Groceries,Delhi,249,12.34,3072.66,158,17.8,0,11,Thursday,3,0,No Promotion
2025-11-27,Furniture,Mumbai,14,383.21,5364.94,9,30.9,0,11,Thursday,3,0,No Promotion
2025-11-27,Toys,Chennai,44,31.06,1366.6399999999999,18,46.7,0,11,Thursday,3,0,No Promotion
2025-11-28,Electronics,Chennai,33,256.3,8457.9,18,34.5,0,11,Friday,4,0,No Promotion
2025-11-28,Clothing,Mumbai,66,43.67,2882.2200000000003,47,27.5,0,11,Friday,4,0,No Promotion
2025-11-28,Groceries,Hyderabad,222,10.81,2399.82,164,31.5,0,11,Friday,4,0,No Promotion
2025-11-28,Furniture,Hyderabad,15,361.63,5424.45,11,30.6,0,11,Friday,4,0,No Promotion
2025-11-28,Toys,Mumbai,42,27.96,1174.32,18,46.5,0,11,Friday,4,0,No Promotion
2025-11-29,Electronics,Delhi,55,255.45,14049.75,36,30.2,1,11,Saturday,5,1,Promotion
2025-11-29,Clothing,Hyderabad,125,45.2,5650.0,80,44.9,1,11,Saturday,5,1,Promotion
2025-11-29,Groceries,Chennai,400,11.72,4688.0,174,24.9,1,11,Saturday,5,1,Promotion
2025-11-29,Furniture,Hyderabad,21,402.81,8459.01,9,30.5,1,11,Saturday,5,1,Promotion
2025-11-29,Toys,Chennai,58,31.73,1840.34,50,32.5,1,11,Saturday,5,1,Promotion
2025-11-30,Electronics,Mumbai,41,257.05,10539.050000000001,21,39.4,0,11,Sunday,6,1,No Promotion
2025-11-30,Clothing,Mumbai,73,49.16,3588.68,31,30.0,0,11,Sunday,6,1,No Promotion
2025-11-30,Groceries,Bengaluru,225,11.99,2697.75,149,29.5,0,11,Sunday,6,1,No Promotion
2025-11-30,Furniture,Chennai,17,407.15,6921.549999999999,8,35.9,0,11,Sunday,6,1,No Promotion
2025-11-30,Toys,Hyderabad,46,29.58,1360.6799999999998,31,26.8,0,11,Sunday,6,1,No Promotion
2025-12-01,Electronics,Chennai,33,244.89,8081.37,18,44.2,0,12,Monday,0,0,No Promotion
2025-12-01,Clothing,Bengaluru,62,42.6,2641.2000000000003,42,30.2,0,12,Monday,0,0,No Promotion
2025-12-01,Groceries,Hyderabad,175,11.92,2086.0,99,40.6,0,12,Monday,0,0,No Promotion
2025-12-01,Furniture,Delhi,8,387.95,3103.6,4,35.3,0,12,Monday,0,0,No Promotion
2025-12-01,Toys,Hyderabad,47,28.01,1316.47,19,38.6,0,12,Monday,0,0,No Promotion
2025-12-02,Electronics,Chennai,29,250.08,7252.320000000001,20,19.2,0,12,Tuesday,1,0,No Promotion
2025-12-02,Clothing,Mumbai,59,50.34,2970.0600000000004,24,46.7,0,12,Tuesday,1,0,No Promotion
2025-12-02,Groceries,Delhi,255,12.03,3067.6499999999996,207,23.1,0,12,Tuesday,1,0,No Promotion
2025-12-02,Furniture,Bengaluru,4,405.5,1622.0,2,36.6,0,12,Tuesday,1,0,No Promotion
2025-12-02,Toys,Delhi,45,28.72,1292.3999999999999,20,25.4,0,12,Tuesday,1,0,No Promotion
2025-12-03,Electronics,Mumbai,28,246.26,6895.28,13,33.5,0,12,Wednesday,2,0,No Promotion
2025-12-03,Clothing,Bengaluru,68,45.79,3113.72,40,46.5,0,12,Wednesday,2,0,No Promotion
2025-12-03,Groceries,Mumbai,172,11.7,2012.3999999999999,134,32.2,0,12,Wednesday,2,0,No Promotion
2025-12-03,Furniture,Delhi,8,425.45,3403.6,3,33.2,0,12,Wednesday,2,0,No Promotion
2025-12-03,Toys,Delhi,48,29.63,1422.24,28,23.2,0,12,Wednesday,2,0,No Promotion
2025-12-04,Electronics,Mumbai,39,248.4,9687.6,17,20.4,0,12,Thursday,3,0,No Promotion
2025-12-04,Clothing,Hyderabad,63,40.44,2547.72,50,30.8,0,12,Thursday,3,0,No Promotion
2025-12-04,Groceries,Mumbai,235,10.39,2441.65,118,47.7,0,12,Thursday,3,0,No Promotion
2025-12-04,Furniture,Mumbai,6,385.92,2315.52,4,35.2,0,12,Thursday,3,0,No Promotion
2025-12-04,Toys,Mumbai,48,30.98,1487.04,29,31.1,0,12,Thursday,3,0,No Promotion
2025-12-05,Electronics,Mumbai,32,263.72,8439.04,18,22.3,0,12,Friday,4,0,No Promotion
2025-12-05,Clothing,Mumbai,77,41.54,3198.58,35,34.0,0,12,Friday,4,0,No Promotion
2025-12-05,Groceries,Delhi,248,12.51,3102.48,124,53.7,0,12,Friday,4,0,No Promotion
2025-12-05,Furniture,Mumbai,8,384.39,3075.12,3,41.3,0,12,Friday,4,0,No Promotion
2025-12-05,Toys,Bengaluru,40,30.02,1200.8,35,47.8,0,12,Friday,4,0,No Promotion
2025-12-06,Electronics,Bengaluru,28,253.1,7086.8,11,29.8,0,12,Saturday,5,1,No Promotion
2025-12-06,Clothing,Delhi,104,41.17,4281.68,63,36.4,0,12,Saturday,5,1,No Promotion
2025-12-06,Groceries,Mumbai,288,13.45,3873.6,194,27.7,0,12,Saturday,5,1,No Promotion
2025-12-06,Furniture,Chennai,15,415.71,6235.65,9,40.1,0,12,Saturday,5,1,No Promotion
2025-12-06,Toys,Hyderabad,53,28.2,1494.6,33,39.5,0,12,Saturday,5,1,No Promotion
2025-12-07,Electronics,Delhi,35,242.86,8500.1,15,32.1,0,12,Sunday,6,1,No Promotion
2025-12-07,Clothing,Delhi,103,42.72,4400.16,61,24.2,0,12,Sunday,6,1,No Promotion
2025-12-07,Groceries,Chennai,306,12.79,3913.74,220,45.0,0,12,Sunday,6,1,No Promotion
2025-12-07,Furniture,Mumbai,13,381.56,4960.28,9,41.5,0,12,Sunday,6,1,No Promotion
2025-12-07,Toys,Delhi,66,29.29,1933.1399999999999,26,36.1,0,12,Sunday,6,1,No Promotion
2025-12-08,Electronics,Hyderabad,31,257.09,7969.789999999999,13,47.4,0,12,Monday,0,0,No Promotion
2025-12-08,Clothing,Mumbai,63,43.55,2743.6499999999996,43,24.8,0,12,Monday,0,0,No Promotion
2025-12-08,Groceries,Hyderabad,211,11.83,2496.13,127,28.0,0,12,Monday,0,0,No Promotion
2025-12-08,Furniture,Mumbai,11,402.25,4424.75,5,26.2,0,12,Monday,0,0,No Promotion
2025-12-08,Toys,Hyderabad,33,30.18,995.9399999999999,13,28.8,0,12,Monday,0,0,No Promotion
2025-12-09,Electronics,Hyderabad,30,268.91,8067.300000000001,18,49.8,0,12,Tuesday,1,0,No Promotion
2025-12-09,Clothing,Hyderabad,79,43.62,3445.98,36,36.3,0,12,Tuesday,1,0,No Promotion
2025-12-09,Groceries,Chennai,225,12.07,2715.75,140,26.7,0,12,Tuesday,1,0,No Promotion
2025-12-09,Furniture,Delhi,13,398.13,5175.69,6,30.0,0,12,Tuesday,1,0,No Promotion
2025-12-09,Toys,Bengaluru,46,27.77,1277.42,19,44.1,0,12,Tuesday,1,0,No Promotion
2025-12-10,Electronics,Chennai,23,228.45,5254.349999999999,16,34.0,0,12,Wednesday,2,0,No Promotion
2025-12-10,Clothing,Delhi,83,46.35,3847.05,47,24.7,0,12,Wednesday,2,0,No Promotion
2025-12-10,Groceries,Mumbai,199,11.95,2378.0499999999997,82,57.2,0,12,Wednesday,2,0,No Promotion
2025-12-10,Furniture,Mumbai,9,375.54,3379.86,4,40.6,0,12,Wednesday,2,0,No Promotion
2025-12-10,Toys,Hyderabad,36,29.39,1058.04,25,21.8,0,12,Wednesday,2,0,No Promotion
2025-12-11,Electronics,Bengaluru,30,259.39,7781.7,20,37.3,0,12,Thursday,3,0,No Promotion
2025-12-11,Clothing,Bengaluru,67,46.14,3091.38,31,39.8,0,12,Thursday,3,0,No Promotion
2025-12-11,Groceries,Bengaluru,205,12.15,2490.75,99,18.0,0,12,Thursday,3,0,No Promotion
2025-12-11,Furniture,Hyderabad,13,370.33,4814.29,6,39.1,0,12,Thursday,3,0,No Promotion
2025-12-11,Toys,Hyderabad,48,29.47,1414.56,27,34.2,0,12,Thursday,3,0,No Promotion
2025-12-12,Electronics,Chennai,37,272.37,10077.69,16,33.9,0,12,Friday,4,0,No Promotion
2025-12-12,Clothing,Hyderabad,71,48.31,3430.01,42,35.9,0,12,Friday,4,0,No Promotion
2025-12-12,Groceries,Hyderabad,228,12.55,2861.4,108,35.7,0,12,Friday,4,0,No Promotion
2025-12-12,Furniture,Chennai,9,378.54,3406.86,4,41.3,0,12,Friday,4,0,No Promotion
2025-12-12,Toys,Hyderabad,51,30.32,1546.32,21,31.3,0,12,Friday,4,0,No Promotion
2025-12-13,Electronics,Chennai,41,249.07,10211.869999999999,18,31.8,0,12,Saturday,5,1,No Promotion
2025-12-13,Clothing,Hyderabad,98,47.73,4677.54,44,27.7,0,12,Saturday,5,1,No Promotion
2025-12-13,Groceries,Chennai,255,12.17,3103.35,210,20.2,0,12,Saturday,5,1,No Promotion
2025-12-13,Furniture,Bengaluru,16,390.97,6255.52,12,30.2,0,12,Saturday,5,1,No Promotion
2025-12-13,Toys,Mumbai,63,31.08,1958.04,29,32.2,0,12,Saturday,5,1,No Promotion
2025-12-14,Electronics,Mumbai,40,234.33,9373.2,29,29.6,0,12,Sunday,6,1,No Promotion
2025-12-14,Clothing,Hyderabad,83,44.26,3673.58,51,28.8,0,12,Sunday,6,1,No Promotion
2025-12-14,Groceries,Delhi,242,12.07,2920.94,175,25.8,0,12,Sunday,6,1,No Promotion
2025-12-14,Furniture,Bengaluru,12,369.29,4431.4800000000005,7,32.0,0,12,Sunday,6,1,No Promotion
2025-12-14,Toys,Bengaluru,74,28.67,2121.58,40,16.0,0,12,Sunday,6,1,No Promotion
2025-12-15,Electronics,Hyderabad,28,247.6,6932.8,16,28.1,0,12,Monday,0,0,No Promotion
2025-12-15,Clothing,Bengaluru,70,40.76,2853.2,35,36.8,0,12,Monday,0,0,No Promotion
2025-12-15,Groceries,Mumbai,220,12.08,2657.6,179,29.0,0,12,Monday,0,0,No Promotion
2025-12-15,Furniture,Hyderabad,20,397.36,7947.200000000001,9,17.8,0,12,Monday,0,0,No Promotion
2025-12-15,Toys,Mumbai,52,28.36,1474.72,34,17.4,0,12,Monday,0,0,No Promotion
2025-12-16,Electronics,Delhi,29,266.43,7726.47,13,39.3,0,12,Tuesday,1,0,No Promotion
2025-12-16,Clothing,Bengaluru,86,47.72,4103.92,40,24.7,0,12,Tuesday,1,0,No Promotion
2025-12-16,Groceries,Bengaluru,245,12.46,3052.7000000000003,219,37.0,0,12,Tuesday,1,0,No Promotion
2025-12-16,Furniture,Chennai,8,373.65,2989.2,4,39.4,0,12,Tuesday,1,0,No Promotion
2025-12-16,Toys,Mumbai,48,26.49,1271.52,33,43.9,0,12,Tuesday,1,0,No Promotion
2025-12-17,Electronics,Bengaluru,38,257.52,9785.759999999998,17,42.5,0,12,Wednesday,2,0,No Promotion
2025-12-17,Clothing,Hyderabad,69,44.49,3069.81,30,35.0,0,12,Wednesday,2,0,No Promotion
2025-12-17,Groceries,Chennai,241,12.29,2961.89,120,53.2,0,12,Wednesday,2,0,No Promotion
2025-12-17,Furniture,Mumbai,13,398.97,5186.610000000001,8,34.7,0,12,Wednesday,2,0,No Promotion
2025-12-17,Toys,Chennai,47,30.84,1449.48,30,29.5,0,12,Wednesday,2,0,No Promotion
2025-12-18,Electronics,Bengaluru,38,246.01,9348.38,19,40.7,1,12,Thursday,3,0,Promotion
2025-12-18,Clothing,Mumbai,90,49.0,4410.0,37,26.2,1,12,Thursday,3,0,Promotion
2025-12-18,Groceries,Hyderabad,277,12.37,3426.49,143,34.4,1,12,Thursday,3,0,Promotion
2025-12-18,Furniture,Delhi,18,370.53,6669.539999999999,15,34.2,1,12,Thursday,3,0,Promotion
2025-12-18,Toys,Chennai,51,30.43,1551.93,24,24.4,1,12,Thursday,3,0,Promotion
2025-12-19,Electronics,Delhi,30,245.39,7361.7,17,34.5,0,12,Friday,4,0,No Promotion
2025-12-19,Clothing,Hyderabad,77,42.52,3274.0400000000004,63,31.7,0,12,Friday,4,0,No Promotion
2025-12-19,Groceries,Chennai,246,11.87,2920.02,149,28.2,0,12,Friday,4,0,No Promotion
2025-12-19,Furniture,Bengaluru,13,399.29,5190.77,12,52.7,0,12,Friday,4,0,No Promotion
2025-12-19,Toys,Chennai,42,29.24,1228.08,36,32.5,0,12,Friday,4,0,No Promotion
2025-12-20,Electronics,Mumbai,42,237.74,9985.08,25,27.4,0,12,Saturday,5,1,No Promotion
2025-12-20,Clothing,Chennai,95,40.92,3887.4,76,44.2,0,12,Saturday,5,1,No Promotion
2025-12-20,Groceries,Bengaluru,249,12.07,3005.4300000000003,141,32.3,0,12,Saturday,5,1,No Promotion
2025-12-20,Furniture,Mumbai,15,380.49,5707.35,8,36.7,0,12,Saturday,5,1,No Promotion
2025-12-20,Toys,Delhi,71,29.78,2114.38,30,34.0,0,12,Saturday,5,1,No Promotion
2025-12-21,Electronics,Chennai,38,224.21,8519.98,24,41.5,0,12,Sunday,6,1,No Promotion
2025-12-21,Clothing,Hyderabad,83,46.43,3853.69,41,37.6,0,12,Sunday,6,1,No Promotion
2025-12-21,Groceries,Chennai,241,11.14,2684.7400000000002,173,25.1,0,12,Sunday,6,1,No Promotion
2025-12-21,Furniture,Delhi,9,392.8,3535.2000000000003,4,27.2,0,12,Sunday,6,1,No Promotion
2025-12-21,Toys,Delhi,44,28.07,1235.08,19,31.5,0,12,Sunday,6,1,No Promotion
2025-12-22,Electronics,Mumbai,32,262.41,8397.12,22,25.6,0,12,Monday,0,0,No Promotion
2025-12-22,Clothing,Delhi,71,44.52,3160.92,57,41.9,0,12,Monday,0,0,No Promotion
2025-12-22,Groceries,Chennai,189,11.57,2186.73,156,37.6,0,12,Monday,0,0,No Promotion
2025-12-22,Furniture,Chennai,12,377.91,4534.92,5,52.1,0,12,Monday,0,0,No Promotion
2025-12-22,Toys,Delhi,42,31.11,1306.62,17,39.4,0,12,Monday,0,0,No Promotion
2025-12-23,Electronics,Bengaluru,24,232.96,5591.04,20,47.3,0,12,Tuesday,1,0,No Promotion
2025-12-23,Clothing,Delhi,67,45.47,3046.49,38,26.2,0,12,Tuesday,1,0,No Promotion
2025-12-23,Groceries,Bengaluru,245,11.44,2802.7999999999997,161,32.6,0,12,Tuesday,1,0,No Promotion
2025-12-23,Furniture,Hyderabad,12,375.76,4509.12,5,66.1,0,12,Tuesday,1,0,No Promotion
2025-12-23,Toys,Bengaluru,55,29.47,1620.85,29,37.9,0,12,Tuesday,1,0,No Promotion
2025-12-24,Electronics,Chennai,40,240.29,9611.6,21,22.6,0,12,Wednesday,2,0,No Promotion
2025-12-24,Clothing,Delhi,75,46.45,3483.75,64,42.2,0,12,Wednesday,2,0,No Promotion
2025-12-24,Groceries,Hyderabad,221,12.52,2766.92,95,35.6,0,12,Wednesday,2,0,No Promotion
2025-12-24,Furniture,Chennai,13,405.69,5273.97,10,27.6,0,12,Wednesday,2,0,No Promotion
2025-12-24,Toys,Hyderabad,40,31.1,1244.0,18,62.2,0,12,Wednesday,2,0,No Promotion
2025-12-25,Electronics,Delhi,38,249.02,9462.76,21,23.1,1,12,Thursday,3,0,Promotion
2025-12-25,Clothing,Mumbai,78,48.95,3818.1000000000004,48,31.1,1,12,Thursday,3,0,Promotion
2025-12-25,Groceries,Chennai,348,12.37,4304.759999999999,172,45.8,1,12,Thursday,3,0,Promotion
2025-12-25,Furniture,Hyderabad,18,412.28,7421.039999999999,13,34.8,1,12,Thursday,3,0,Promotion
2025-12-25,Toys,Mumbai,52,28.97,1506.44,21,30.6,1,12,Thursday,3,0,Promotion
2025-12-26,Electronics,Bengaluru,33,258.79,8540.070000000002,19,37.4,0,12,Friday,4,0,No Promotion
2025-12-26,Clothing,Chennai,72,45.93,3306.96,61,42.9,0,12,Friday,4,0,No Promotion
2025-12-26,Groceries,Bengaluru,224,11.45,2564.7999999999997,104,50.8,0,12,Friday,4,0,No Promotion
2025-12-26,Furniture,Hyderabad,10,368.24,3682.4,5,28.5,0,12,Friday,4,0,No Promotion
2025-12-26,Toys,Chennai,40,27.6,1104.0,18,41.9,0,12,Friday,4,0,No Promotion
2025-12-27,Electronics,Chennai,29,226.15,6558.35,12,15.8,0,12,Saturday,5,1,No Promotion
2025-12-27,Clothing,Hyderabad,94,47.29,4445.26,41,39.4,0,12,Saturday,5,1,No Promotion
2025-12-27,Groceries,Hyderabad,267,11.89,3174.63,131,41.0,0,12,Saturday,5,1,No Promotion
2025-12-27,Furniture,Bengaluru,9,366.87,3301.83,7,24.4,0,12,Saturday,5,1,No Promotion
2025-12-27,Toys,Delhi,64,32.71,2093.44,42,33.9,0,12,Saturday,5,1,No Promotion
2025-12-28,Electronics,Chennai,39,224.72,8764.08,34,15.9,0,12,Sunday,6,1,No Promotion
2025-12-28,Clothing,Chennai,93,42.39,3942.27,57,24.5,0,12,Sunday,6,1,No Promotion
2025-12-28,Groceries,Bengaluru,264,11.27,2975.2799999999997,182,40.7,0,12,Sunday,6,1,No Promotion
2025-12-28,Furniture,Mumbai,15,374.39,5615.849999999999,9,38.4,0,12,Sunday,6,1,No Promotion
2025-12-28,Toys,Mumbai,48,29.66,1423.68,36,25.6,0,12,Sunday,6,1,No Promotion
2025-12-29,Electronics,Mumbai,30,256.82,7704.599999999999,19,39.0,0,12,Monday,0,0,No Promotion
2025-12-29,Clothing,Mumbai,72,44.84,3228.4800000000005,33,18.7,0,12,Monday,0,0,No Promotion
2025-12-29,Groceries,Hyderabad,170,11.71,1990.7,107,34.5,0,12,Monday,0,0,No Promotion
2025-12-29,Furniture,Bengaluru,16,386.69,6187.04,10,40.4,0,12,Monday,0,0,No Promotion
2025-12-29,Toys,Chennai,39,32.5,1267.5,30,23.5,0,12,Monday,0,0,No Promotion
2025-12-30,Electronics,Mumbai,36,266.38,9589.68,19,46.9,0,12,Tuesday,1,0,No Promotion
2025-12-30,Clothing,Bengaluru,80,45.72,3657.6,49,58.1,0,12,Tuesday,1,0,No Promotion
2025-12-30,Groceries,Hyderabad,261,12.75,3327.75,114,36.9,0,12,Tuesday,1,0,No Promotion
2025-12-30,Furniture,Mumbai,15,409.39,6140.849999999999,9,34.7,0,12,Tuesday,1,0,No Promotion
2025-12-30,Toys,Hyderabad,48,31.55,1514.4,35,51.8,0,12,Tuesday,1,0,No Promotion
